chemsys,source,material_id,formula,crystal_system,space_group_symbol,space_group_number,energy_above_hull,formation_energy,predicted_stable,band_gap,is_metal,density,n_sites,cell_volume,volume_per_atom,sphere_volume_sum,packing_fraction,packing_percent
Co-O,Co15O28_766681_POSCAR,mp-766681,Co15O28,Triclinic,P-1,2,0.023970381727576,-1.08509475116279,False,0.4962,False,4.695986603605816,43,470.99936198971426,10.953473534644518,159.40662292437395,0.3384433945960527,33.84433945960527
Co-O,Co21O40_850026_POSCAR,mp-850026,Co21O40,Tetragonal,I-4,82,0.048658195807965,-1.049597354918032,False,0.0,True,4.834274586470409,61,644.9330543088015,10.572673021455762,224.13268043709567,0.3475285984175628,34.752859841756276
Co-O,Co23O32_2740066_POSCAR,mp-2740066,Co23O32,Tetragonal,I-42m,121,0.004434659181818,-1.332651985636364,False,0.0,True,6.004672964463483,55,516.4251589850538,9.389548345182797,231.25690779675315,0.4478033336935974,44.780333369359745
Co-O,Co23O32_705564_POSCAR,mp-705564,Co23O32,Triclinic,P1,1,0.0,-1.272912193454546,True,0.0,True,5.523838474278383,55,561.3785057702239,10.206881923094981,231.25690779675315,0.41194471362857665,41.19447136285766
Co-O,Co29O40_705563_POSCAR,mp-705563,Co29O40,Triclinic,P1,1,0.095079775942028,-1.181368133913043,False,0.0,True,5.358234126387961,69,727.9768600684695,10.55038927635463,291.1659235946139,0.39996590491520356,39.99659049152036
Co-O,Co2O3_1043418_POSCAR,mp-1043418,Co2O3,Orthorhombic,Cmcm,63,0.300602043428572,-0.929350249999999,False,0.151899999999999,False,4.870760585879938,20,226.18613791865013,11.309306895932506,81.48436830210153,0.3602535904804569,36.025359048045694
Co-O,Co3O4_1271793_POSCAR,mp-1271793,Co3O4,Trigonal,R-3m,166,0.0,-1.290338224285714,True,0.0,True,5.524739582189392,14,144.750038065255,10.3392884332325,59.90901579786082,0.413879102199981,41.3879102199981
Co-O,Co5O7_1046082_POSCAR,mp-1046082,Co5O7,Orthorhombic,Cmcm,63,0.407637924285714,-0.861694277499999,False,0.0,True,4.936604523060536,24,273.57985034954805,11.399160431231168,100.65119994891162,0.3679042876158876,36.790428761588764
Co-O,Co9O13_1343966_POSCAR,mp-1343966,Co9O13,Monoclinic,C2/m,12,0.247499506396104,-1.003932737045455,False,0.0,True,4.962319998199503,22,247.08745665948916,11.231248029976781,91.06778412550658,0.3685649824426618,36.85649824426618
Co-O,CoO_1244882_POSCAR,mp-1244882,CoO,Triclinic,P1,1,0.401737901749999,-0.8700932445,False,0.2197,False,4.766298154811251,80,1044.2359859289354,13.052949824111693,383.3366329362017,0.3670977040646532,36.70977040646532
Co-O,CoO_1244939_POSCAR,mp-1244939,CoO,Triclinic,P1,1,0.409406951625,-0.8624241946250011,False,0.258099999999999,False,4.987670439084296,80,997.8887166000145,12.473608957500181,383.3366329362017,0.384147677550958,38.4147677550958
Co-O,CoO_1245089_POSCAR,mp-1245089,CoO,Triclinic,P1,1,0.368803691000001,-0.9030274552499992,False,0.2662,False,4.86844442630118,80,1022.3265619836724,12.779082024795905,383.3366329362017,0.374964954634842,37.496495463484194
Co-O,CoO_1245304_POSCAR,mp-1245304,CoO,Triclinic,P1,1,0.384123679375001,-0.887707466874999,False,0.347099999999999,False,4.769569983452121,80,1043.5196621725745,13.043995777157182,383.3366329362017,0.3673496981725357,36.73496981725357
Co-O,CoO_19275_POSCAR,mp-19275,CoO,Tetragonal,I4/mmm,139,0.131636747499999,-1.140194398750001,False,0.0,True,6.244491165818308,8,79.70449336651158,9.963061670813948,38.33366329362019,0.48094733025084824,48.09473302508482
Co-O,CoO2_1244867_POSCAR,mp-1244867,CoO2,Triclinic,P1,1,0.634333327555556,-0.438099332444445,False,0.0,True,3.723904642708839,90,1216.4339153253622,13.515932392504025,323.6302875636088,0.2660483923428316,26.604839234283162
Co-O,CoO2_1244948_POSCAR,mp-1244948,CoO2,Triclinic,P1,1,0.697332822444446,-0.375099837555555,False,0.0128,False,4.066161734206108,90,1114.0442025256768,12.378268916951965,323.6302875636088,0.2905004009983614,29.05004009983614
Co-O,CoO2_1245011_POSCAR,mp-1245011,CoO2,Triclinic,P1,1,0.697195838555557,-0.375236821444444,False,0.0235,False,3.832944308343416,90,1181.8287822322786,13.131430913691984,323.6302875636088,0.27383855633666737,27.383855633666737
Co-O,CoO2_1245099_POSCAR,mp-1245099,CoO2,Triclinic,P1,1,0.732110692,-0.340321968,False,0.134199999999999,False,3.943541119999345,90,1148.684333480473,12.763159260894145,323.6302875636088,0.28173996817996155,28.173996817996155
Co-O,CoO2_1245119_POSCAR,mp-1245119,CoO2,Triclinic,P1,1,0.588426267000001,-0.484006393,False,0.02,False,3.786956522244683,90,1196.1805944404016,13.29089549378224,323.6302875636088,0.27055303276760634,27.055303276760633
Co-O,CoO2_1349907_POSCAR,mp-1349907,CoO2,Monoclinic,Cm,8,0.181285593750001,-0.8911470662500001,False,0.0,True,4.675051004355778,48,516.7725610994554,10.76609502290532,172.60282003392473,0.3340015183211449,33.40015183211449
Co-O,CoO2_1356781_POSCAR,mp-1356781,CoO2,Trigonal,P3m1,156,0.1039418925,-0.9684907675,False,0.0,True,4.678551619777537,36,387.2894233839163,10.75803953844212,129.45211502544387,0.3342516144498974,33.42516144498974
Co-O,CoO2_1359404_POSCAR,mp-1359404,CoO2,Trigonal,P3m1,156,0.083427535555556,-0.989005124444444,False,0.0,True,4.668607847408153,36,388.1143209297573,10.780953359159925,129.45211502544387,0.3335411966127184,33.35411966127184
Co-S,Co2S3_684732_POSCAR,mp-684732,Co2S3,Tetragonal,I4_1/amd,141,0.025580784999998,-0.469395581687501,False,0.0,True,4.717072073132108,40,602.8439596849447,15.071098992123618,250.44364457461648,0.41543693115130836,41.543693115130836
Co-S,Co3S_1183733_POSCAR,mp-1183733,Co3S,Hexagonal,P6_3/mmc,194,0.489732716718748,0.256451934765625,False,0.0,True,7.684714069798743,8,90.26433513589336,11.28304189198667,59.97302888977039,0.6644155612455431,66.44155612455431
Cr-O,Cr2O3_1043379_POSCAR,mp-1043379,Cr2O3,Orthorhombic,Cmcm,63,0.2997817235,-2.0668060455,False,0.7749,False,4.342573240745863,20,232.47598456203178,11.62379922810159,104.44708163248904,0.44928116695262055,44.928116695262055
Cr-O,Cr2O3_1244912_POSCAR,mp-1244912,Cr2O3,Triclinic,P1,1,0.423322692375,-1.943265076625,False,0.523899999999999,False,4.282364478386051,80,942.9781085465381,11.787226356831727,417.78832652995555,0.44305198895223,44.305198895223
Cr-O,Cr2O3_1244988_POSCAR,mp-1244988,Cr2O3,Triclinic,P1,1,0.407002784499999,-1.9595849845,False,0.3521,False,4.134061006106509,80,976.8060872348984,12.21007609043623,417.78832652995555,0.4277085615965121,42.77085615965121
Cr-O,Cr2O3_1245064_POSCAR,mp-1245064,Cr2O3,Triclinic,P1,1,0.361666594250001,-2.004921174749999,False,0.768899999999999,False,4.249568342111131,80,950.2555626525003,11.878194533156254,417.78832652995555,0.439658911718191,43.9658911718191
Cr-O,Cr2O3_1245091_POSCAR,mp-1245091,Cr2O3,Triclinic,P1,1,0.460927050249999,-1.9056607187499992,False,0.467999999999999,False,4.196064788212092,80,962.372165329018,12.029652066612725,417.78832652995555,0.4341234520089441,43.41234520089441
Cr-O,Cr2O3_1245208_POSCAR,mp-1245208,Cr2O3,Triclinic,P1,1,0.3635256815,-2.003062087499999,False,0.274799999999999,False,4.398181746984658,80,918.1466762387288,11.47683345298411,417.78832652995555,0.4550344050053782,45.50344050053782
Cr-O,Cr2O3_1245247_POSCAR,mp-1245247,Cr2O3,Triclinic,P1,1,0.370496932249999,-1.9960908367499992,False,0.7144,False,4.298574205239804,80,939.4221818386156,11.742777272982696,417.78832652995555,0.4447290415394171,44.47290415394171
Cr-O,Cr2O3_1245257_POSCAR,mp-1245257,Cr2O3,Triclinic,P1,1,0.363245682,-2.003342087,False,0.6132000000000001,False,4.262878245697064,80,947.2885973938786,11.841107467423482,417.78832652995555,0.44103595005719354,44.103595005719356
Cr-O,Cr2O3_1245327_POSCAR,mp-1245327,Cr2O3,Triclinic,P1,1,0.461242135125001,-1.9053456338749992,False,0.3509,False,3.892824899917584,80,1037.3381949698146,12.966727437122682,417.78832652995555,0.40275035524177605,40.2750355241776
Cr-O,Cr2O3_755749_POSCAR,mp-755749,Cr2O3,Orthorhombic,Pbcn,60,0.0382896885,-2.328298080499999,False,2.405899999999999,False,5.343477129174289,20,188.93016004337684,9.446508002168843,104.44708163248904,0.5528343468745743,55.28343468745744
Cr-O,Cr2O3_776873_POSCAR,mp-776873,Cr2O3,Cubic,Ia-3,206,0.04655777275,-2.320029996249999,False,1.831,False,5.049216185988026,40,399.88146734025344,9.997036683506336,208.89416326497772,0.5223902089146648,52.23902089146648
Cr-O,Cr3O_20609_POSCAR,mp-20609,Cr3O,Cubic,Pm-3n,223,1.807543012083333,0.821464774999999,False,0.0,True,4.020374453836333,8,142.07248509011993,17.75906063626499,69.90548822335987,0.492041004132624,49.2041004132624
Cr-O,Cr3O_714896_POSCAR,mp-714896,Cr3O,Trigonal,R-3c,167,1.068191884583333,0.082113647499999,False,0.0,True,4.654227733984328,8,122.72381630930296,15.34047703866287,69.90548822335987,0.5696163167479722,56.96163167479722
Cr-O,Cr3O4_1310867_POSCAR,mp-1310867,Cr3O4,Triclinic,P-1,2,0.099153459761904,-2.154739653571429,False,1.475999999999999,False,4.6662457373939485,14,156.56920010643705,11.183514293316932,77.1310507956515,0.4926323360100018,49.26323360100018
Cr-O,Cr3O4_756253_POSCAR,mp-756253,Cr3O4,Monoclinic,C2/c,15,0.082974779047619,-2.170918334285713,False,1.077,False,4.674664397321444,14,156.28723265951,11.163373761393572,77.1310507956515,0.49352112442665425,49.35211244266542
Cr-O,Cr5O7_1046050_POSCAR,mp-1046050,Cr5O7,Orthorhombic,Cmcm,63,0.41803034486111,-1.882818874999999,False,0.7753000000000001,False,4.413398065339852,24,279.9118358791181,11.66299316162992,129.354591611896,0.46212619486286644,46.21261948628664
Cr-O,Cr6O11_1213798_POSCAR,mp-1213798,Cr6O11,Triclinic,P-1,2,0.01808806705881,-2.123403061470588,False,0.0,True,4.966650238187443,34,326.2936625018999,9.596872426526469,161.48766416359436,0.4949151109015305,49.491511090153054
Cr-O,Cr9O13_1045826_POSCAR,mp-1045826,Cr9O13,Monoclinic,C2/m,12,0.292728200151515,-2.038002178409091,False,0.7342000000000001,False,4.373918757901041,22,256.62414723703625,11.66473396531983,116.90083662219254,0.455533268715413,45.5533268715413
Cr-O,CrO_1178414_POSCAR,mp-1178414,CrO,Monoclinic,Pm,6,0.1589754825,-1.813180991666666,False,0.4958,False,4.598357171620861,12,147.325464038478,12.2771220032065,74.72252993822096,0.5071935827651978,50.71935827651978
Cr-O,CrO_754983_POSCAR,mp-754983,CrO,Tetragonal,P4_2/m,84,0.162787062916667,-1.8093694112499992,False,0.340899999999999,False,4.68569784213594,16,192.77245423325286,12.048278389578304,99.63003991762795,0.5168271593257642,51.682715932576414
Cr-O,CrO_755286_POSCAR,mp-755286,CrO,Orthorhombic,Pmm2,25,0.171272914166666,-1.80088356,False,0.0,True,4.336410476489974,12,156.2248565468726,13.018738045572716,74.72252993822096,0.47830115891834246,47.83011589183425
Cr-O,CrO2_1040967_POSCAR,mp-1040967,CrO2,Monoclinic,Cm,8,0.183367110833302,-1.864333750833332,False,0.0,True,3.817692723217861,36,438.4118557753768,12.178107104871579,163.89618502102488,0.3738406771211912,37.38406771211912
Cr-O,CrO2_1044871_POSCAR,mp-1044871,CrO2,Orthorhombic,Pmmn,59,0.176237902499966,-1.8714629591666672,False,0.0,True,3.39877099671416,24,328.2994070033026,13.679141958470941,109.26412334735014,0.33281852180211513,33.281852180211516
Cr-O,CrO2_1358572_POSCAR,mp-1358572,CrO2,Trigonal,P3m1,156,0.185104908611078,-1.8625959530555551,False,0.0,True,3.805360136426531,36,439.8326819901058,12.217574499725162,163.89618502102488,0.37263303008645404,37.2633030086454
Cr-S,Cr19S30_1226578_POSCAR,mp-1226578,Cr19S30,Triclinic,P-1,2,0.007984626530613,-0.973726733571427,False,0.0,True,3.73965749614984,49,865.8132759106196,17.66965869205346,359.2118444832512,0.4148837335688228,41.48837335688228
Cr-S,Cr19S30_1226930_POSCAR,mp-1226930,Cr19S30,Triclinic,P-1,2,0.007960951836735,-0.9737504082653052,False,0.0,True,3.721948798629433,49,869.932737683949,17.753729340488754,359.2118444832512,0.4129191015843281,41.29191015843281
Cr-S,Cr5S6_1311_POSCAR,mp-1311,Cr5S6,Trigonal,P-31c,163,0.034498021363635,-0.8685724436363611,False,0.0,True,4.282994203017067,22,350.7727781418452,15.944217188265691,170.6835247396723,0.4865928469245451,48.659284692454506
Cr-S,Cr5S8_1181961_POSCAR,mp-1181961,Cr5S8,Monoclinic,C2/m,12,0.0,-0.978720039230768,True,0.0,True,3.749503610476083,26,457.4841619855848,17.59554469175326,190.07971778293563,0.4154891766262391,41.54891766262391
Cr-S,Cr5S8_684674_POSCAR,mp-684674,Cr5S8,Triclinic,P-1,2,0.009286313076923,-0.969433726153844,False,0.0,True,3.730108942241857,39,689.7942700197237,17.6870325646083,285.11957667440333,0.4133400189976219,41.33400189976219
Cr-S,Cr5S8_849084_POSCAR,mp-849084,Cr5S8,Monoclinic,Cm,8,0.018103083076923,-0.9606169561538452,False,0.0,True,3.834891982991866,26,447.29773957245476,17.20375921432518,190.07971778293563,0.4249512147426041,42.49512147426041
Cu-O,Cu64O_1213626_POSCAR,mp-1213626,Cu64O,Orthorhombic,Amm2,38,0.032106777692306,0.002360372846153,False,0.0,True,8.839841692134591,65,766.9692800985052,11.79952738613085,617.7855999309326,0.8054893669947089,80.54893669947089
Cu-S,Cu2S_581212_POSCAR,mp-581212,Cu2S,Monoclinic,P2_1/c,14,0.012637958263891,-0.199436317465275,False,0.3475,False,5.87141141186352,144,2160.59599385499,15.004138846215207,1157.6263257724872,0.535790276879585,53.5790276879585
Cu-S,Cu39S20_685126_POSCAR,mp-685126,Cu39S20,Monoclinic,C2,5,0.157565250889831,-0.05810350408898,False,0.0,True,6.047276537592325,59,856.6182931390917,14.518954121001554,472.71021897548025,0.5518329724704173,55.18329724704173
Cu-S,Cu7S4_624299_POSCAR,mp-624299,Cu7S4,Orthorhombic,Pnma,62,0.0,-0.231353755340908,True,0.0,True,5.719907898718184,44,665.4827778457887,15.124608587404289,347.33910820527353,0.5219355327716112,52.19355327716112
Cu-S,Cu9S5_684710_POSCAR,mp-684710,Cu9S5,Triclinic,P-1,2,0.049669751116072,-0.177552687165178,False,0.0,True,5.855300080088663,28,415.31994892944715,14.832855318908827,221.90398434315705,0.5342964741162799,53.42964741162799
Fe-O,Fe10O11_705555_POSCAR,mp-705555,Fe10O11,Triclinic,P-1,2,0.044269229285715,-1.490957769047618,False,1.471499999999999,False,5.36000726856962,42,455.0635464913379,10.834846345031854,219.1753980261787,0.4816369048148986,48.163690481489866
Fe-O,Fe10O11_759504_POSCAR,mp-759504,Fe10O11,Triclinic,P-1,2,0.055957464761903,-1.479269533571429,False,1.308599999999999,False,5.43302180732747,21,224.47396694722207,10.689236521296289,109.58769901308948,0.4881978097658672,48.81978097658672
Fe-O,Fe10O11_799417_POSCAR,mp-799417,Fe10O11,Triclinic,P-1,2,0.7118553790476181,-0.8233716192857141,False,0.186299999999999,False,5.433022284851316,21,224.473947228457,10.689235582307477,109.58769901308948,0.4881978526512801,48.819785265128004
Fe-O,Fe11O12_705417_POSCAR,mp-705417,Fe11O12,Triclinic,P-1,2,0.048823839565217,-1.48173293173913,False,1.4282,False,5.377099391021433,23,248.99528408895375,10.825881916911033,120.4260428715269,0.4836478863933206,48.36478863933206
Fe-O,Fe12O13_764326_POSCAR,mp-764326,Fe12O13,Trigonal,R-3,148,0.082428968400002,-1.444204812199998,False,0.0,True,5.447533811415816,25,267.675773052567,10.707030922102682,131.2643867299643,0.4903857574894765,49.03857574894765
Fe-O,Fe13O14_705414_POSCAR,mp-705414,Fe13O14,Trigonal,R-3,148,0.071216152222222,-1.45207582148148,False,0.0,True,5.469700615946762,27,288.40212098125676,10.681560036342843,142.10273058840158,0.49272429101739107,49.27242910173911
Fe-O,Fe13O15_756693_POSCAR,mp-756693,Fe13O15,Triclinic,P-1,2,0.07654428,-1.4855365237499991,False,0.0,True,5.281951338778727,28,303.6833895516924,10.845835341131872,143.30699101711684,0.47189604682913816,47.18960468291382
Fe-O,Fe13O19_1195927_POSCAR,mp-1195927,Fe13O19,Monoclinic,C2/m,12,0.301966283125,-1.391026822031249,False,0.0,True,5.466172176809756,32,312.8901443291454,9.777817010285794,148.12403273197788,0.4734058755655739,47.34058755655739
Fe-O,Fe14O15_764417_POSCAR,mp-764417,Fe14O15,Tetragonal,I4/m,87,0.058281217931034,-1.46212988775862,False,1.019,False,5.535763190533974,29,306.51124921857155,10.569353421330053,152.94107444683897,0.49897377286070665,49.897377286070665
Fe-O,Fe15O16_1224936_POSCAR,mp-1224936,Fe15O16,Trigonal,R-3m,166,0.083438771935481,-1.434463190645161,False,1.4826,False,5.279270051147933,31,344.000989474611,11.096806112084225,163.77941830527638,0.4761015907408142,47.61015907408142
Fe-O,Fe15O16_705551_POSCAR,mp-705551,Fe15O16,Triclinic,P1,1,0.076338671935481,-1.441563290645162,False,1.188899999999999,False,5.292031228843319,31,343.17146763855703,11.07004734317926,163.77941830527638,0.4772524342780616,47.725243427806156
Fe-O,Fe17O18_705424_POSCAR,mp-705424,Fe17O18,Triclinic,P-1,2,0.039687615428572,-1.474056338571428,False,1.5382999999999991,False,5.436285627042804,35,377.9556722027213,10.798733491506322,185.4561060221512,0.49068216106220913,49.068216106220916
Fe-O,Fe21O23_706875_POSCAR,mp-706875,Fe21O23,Triclinic,P1,1,0.052305590227271,-1.480480153068182,False,1.3538,False,5.389339168694853,44,474.72320218999556,10.789163686136263,230.0137418846161,0.48452180307074844,48.45218030707484
Fe-O,Fe21O32_530048_POSCAR,mp-530048,Fe21O32,Trigonal,R32,155,0.194703725518867,-1.496282992075471,False,0.0,True,4.907492038690592,53,570.0575748110523,10.75580329832174,240.85208574305344,0.42250484229226276,42.250484229226274
Fe-O,Fe23O25_705553_POSCAR,mp-705553,Fe23O25,Triclinic,P-1,2,0.049515041666666,-1.4789985053125,False,1.2771,False,5.4157114538457485,48,516.4686554147675,10.759763654474321,251.69042960149093,0.4873295348376224,48.732953483762245
Fe-O,Fe23O32_774295_POSCAR,mp-774295,Fe23O32,Trigonal,R-3m,166,0.186604187636363,-1.479474080727273,False,0.009599999999999,False,5.17346830781311,55,576.599379020178,10.483625073094146,260.12025260249777,0.45112822189389645,45.11282218938965
Fe-O,Fe23O32_776135_POSCAR,mp-776135,Fe23O32,Triclinic,P1,1,0.10706625781818,-1.559012010545455,False,0.67,False,4.955894132261324,55,601.9133048242493,10.943878269531805,260.12025260249777,0.4321556784302175,43.21556784302175
Fe-O,Fe25O32_1194978_POSCAR,mp-1194978,Fe25O32,Orthorhombic,Amm2,38,0.183070054736841,-1.4369584343859652,False,0.0,True,5.475857621866749,57,578.627941892825,10.151367401628509,279.3884194619421,0.4828464013472947,48.284640134729464
Fe-O,Fe2O3_1178392_POSCAR,mp-1178392,Fe2O3,Orthorhombic,Pbca,61,0.112855113249999,-1.5942362397499998,False,1.565599999999999,False,5.046847806969959,40,420.3312716643805,10.508281791609512,183.0475851647206,0.4354840991009528,43.54840991009528
Fe-O,Fe2O3_1244869_POSCAR,mp-1244869,Fe2O3,Triclinic,P1,1,0.289509619,-1.417581733999999,False,0.220199999999999,False,4.319354363385391,80,982.2523360185846,12.278154200232308,366.0951703294411,0.3727099004043645,37.27099004043645
Fe-O,Fe2O3_1244911_POSCAR,mp-1244911,Fe2O3,Triclinic,P1,1,0.273894864124999,-1.433196488874999,False,0.283199999999999,False,4.336495594126958,80,978.3697036579189,12.229621295723986,366.0951703294411,0.3741889890505482,37.41889890505482
Fe-O,Fe2O3_1245019_POSCAR,mp-1245019,Fe2O3,Triclinic,P1,1,0.288652213374998,-1.418439139625,False,1.1378,False,4.1502131193736,80,1022.2838667237734,12.778548334047168,366.0951703294411,0.35811498375955686,35.811498375955686
Fe-O,Fe2O3_1245078_POSCAR,mp-1245078,Fe2O3,Triclinic,P1,1,0.305821140125,-1.401270212874999,False,1.1123,False,4.009734414947935,80,1058.0989847912524,13.226237309890655,366.0951703294411,0.3459933102588378,34.59933102588378
Fe-O,Fe2O3_1245084_POSCAR,mp-1245084,Fe2O3,Triclinic,P1,1,0.552117231375,-1.1549741216249991,False,0.121099999999999,False,3.898581659245356,80,1088.2665243484414,13.603331554355517,366.0951703294411,0.3364021240556184,33.64021240556184
Fe-O,Fe2O3_1245154_POSCAR,mp-1245154,Fe2O3,Triclinic,P1,1,0.320876272999999,-1.386215079999999,False,0.3798,False,4.0128891963999,80,1057.2671469376655,13.21583933672082,366.0951703294411,0.3462655312707124,34.62655312707124
Fe-O,Fe2O3_1245277_POSCAR,mp-1245277,Fe2O3,Triclinic,P1,1,0.344294899124999,-1.362796453875,False,0.3018,False,3.897868355487951,80,1088.4656751242535,13.605820939053169,366.0951703294411,0.3363405743480607,33.63405743480607
Fe-O,Fe2O3_1356129_POSCAR,mp-1356129,Fe2O3,Orthorhombic,I2_12_12_1,24,0.084659009499999,-1.6224323435,False,1.3134,False,4.936930554661182,40,429.6896493389042,10.742241233472605,183.0475851647206,0.42599952185570933,42.599952185570935
Fe-O,Fe2O3_1456_POSCAR,mp-1456,Fe2O3,Tetragonal,P4_12_12,92,0.119359881249999,-1.58773147175,False,1.5673,False,4.561835814321036,160,1860.0826885883926,11.625516803677453,732.1903406588875,0.3936332213351994,39.363322133519944
Fe-O,Fe2O3_510080_POSCAR,mp-510080,Fe2O3,Orthorhombic,Pbcn,60,0.130721205499998,-1.5763701475,False,1.309499999999999,False,5.117896034929836,20,207.24805096879575,10.362402548439787,91.52379258236044,0.44161473246443556,44.161473246443556
Fe-O,Fe2O3_542896_POSCAR,mp-542896,Fe2O3,Orthorhombic,Pna2_1,33,0.115844584499999,-1.5912467684999991,False,1.492699999999999,False,4.73497832592565,40,448.01640273307197,11.2004100683268,183.0475851647206,0.40857340054529273,40.857340054529274
Fe-O,Fe2O3_565814_POSCAR,mp-565814,Fe2O3,Cubic,Ia-3,206,0.07129889575,-1.635792457249999,False,1.3902,False,4.861809518610571,40,436.32889201515735,10.908222300378934,183.0475851647206,0.4195174523495956,41.95174523495956
Fe-O,Fe2O3_685153_POSCAR,mp-685153,Fe2O3,Triclinic,P1,1,0.225357668374999,-1.481733684625,False,0.9977,False,4.680793644563326,160,1812.8104919350524,11.330065574594077,732.1903406588875,0.40389789441108315,40.38978944110831
Fe-O,Fe2O3_705547_POSCAR,mp-705547,Fe2O3,Monoclinic,Cm,8,0.159852931749998,-1.547238421249999,False,0.8169999999999991,False,4.663633340380051,40,454.87022648039635,11.371755662009909,183.0475851647206,0.4024171610023138,40.24171610023138
Fe-O,Fe2O3_715276_POSCAR,mp-715276,Fe2O3,Orthorhombic,Pna2_1,33,0.133946274999999,-1.573145078,False,1.5103,False,5.190255644121662,20,204.35871573067624,10.217935786533811,91.52379258236044,0.4478585229659565,44.78585229659565
Fe-O,Fe2O3_715572_POSCAR,mp-715572,Fe2O3,Monoclinic,C2,5,0.077177550749999,-1.62991380225,False,1.346499999999999,False,5.186320480047868,40,409.02754961575226,10.225688740393807,183.0475851647206,0.4475189637878396,44.75189637878396
Fe-O,Fe2O3_776606_POSCAR,mp-776606,Fe2O3,Triclinic,P1,1,0.12302155375,-1.584069799249999,False,0.0,True,5.142396889299271,40,412.5212431591966,10.313031078979915,183.0475851647206,0.443728870210159,44.3728870210159
Fe-O,Fe32O35_863766_POSCAR,mp-863766,Fe32O35,Triclinic,P1,1,0.056813519104478,-1.475207054701491,False,0.507899999999999,False,5.322067135883766,67,732.2937950866661,10.929758135621883,350.4397847561427,0.47855080448233017,47.85508044823302
Fe-O,Fe35O36_694910_POSCAR,mp-694910,Fe35O36,Triclinic,P1,1,0.783358684929577,-0.714046052253521,False,0.2105,False,5.594512857973422,71,751.1078952983328,10.57898444082159,380.54629547402436,0.5066466453835837,50.66466453835837
Fe-O,Fe38O39_705753_POSCAR,mp-705753,Fe38O39,Triclinic,P-1,2,0.070897244545454,-1.425269673181818,False,1.391099999999999,False,5.574941199940421,77,817.9429912804914,10.622636250395992,413.0613270493365,0.505000142372622,50.50001423726221
Fe-O,Fe3O4_1181546_POSCAR,mp-1181546,Fe3O4,Monoclinic,P2/m,10,0.07338724642857,-1.5692549735714292,False,0.0,True,4.845771446944877,28,317.36447469047073,11.33444552465967,134.87716801611006,0.4249913861583195,42.49913861583195
Fe-O,Fe3O4_1181570_POSCAR,mp-1181570,Fe3O4,Monoclinic,Pc,7,0.129985500714285,-1.512656719285713,False,0.325099999999999,False,5.316617117936567,28,289.25831528098723,10.330654117178115,134.87716801611006,0.46628622546283444,46.628622546283445
Fe-O,Fe3O4_1181657_POSCAR,mp-1181657,Fe3O4,Monoclinic,P2/m,10,0.037790486071429,-1.60485173392857,False,1.0663,False,4.8143827842223885,28,319.433617591323,11.408343485404393,134.87716801611006,0.42223848896414284,42.22384889641428
Fe-O,Fe3O4_1181813_POSCAR,mp-1181813,Fe3O4,Orthorhombic,Pmc2_1,26,0.04589312,-1.596749099999999,False,0.9056,False,4.797830125382538,56,641.0713467448027,11.447702620442906,269.7543360322199,0.4207867617262319,42.07867617262319
Fe-O,Fe3O4_1182229_POSCAR,mp-1182229,Fe3O4,Monoclinic,Pm,6,0.122136762499999,-1.5205054575,False,0.0895,False,4.881523494639987,56,630.0802246152151,11.251432582414555,269.7543360322199,0.42812696779518306,42.812696779518305
Fe-O,Fe3O4_1182249_POSCAR,mp-1182249,Fe3O4,Triclinic,P1,1,0.04983664017857,-1.592805579821429,False,0.739899999999999,False,4.828675635737682,56,636.9761922269169,11.374574861194944,269.7543360322199,0.42349202265965136,42.34920226596513
Fe-O,Fe3O4_1185276_POSCAR,mp-1185276,Fe3O4,Triclinic,P1,1,0.056248603928571,-1.586393616071428,False,0.637,False,4.83540399589643,56,636.0898538588089,11.358747390335873,269.7543360322199,0.42408212361157477,42.408212361157474
Fe-O,Fe3O4_1192788_POSCAR,mp-1192788,Fe3O4,Orthorhombic,Pbcm,57,0.106228493571427,-1.536413726428572,False,0.776999999999999,False,5.302270109103383,28,290.0409972184424,10.3586070435158,134.87716801611006,0.4650279419448012,46.50279419448012
Fe-O,Fe3O4_1271729_POSCAR,mp-1271729,Fe3O4,Monoclinic,C2,5,0.059214723214285,-1.583427496785713,False,0.122099999999999,False,4.873158960067088,28,315.5808632019095,11.270745114353911,134.87716801611006,0.42739336805037914,42.739336805037915
Fe-O,Fe3O4_1271821_POSCAR,mp-1271821,Fe3O4,Monoclinic,C2/c,15,0.021696243214284,-1.620945976785714,False,1.0229,False,4.895509829492854,28,314.1400514030867,11.21928755011024,134.87716801611006,0.42935361923349064,42.93536192334906
Fe-O,Fe3O4_1271978_POSCAR,mp-1271978,Fe3O4,Triclinic,P1,1,0.026525355714285,-1.616116864285713,False,1.208999999999999,False,4.883382401602214,28,314.9201890587627,11.247149609241523,134.87716801611006,0.42829000077522056,42.82900007752205
Fe-O,Fe3O4_1379262_POSCAR,mp-1379262,Fe3O4,Monoclinic,Pm,6,0.9738703048214272,-0.668771915178572,False,0.0,True,4.881486573801198,56,630.0849900869565,11.251517680124223,269.7543360322199,0.4281237297765048,42.81237297765048
Fe-O,Fe3O4_505595_POSCAR,mp-505595,Fe3O4,Orthorhombic,Pbcm,57,0.163902581071427,-1.478739638928572,False,0.4689,False,4.85191092002368,28,316.9628909743693,11.32010324908462,134.87716801611006,0.4255298391603094,42.55298391603094
Fe-O,Fe3O4_510252_POSCAR,mp-510252,Fe3O4,Orthorhombic,Pmma,51,0.072489578928571,-1.570152641071427,False,0.2435,False,4.865094753207108,28,316.1039584999049,11.289427089282317,134.87716801611006,0.4266861087604844,42.66861087604844
Fe-O,Fe3O4_650112_POSCAR,mp-650112,Fe3O4,Orthorhombic,Pbcm,57,0.056803058035713,-1.585839161964286,False,0.9248,False,4.858082404591047,56,633.1204709547707,11.305722695620904,269.7543360322199,0.42607110085292255,42.607110085292256
Fe-O,Fe3O4_705416_POSCAR,mp-705416,Fe3O4,Orthorhombic,Pbcm,57,0.143233915178571,-1.499408304821428,False,1.002399999999999,False,4.863682579556946,56,632.3914790121753,11.292704982360274,269.7543360322199,0.4265622561100738,42.65622561100738
Fe-O,Fe3O4_715275_POSCAR,mp-715275,Fe3O4,Orthorhombic,Pmc2_1,26,0.111368328571427,-1.531273891428572,False,0.6627999999999991,False,5.308684650818393,28,289.6905372250454,10.346090615180191,134.87716801611006,0.46559052051925004,46.559052051925
Fe-O,Fe3O4_715558_POSCAR,mp-715558,Fe3O4,Trigonal,R-3m,166,0.075948473571429,-1.56669374642857,False,0.0367,False,4.9126128500397535,28,313.0463881829342,11.180228149390507,134.87716801611006,0.4308536150153318,43.08536150153318
Fe-O,Fe3O4_715811_POSCAR,mp-715811,Fe3O4,Monoclinic,C2/m,12,0.076250695,-1.566391524999999,False,0.032,False,4.9148412460464055,28,312.90445258359847,11.175159020842802,134.87716801611006,0.43104905316128417,43.104905316128416
Fe-O,Fe3O4_716052_POSCAR,mp-716052,Fe3O4,Orthorhombic,Pmna,53,0.072833862142857,-1.569808357857142,False,0.0201,False,4.91902916928349,28,312.63805456837696,11.165644806013463,134.87716801611006,0.43141634885848845,43.141634885848845
Fe-O,Fe41O56_757565_POSCAR,mp-757565,Fe41O56,Trigonal,R3,146,0.084820278144329,-1.571110422886596,False,0.0,True,4.882269890328527,97,1083.4780331249497,11.16987663015412,462.4360046266623,0.4268069960707112,42.68069960707112
Fe-O,Fe43O64_530050_POSCAR,mp-530050,Fe43O64,Monoclinic,C2,5,0.116109504953271,-1.586765549626167,False,0.773099999999999,False,4.582091167252546,107,1241.3194343757948,11.601116209119578,491.3382549158286,0.3958193526252983,39.58193526252983
Fe-O,Fe4O5_1188678_POSCAR,mp-1188678,Fe4O5,Orthorhombic,Cmcm,63,0.087599981666665,-1.519237164444444,False,0.0,True,5.323365848378666,18,189.26723200208988,10.514846222338328,89.1152717249299,0.4708436361765247,47.08436361765247
Fe-O,Fe5O7_1326275_POSCAR,mp-1326275,Fe5O7,Orthorhombic,Cmcm,63,0.211926544999998,-1.457569480416667,False,1.035299999999999,False,4.491966050408679,24,289.24413752872454,12.051839063696855,113.2004802992353,0.3913665503004135,39.136655030041354
Fe-O,Fe5O8_510746_POSCAR,mp-510746,Fe5O8,Cubic,P4_332,212,0.16345176730769,-1.47798222596154,False,0.0,True,4.531623395451715,52,596.8766526250672,11.478397165866678,231.21800231333128,0.38737987370829985,38.737987370829984
Fe-O,Fe7O8_32939_POSCAR,mp-32939,Fe7O8,Cubic,Fm-3m,225,0.097942258666666,-1.458767783999999,False,0.0,True,5.280804438683561,15,163.1703404447002,10.878022696313346,77.0726674377772,0.4723448344087863,47.23448344087863
Fe-O,Fe7O8_715333_POSCAR,mp-715333,Fe7O8,Triclinic,P-1,2,0.062856898333333,-1.493853144333332,False,1.0723,False,5.192107005723737,30,331.915601380833,11.063853379361099,154.14533487555423,0.46441123657423716,46.44112365742372
Fe-O,Fe7O9_705558_POSCAR,mp-705558,Fe7O9,Triclinic,P1,1,0.217730849999999,-1.404771015937501,False,1.138699999999999,False,4.103433687571809,48,649.3866035141259,13.528887573210957,234.83078359947714,0.3616193840906189,36.16193840906189
Fe-O,Fe8O17_1182503_POSCAR,mp-1182503,Fe8O17,Triclinic,P1,1,0.250517038399999,-1.115156043999999,False,0.0,True,3.835494562133533,50,622.3510953713715,12.447021907427429,195.0901894518732,0.31347287873809926,31.347287873809925
Fe-O,Fe8O9_705588_POSCAR,mp-705588,Fe8O9,Triclinic,P1,1,0.048550902647059,-1.499313180588234,False,1.2314,False,5.297060844147451,34,370.38316942653177,10.89362263019211,175.82202259242905,0.47470305647164307,47.47030564716431
Fe-O,Fe8O9_763787_POSCAR,mp-763787,Fe8O9,Triclinic,P-1,2,0.061250607647057,-1.486613475588236,False,1.4134,False,5.334808065625745,17,183.88123455433424,10.816543209078485,87.91101129621462,0.4780858226739727,47.80858226739727
Fe-O,Fe9O10_759037_POSCAR,mp-759037,Fe9O10,Triclinic,P-1,2,0.038784599999999,-1.502095831052631,False,1.6184,False,5.35064290854976,19,205.6335180806799,10.822816741088415,98.74935515465205,0.48022013179732664,48.02201317973267
Fe-O,Fe9O13_1342828_POSCAR,mp-1342828,Fe9O13,Monoclinic,C2/m,12,0.263188419090908,-1.42339639159091,False,0.0,True,4.536255781329282,22,260.1207842679543,11.823672012179742,102.36213644079787,0.3935177141990818,39.35177141990818
Fe-O,FeO_1178247_POSCAR,mp-1178247,FeO,Trigonal,P31c,159,0.11126774625,-1.370251641249999,False,2.0878,False,5.563370810704058,24,257.32694135583426,10.721955889826427,130.06012630124903,0.5054275530419513,50.54275530419513
Fe-O,FeO_1244983_POSCAR,mp-1244983,FeO,Triclinic,P1,1,0.277820616499998,-1.203698771,False,0.2905,False,4.367429083951232,80,1092.6376181677772,13.657970227097215,433.533754337496,0.3967772545342896,39.677725453428955
Fe-O,FeO_1245001_POSCAR,mp-1245001,FeO,Triclinic,P1,1,0.320338192749999,-1.16118119475,False,0.0459,False,4.3627101889764255,80,1093.8194630725034,13.672743288406291,433.533754337496,0.39634854651398665,39.63485465139867
Fe-O,FeO_1245168_POSCAR,mp-1245168,FeO,Triclinic,P1,1,0.305694720749999,-1.17582466675,False,0.0541,False,4.149972363074716,80,1149.8913492681863,14.37364186585233,433.533754337496,0.3770214939119296,37.702149391192954
Fe-O,FeO_849689_POSCAR,mp-849689,FeO,Hexagonal,P-62c,190,0.103799458333332,-1.377719929166667,False,1.160999999999999,False,5.533046969906426,24,258.7372208355966,10.780717534816525,130.06012630124903,0.5026726571508245,50.26726571508245
Fe-S,Fe11S12_1225858_POSCAR,mp-1225858,Fe11S12,Monoclinic,Cc,9,0.170464786521739,-0.598720062826086,False,0.0,True,5.573466424593577,46,595.3218130304708,12.94177854414067,328.32699371346735,0.5515117815726035,55.15117815726035
Fe-S,Fe2S_684641_POSCAR,mp-684641,Fe2S,Monoclinic,Cm,8,0.298591699761906,-0.206368987738092,False,0.0,True,6.39800112631646,21,261.1715004707193,12.4367381176533,168.82050584182093,0.6463971204268051,64.63971204268051
Fe-S,Fe2S_851357_POSCAR,mp-851357,Fe2S,Monoclinic,Cm,8,0.327644877380953,-0.177315810119045,False,0.0,True,6.424253454912277,21,260.1042388332623,12.385916134917252,168.82050584182093,0.649049421874443,64.9049421874443
Fe-S,Fe3S_1189032_POSCAR,mp-1189032,Fe3S,Orthorhombic,Pnma,62,0.163449760625,-0.215270754999998,False,0.0,True,7.129732576305925,16,185.95008670863126,11.621880419289454,135.00519419992915,0.7260292081039541,72.6029208103954
Fe-S,Fe7S12_684707_POSCAR,mp-684707,Fe7S12,Monoclinic,Pc,7,0.238451485394736,-0.590070550131578,False,0.1398,False,4.673514271830085,76,1102.443922299735,14.505841082891251,502.50865255138024,0.4558133455923366,45.58133455923366
Fe-S,Fe7S8_21688_POSCAR,mp-21688,Fe7S8,Trigonal,P3_1,144,0.165681557,-0.6097666619999991,False,0.0,True,5.347088959315148,45,603.1830317471249,13.404067372158332,318.6929102837452,0.5283519156045362,52.83519156045362
Fe-S,Fe7S8_556435_POSCAR,mp-556435,Fe7S8,Trigonal,P3_121,152,0.126390304333334,-0.6490579146666651,False,0.0,True,5.522181407054188,45,584.0578380963606,12.979063068808014,318.6929102837452,0.5456529978648549,54.56529978648549
Fe-S,FeS_2779_POSCAR,mp-2779,FeS,Hexagonal,P-62c,190,0.299531570416666,-0.457909460833332,False,0.0,True,5.094471969029963,24,343.850331201194,14.327097133383084,173.79758028645583,0.5054454351674398,50.54454351674398
Hf-O,HfO2_1244883_POSCAR,mp-1244883,HfO2,Triclinic,P1,1,0.229321330343136,-3.790489710490195,False,3.7691,False,8.957833639278316,102,1326.6428294040993,13.006302249059797,845.1658242810619,0.6370711133008521,63.70711133008521
Hf-O,HfO2_1244885_POSCAR,mp-1244885,HfO2,Triclinic,P1,1,0.254510453382351,-3.7653005874509793,False,3.4783,False,8.847975226452482,102,1343.114719871292,13.167791371287176,845.1658242810619,0.6292581056382529,62.925810563825294
Hf-O,HfO2_1245107_POSCAR,mp-1245107,HfO2,Triclinic,P1,1,0.22711691504902,-3.792694125784312,False,3.7499,False,8.93962545120878,102,1329.3449294990103,13.032793426460884,845.1658242810619,0.6357761672883344,63.57761672883344
Hf-O,HfO2_1245112_POSCAR,mp-1245112,HfO2,Triclinic,P1,1,0.209907856519606,-3.809903184313724,False,3.620099999999999,False,8.934776811162463,102,1330.066326344325,13.039865944552206,845.1658242810619,0.6354313371754868,63.543133717548685
Hf-O,HfO2_1245226_POSCAR,mp-1245226,HfO2,Triclinic,P1,1,0.216772667499999,-3.803038373333333,False,3.401,False,8.793253202528755,102,1351.4731672508144,13.249736933831514,845.1658242810619,0.6253663370914793,62.53663370914793
Hf-O,HfO2_1858_POSCAR,mp-1858,HfO2,Orthorhombic,Pbca,61,0.01638392625,-4.003427114583332,False,4.2272,False,10.698913663127213,24,261.3535440977401,10.889731004072503,198.86254688966062,0.7608947779001255,76.08947779001255
Hf-O,HfO2_775757_POSCAR,mp-775757,HfO2,Orthorhombic,Pbca,61,0.00992863875,-4.00988240208333,False,4.1083,False,10.2455682122362,24,272.91790420316113,11.37157934179838,198.86254688966062,0.7286533562914458,72.86533562914458
Hf-O,HfO2_776097_POSCAR,mp-776097,HfO2,Orthorhombic,Pbcn,60,0.039298047777778,-3.980512993055552,False,4.264,False,9.471347955396345,36,442.840715548976,12.301130987471556,298.293820334491,0.6735916772347939,67.35916772347939
Mn-O,Mn15O32_776603_POSCAR,mp-776603,Mn15O32,Monoclinic,C2/m,12,0.13769114324468,-1.6072824010418212,False,0.0346,False,3.978051832994468,47,557.701549435355,11.865990413518192,207.27875213371158,0.37166608617740254,37.16660861774025
Mn-O,Mn15O32_867971_POSCAR,mp-867971,Mn15O32,Monoclinic,C2/m,12,0.117386878563829,-1.6275866657226712,False,0.0,True,3.961701768714472,47,560.0031996690071,11.914961695085259,207.27875213371158,0.37013851395175024,37.013851395175024
Mn-O,Mn20O43_1222372_POSCAR,mp-1222372,Mn20O43,Triclinic,P-1,2,0.1481496255291,-1.587591254501915,False,0.052,False,4.084623945045255,63,726.3688103431087,11.529663656239821,276.7730896545205,0.38103658322524,38.103658322524
Mn-O,Mn21O40_766493_POSCAR,mp-766493,Mn21O40,Tetragonal,I-4,82,0.067233391386613,-1.786670257156586,False,0.0,True,4.151273859551081,61,717.4827352209874,11.76201205280307,284.4098029293629,0.3963995075669154,39.63995075669154
Mn-O,Mn21O40_849596_POSCAR,mp-849596,Mn21O40,Monoclinic,C2,5,0.057628469911204,-1.796275178631996,False,0.129599999999999,False,4.135748875875307,61,720.1760564919923,11.806164860524465,284.4098029293629,0.3949170489154207,39.49170489154207
Mn-O,Mn2O3_1043363_POSCAR,mp-1043363,Mn2O3,Orthorhombic,Cmcm,63,0.227346481874999,-1.7865733616724122,False,0.0,True,4.382243548995705,20,239.28969119930142,11.96448455996507,104.44708163248904,0.43648801212040667,43.64880121204067
Mn-O,Mn2O3_1172875_POSCAR,mp-1172875,Mn2O3,Orthorhombic,Pbca,61,0.0,-2.013919843547413,True,0.0721,False,4.717691499808666,80,889.1007007723838,11.113758759654797,417.78832652995555,0.4698998956665004,46.989989566650046
Mn-O,Mn2O3_1203190_POSCAR,mp-1203190,Mn2O3,Trigonal,R-3,148,0.076406079249998,-1.937513764297413,False,0.2188,False,5.003428008135471,80,838.3258064022893,10.479072580028618,417.78832652995555,0.49836033119738,49.836033119738
Mn-O,Mn2O3_1204718_POSCAR,mp-1204718,Mn2O3,Triclinic,P-1,2,0.076886719624999,-1.937033123922412,False,0.127999999999999,False,4.98265037522671,80,841.8216215010336,10.52277026876292,417.78832652995555,0.4962908006389838,49.62908006389838
Mn-O,Mn2O3_1349371_POSCAR,mp-1349371,Mn2O3,Triclinic,P-1,2,2.870379208249998,0.8564593647025851,False,0.0,True,4.982650479128582,80,841.8216038593839,10.522770048242299,417.78832652995555,0.49629081103951095,49.629081103951094
Mn-O,Mn2O3_510604_POSCAR,mp-510604,Mn2O3,Cubic,Ia-3,206,0.006783344624999,-2.007136498922413,False,0.0,True,5.018577144710987,80,835.795225929392,10.4474403241174,417.78832652995555,0.49986924257120646,49.98692425712065
Mn-O,Mn2O3_565203_POSCAR,mp-565203,Mn2O3,Orthorhombic,Pbca,61,0.0001606345,-2.013759209047413,False,0.0,True,4.7211794529325015,80,888.4438433922353,11.10554804240294,417.78832652995555,0.47024730897426903,47.024730897426906
Mn-O,Mn2O3_771717_POSCAR,mp-771717,Mn2O3,Orthorhombic,Pna2_1,33,0.088202734374998,-1.925717109172413,False,0.0,True,4.658923556506842,40,450.15793537217303,11.253948384304326,208.89416326497772,0.4640463865027108,46.40463865027108
Mn-O,Mn2O3_778470_POSCAR,mp-778470,Mn2O3,Tetragonal,P4_12_12,92,0.078851421625,-1.935068421922413,False,0.0,True,4.442862741381253,160,1888.1982463422953,11.801239039639345,835.576653059916,0.4425259130912472,44.252591309124725
Mn-O,Mn3O4_1180464_POSCAR,mp-1180464,Mn3O4,Orthorhombic,Pbcm,57,0.5794239267857131,-1.4709853137561582,False,0.0,True,3.310253593166713,28,459.11990023767487,16.397139294202674,154.2621015913028,0.33599524113732643,33.59952411373264
Mn-O,Mn3O4_1180876_POSCAR,mp-1180876,Mn3O4,Monoclinic,P2_1,4,0.186082833928571,-1.864326406613301,False,0.0,True,3.064849749585875,28,495.88182900383856,17.71006532156566,154.2621015913028,0.31108641730469355,31.108641730469355
Mn-O,Mn3O4_1193728_POSCAR,mp-1193728,Mn3O4,Orthorhombic,Pbcm,57,0.218974626785714,-1.831434613756158,False,0.0,True,3.762579513540525,28,403.9258955157591,14.42592483984854,154.2621015913028,0.3819069371482876,38.19069371482876
Mn-O,Mn3O4_1194100_POSCAR,mp-1194100,Mn3O4,Orthorhombic,Cmcm,63,0.222679115,-1.827730125541872,False,0.0,True,3.683272828814417,28,412.6230583753159,14.736537799118425,154.2621015913028,0.3738572008038103,37.38572008038103
Mn-O,Mn3O4_1279995_POSCAR,mp-1279995,Mn3O4,Orthorhombic,Pmc2_1,26,0.055026327857143,-1.995382912684729,False,0.831199999999999,False,5.08604825311055,28,298.81810501346064,10.672075179052166,154.2621015913028,0.5162408134016976,51.62408134016976
Mn-O,Mn3O4_18759_POSCAR,mp-18759,Mn3O4,Tetragonal,I4_1/amd,141,0.0,-2.050409240541872,True,0.8134999999999991,False,4.886374081713801,14,155.51442358903404,11.108173113502431,77.1310507956515,0.4959736146370563,49.59736146370563
Mn-O,Mn3O4_20141_POSCAR,mp-20141,Mn3O4,Orthorhombic,Pbcm,57,0.052537243571428,-1.997871996970443,False,0.0,True,5.114619784469388,28,297.14883285574314,10.612458316276541,154.2621015913028,0.519140863212451,51.9140863212451
Mn-O,Mn3O4_638270_POSCAR,mp-638270,Mn3O4,Monoclinic,Pm,6,0.218697328571428,-1.831711911970444,False,0.0,True,3.746703958101553,28,405.6374127026314,14.487050453665407,154.2621015913028,0.38029554661515097,38.0295546615151
Mn-O,Mn5O7_1046066_POSCAR,mp-1046066,Mn5O7,Orthorhombic,Cmcm,63,0.234434443072915,-1.8007708820545991,False,0.0,True,4.353892651716696,24,294.9577781385848,12.289907422441033,129.354591611896,0.4385529089221687,43.85529089221687
Mn-O,Mn7O12_754430_POSCAR,mp-754430,Mn7O12,Cubic,Im-3,204,0.055782125065789,-1.867478388185118,False,0.0,True,5.082418833312119,19,188.37466307351437,9.9144559512376,93.19758707150082,0.49474587267147435,49.474587267147434
Mn-O,Mn8O17_1221945_POSCAR,mp-1221945,Mn8O17,Triclinic,P-1,2,0.108686611933334,-1.6409401951379312,False,0.3141,False,4.107996444443779,25,287.600990939456,11.50403963757824,110.46838377606541,0.38410293168746606,38.410293168746605
Mn-O,Mn9O13_1045833_POSCAR,mp-1045833,Mn9O13,Monoclinic,C2/m,12,0.228090068210224,-1.7974400380172422,False,0.0,True,4.361003645566057,22,267.465977619115,12.1575444372325,116.90083662219254,0.4370680624982711,43.70680624982711
Mn-O,MnO_1232659_POSCAR,mp-1232659,MnO,Orthorhombic,Pmmn,59,0.0,-2.032569766465519,True,1.3104999999999989,False,5.4848291586156375,8,85.90561011081735,10.738201263852169,49.81501995881394,0.579880870347735,57.98808703477349
Mn-O,MnO_2831286_POSCAR,mp-2831286,MnO,Orthorhombic,Cmc2_1,36,0.055364538750001,-1.9772052277155168,False,0.9851,False,4.231658355789189,8,111.34584950178106,13.918231187722633,49.81501995881394,0.44739000314526417,44.739000314526415
Mn-O,MnO2_1041066_POSCAR,mp-1041066,MnO2,Trigonal,P3m1,156,0.168680411111113,-1.653847512921455,False,0.0,True,4.029481814189597,36,429.9173958786536,11.942149885518155,163.89618502102488,0.3812271533838687,38.12271533838687
Mn-O,MnO2_1350912_POSCAR,mp-1350912,MnO2,Monoclinic,Cm,8,0.262951867847222,-1.559576056185346,False,0.0,True,4.108121265524473,48,562.250306029873,11.71354804228902,218.5282466946998,0.38866719030845515,38.866719030845516
Mn-O,MnO2_1354190_POSCAR,mp-1354190,MnO2,Orthorhombic,Pnma,62,0.040930121805555,-1.781597802227012,False,0.617499999999999,False,4.704655817614493,24,245.47942811705704,10.228309504877377,109.26412334735014,0.44510501016503695,44.510501016503696
Mn-O,MnO2_1354468_POSCAR,mp-1354468,MnO2,Trigonal,P3m1,156,0.113316328333333,-1.7092115956992342,False,0.0,True,4.125804352092269,36,419.8803877959636,11.663344105443434,163.89618502102488,0.390340177309421,39.0340177309421
Mn-O,MnO2_705430_POSCAR,mp-705430,MnO2,Trigonal,P3m1,156,0.111724348611112,-1.710803575421456,False,0.0,True,4.084483868593693,72,848.2561742949578,11.781335754096636,327.79237004204964,0.3864308683806513,38.64308683806513
Mn-O,MnO2_755489_POSCAR,mp-755489,MnO2,Hexagonal,P6_3mc,186,0.045345237222221,-1.777182686810347,False,0.8718,False,4.8295562895215145,24,239.13091561438844,9.963788150599518,109.26412334735014,0.4569217788784134,45.69217788784134
Mo-O,Mo4O5_543061_POSCAR,mp-543061,Mo4O5,Tetragonal,I4_1md,109,0.6811400525,-1.003489271111111,False,0.0,True,6.336928520439955,36,486.09455773154417,13.502626603654004,268.86229127020863,0.553106976809013,55.3106976809013
Mo-S,Mo15S19_31257_POSCAR,mp-31257,Mo15S19,Hexagonal,P6_3/m,176,0.082155104411764,-0.727699676130511,False,0.0,True,4.73431668957399,68,1436.8875221033404,21.13069885446089,643.2208639658204,0.44764872272275197,44.7648722722752
Mo-S,Mo21S8_1210708_POSCAR,mp-1210708,Mo21S8,Tetragonal,I4/m,87,0.277015786551725,-0.122767335603451,False,0.0,True,8.750497420880023,29,431.0058940812407,14.862272209697954,360.06230712489986,0.835399961043297,83.53999610432969
Mo-S,Mo7S8_673645_POSCAR,mp-673645,Mo7S8,Triclinic,P1,1,0.123421140333334,-0.649492895833333,False,0.0,True,5.689602949477235,30,541.741250453034,18.0580416817678,291.76471953196886,0.5385684019593838,53.85684019593838
Mo-S,MoS2_990083_POSCAR,mp-990083,MoS2,Orthorhombic,Pmmn,59,0.166356818703704,-0.7997857265046291,False,0.0,True,2.67200365789618,54,1790.583174125959,33.15894766899924,449.9399554222614,0.2512812372661167,25.12812372661167
Nb-O,Nb12O29_1470_POSCAR,mp-1470,Nb12O29,Orthorhombic,Cmcm,63,0.0,-3.039089709756097,True,0.0,True,4.348856317923932,82,1205.7226663521865,14.70393495551447,513.283561370956,0.42570615589723687,42.57061558972369
Nb-O,Nb12O29_510554_POSCAR,mp-510554,Nb12O29,Monoclinic,C2/m,12,0.000529339878047,-3.038560369878048,False,0.0,True,4.352814068895341,41,602.3131873748325,14.690565545727623,256.6417806854781,0.42609357733647696,42.6093577336477
Nb-O,Nb2O5_1201852_POSCAR,mp-1201852,Nb2O5,Monoclinic,C2/m,12,0.005506140765309,-3.028699133928571,False,1.9717,False,4.341061036091466,56,813.4186310473931,14.525332697274877,343.7947214855911,0.42265410252886154,42.265410252886156
Nb-O,Nb2O5_1364247_POSCAR,mp-1364247,Nb2O5,Triclinic,P1,1,0.181660162193878,-2.8525451125,False,0.9797999999999992,False,4.260513597569688,56,828.7967737919456,14.799942389141886,343.7947214855911,0.4148118481598898,41.48118481598898
Nb-O,Nb2O5_556048_POSCAR,mp-556048,Nb2O5,Tetragonal,I4/mmm,139,0.006534566301022,-3.027670708392857,False,1.5566,False,4.32188433489156,56,817.0278635356057,14.58978327742153,343.7947214855911,0.42078702187444883,42.07870218744488
Nb-O,Nb2O5_581967_POSCAR,mp-581967,Nb2O5,Monoclinic,P2,3,0.0,-3.034205274693879,True,1.7731,False,4.300420662212256,98,1436.9349786309215,14.662601822764504,601.6407625997882,0.4186972768754072,41.86972768754072
Nb-O,Nb2O5_680944_POSCAR,mp-680944,Nb2O5,Triclinic,P1,1,0.000372539336735,-3.033832735357143,False,1.764,False,4.259981562208794,56,828.9002834218118,14.801790775389495,343.7947214855911,0.41476004817655543,41.47600481765554
Nb-O,Nb2O5_766361_POSCAR,mp-766361,Nb2O5,Triclinic,P-1,2,0.011876653408162,-3.022328621285716,False,2.2152,False,4.479979717347137,70,985.2443953517693,14.074919933596703,429.7434018569888,0.43617949402650924,43.61794940265092
Nb-O,Nb4O5_28212_POSCAR,mp-28212,Nb4O5,Tetragonal,P4_2/nmc,137,0.023646288611111,-2.467337063333334,False,0.0,True,6.868690142200689,18,218.36385753050266,12.131325418361259,159.85475645564296,0.7320568443123115,73.20568443123115
Nb-O,NbO2_1244881_POSCAR,mp-1244881,NbO2,Triclinic,P1,1,0.207866370735294,-2.689761823431373,False,0.042699999999999,False,4.561569565446023,102,1545.9454363165682,15.156327807025178,710.0913558687256,0.4593249795158475,45.93249795158475
Nb-O,NbO2_1244973_POSCAR,mp-1244973,NbO2,Triclinic,P1,1,0.259663862009803,-2.637964332156863,False,0.0518,False,4.796344135355287,102,1470.2734947403524,14.4144460268662,710.0913558687256,0.48296548799182865,48.296548799182865
Nb-O,NbO2_1245189_POSCAR,mp-1245189,NbO2,Triclinic,P1,1,0.259058149656862,-2.6385700445098053,False,0.0,True,5.185082685730055,102,1360.0434315204948,13.33375913255387,710.0913558687256,0.5221093234315768,52.21093234315768
Nb-O,NbO2_557057_POSCAR,mp-557057,NbO2,Tetragonal,I4_1/a,88,0.0,-2.897628194166666,True,0.2824,False,5.748749527899252,24,288.6331085457813,12.026379522740887,167.0803190279345,0.5788674759792265,57.88674759792265
Nb-O,NbO2_649729_POSCAR,mp-649729,NbO2,Tetragonal,I4_1/a,88,0.310908042499999,-2.586720151666667,False,0.1889,False,3.968281835030951,48,836.2709681684275,17.42231183684224,334.160638055869,0.3995841668254207,39.95841668254207
Nb-O,NbO2_776975_POSCAR,mp-776975,NbO2,Orthorhombic,Pbca,61,0.072067247499999,-2.8255609466666662,False,0.0,True,6.153278652770998,24,269.65777786423155,11.235740744342982,167.0803190279345,0.6196013345183643,61.96013345183643
Nb-O,NbO2_821_POSCAR,mp-821,NbO2,Tetragonal,I4_1/a,88,0.002364360416665,-2.89526383375,False,0.426,False,5.728621222714797,48,579.2945226736205,12.068635889033759,334.160638055869,0.5768406656317343,57.68406656317343
Nb-S,Nb11S12_1173629_POSCAR,mp-1173629,Nb11S12,Monoclinic,C2/c,15,0.561380196299045,-0.7081621015217391,False,0.0,True,4.825665315666877,46,968.1415846210915,21.04655618741503,522.8605767229285,0.5400662310436383,54.006623104363825
Nb-S,Nb11S12_684971_POSCAR,mp-684971,Nb11S12,Trigonal,R-3c,167,0.174435414342523,-1.09510688347826,False,0.0,True,10.289910533083733,46,454.02992025549156,9.870215657728078,522.8605767229285,1.151599384526695,115.1599384526695
Nb-S,Nb14S5_683941_POSCAR,mp-683941,Nb14S5,Orthorhombic,Pnma,62,0.0,-0.6590267005263141,True,0.0,True,7.693319009397218,76,1261.391268064481,16.597253527164224,1131.66603039575,0.897157019433165,89.71570194331649
Nb-S,Nb21S8_31381_POSCAR,mp-31381,Nb21S8,Tetragonal,I4/m,87,0.009129852813289,-0.679891663448273,False,0.0,True,7.5673995622454,29,484.41074001956815,16.70381862136442,426.7992855288138,0.8810689984114988,88.10689984114988
Nb-S,Nb25S48_684620_POSCAR,mp-684620,Nb25S48,Monoclinic,Cm,8,0.0,-1.3650697605479452,True,0.0,True,4.282901789608942,73,1497.2642480557936,20.51046915144923,694.6672920456923,0.4639577101688776,46.39577101688776
Nb-S,Nb3S4_12627_POSCAR,mp-12627,Nb3S4,Hexagonal,P6_3/m,176,0.0,-1.386860086428572,True,0.0,True,4.889994234425116,14,276.40309125943287,19.743077947102346,149.6515002128945,0.5414248427215711,54.14248427215711
Nb-S,Nb3S5_1220657_POSCAR,mp-1220657,Nb3S5,Triclinic,P1,1,0.000468602187501,-1.419639321562498,False,0.0657,False,4.898179977139635,16,297.68197577182474,18.605123485739046,159.34959673452616,0.5353014616399506,53.53014616399506
Nb-S,Nb3S5_32983_POSCAR,mp-32983,Nb3S5,Triclinic,P1,1,0.0,-1.420107923749999,True,0.0,True,4.896630350356049,32,595.5523649996869,18.611011406240216,318.6991934690523,0.5351321096159527,53.51321096159527
Nb-S,Nb5S8_1220654_POSCAR,mp-1220654,Nb5S8,Trigonal,P312,149,0.010622922692307,-1.40351744051282,False,0.0,True,4.815034847738142,39,745.9976216925791,19.128144145963567,393.5249435754995,0.5275150109495506,52.75150109495505
Nb-S,Nb7S8_1220475_POSCAR,mp-1220475,Nb7S8,Trigonal,P3m1,156,0.069394411162601,-1.227522037333333,False,0.0,True,5.92676073653602,15,254.0821645263409,16.938810968422725,168.12801923395574,0.6617072849146236,66.17072849146236
Ni-O,Ni15O16_1100319_POSCAR,mp-1100319,Ni15O16,Trigonal,R-3m,166,0.026814349838709,-1.152582349677418,False,0.0,True,6.359212670811757,31,296.7383561307991,9.57220503647739,139.06488589060396,0.4686447943699791,46.86447943699791
Ni-O,Ni15O16_33255_POSCAR,mp-33255,Ni15O16,Trigonal,R-3m,166,0.099992452096775,-1.079404247419354,False,0.0,True,6.166903981199319,31,305.99184308082795,9.87070461551058,139.06488589060396,0.4544725260989061,45.44725260989061
Ni-O,Ni15O16_705519_POSCAR,mp-705519,Ni15O16,Cubic,Im-3m,229,0.038222333064516,-1.141174366451612,False,0.0,True,6.361803161821139,31,296.61752560376635,9.56830727754085,139.06488589060396,0.4688357021640469,46.88357021640469
Ni-O,Ni2O3_1043875_POSCAR,mp-1043875,Ni2O3,Orthorhombic,Cmcm,63,0.213807978333332,-0.763158753,False,0.0,True,5.34937079621259,20,205.3536864382142,10.26768432191071,78.34270862786843,0.38150135011790887,38.15013501179089
Ni-O,Ni3O4_656887_POSCAR,mp-656887,Ni3O4,Orthorhombic,Cmmm,65,0.0,-1.046750069285714,True,0.0,True,5.744078133199698,14,138.8068047019693,9.914771764426378,57.552771042186,0.4146249974254287,41.46249974254287
Ni-O,Ni3O4_754800_POSCAR,mp-754800,Ni3O4,Monoclinic,C2/m,12,0.041206718571428,-1.005543350714285,False,0.0,True,5.603808633155922,14,142.2812919267834,10.162949423341672,57.552771042186,0.404499918877614,40.4499918877614
Ni-O,Ni4O_1094082_POSCAR,mp-1094082,Ni4O,Cubic,Pm-3m,221,1.389964321000001,0.9027302010000012,False,0.0,True,7.225732745193388,5,57.629914921152654,11.52598298423053,33.15005217035785,0.5752229934004355,57.522299340043546
Ni-O,Ni4O3_1094096_POSCAR,mp-1094096,Ni4O3,Cubic,Pm-3m,221,0.430992375,-0.613080739285713,False,0.0,True,6.503405419459091,7,72.20119161383238,10.314455944833197,35.558573027788384,0.49249288319191725,49.24928831919173
Ni-O,Ni5O4_1094094_POSCAR,mp-1094094,Ni5O4,Cubic,P-43m,215,0.8089165733333331,-0.273825915555554,False,0.0,True,6.26217280475596,9,94.78881400010718,10.532090444456353,44.749281391914295,0.4720945384110798,47.20945384110798
Ni-O,Ni5O4_1220234_POSCAR,mp-1220234,Ni5O4,Tetragonal,I4/m,87,0.350721638888889,-0.7320208499999991,False,0.0,True,6.646184948751412,9,89.31197935873585,9.92355326208176,44.749281391914295,0.5010445599035673,50.10445599035673
Ni-O,Ni5O6_754806_POSCAR,mp-754806,Ni5O6,Monoclinic,C2/m,12,0.040714679545455,-1.06833911,False,0.0,True,6.200943768911236,11,104.29367112110675,9.481242829191523,47.157802249344826,0.4521636043915336,45.216360439153355
Ni-O,Ni5O7_1046095_POSCAR,mp-1046095,Ni5O7,Orthorhombic,Cmcm,63,0.192225265138889,-0.8254484133333321,False,0.0,True,5.548953462447889,24,242.67164011670252,10.111318338195938,96.72412535612028,0.398580259768323,39.8580259768323
Ni-O,Ni6O7_766450_POSCAR,mp-766450,Ni6O7,Triclinic,P-1,2,0.05691689423077,-1.068910973846152,False,0.0,True,6.148872081506998,26,250.69622265368153,9.642162409756981,112.69702122694159,0.44953617583071553,44.953617583071555
Ni-O,Ni9O10_656884_POSCAR,mp-656884,Ni9O10,Triclinic,P-1,2,0.046652373421052,-1.108309420526316,False,0.0,True,6.286449985817969,19,181.79424671657378,9.568118248240726,83.92063570584854,0.46162426601258155,46.162426601258154
Ni-O,Ni9O13_1045896_POSCAR,mp-1045896,Ni9O13,Monoclinic,C2/m,12,0.199607824090908,-0.7995626965909091,False,0.0,True,5.417649807181886,22,225.65934850251648,10.257243113750748,87.53341699199436,0.38790069001292987,38.790069001292984
Ni-O,NiO2_1041256_POSCAR,mp-1041256,NiO2,Trigonal,P3m1,156,0.287716617222222,-0.526422325555555,False,0.0,True,4.677997361788056,36,386.31387636499784,10.730941010138828,124.73962551409431,0.3228970874352895,32.28970874352895
Ni-O,NiO2_1042045_POSCAR,mp-1042045,NiO2,Monoclinic,Cm,8,0.486627204444444,-0.327511738333332,False,0.0,True,4.556127498326812,48,528.862957117553,11.017978273282354,166.31950068545865,0.3144850635634327,31.44850635634327
Ni-O,NiO2_1354141_POSCAR,mp-1354141,NiO2,Trigonal,P3m1,156,0.207266227777777,-0.6068727150000001,False,0.0,True,4.7487227316953255,36,380.5602884858207,10.571119124606131,124.73962551409431,0.32777888100308705,32.77788810030871
Ni-O,NiO2_1369444_POSCAR,mp-1369444,NiO2,Orthorhombic,Pnma,62,0.212661544027778,-0.6014773987499991,False,0.0194,False,5.232594222178278,24,230.24593116369422,9.593580465153925,83.15975034272952,0.3611779366628928,36.11779366628928
Ni-S,Ni17S18_28105_POSCAR,mp-28105,Ni17S18,Trigonal,R-3m,166,0.086869037238094,-0.5447124821428561,False,0.0,True,5.516740775250005,35,474.06232432952436,13.54463783798641,223.05248359666604,0.4705129940712617,47.051299407126166
Ni-S,Ni3S_976881_POSCAR,mp-976881,Ni3S,Hexagonal,P6_3/mmc,194,0.370738363750001,0.013581580624999,False,0.0,True,7.684043267514061,8,89.96129343133894,11.245161678917368,57.616784134095575,0.6404619357554076,64.04619357554076
Ni-S,Ni3S2_850086_POSCAR,mp-850086,Ni3S2,Orthorhombic,Cmcm,63,0.134021547,-0.437429305999999,False,0.0,True,6.533838826018222,10,122.09619259145038,12.209619259145038,67.31488065572726,0.5513266157362625,55.13266157362625
Ni-S,Ni9S10_767469_POSCAR,mp-767469,Ni9S10,Triclinic,P-1,2,0.089023022631577,-0.54823004605263,False,0.0,True,5.419284329152718,19,260.1110991443003,13.690057849700015,120.3685140268543,0.46275808461398327,46.27580846139833
Ni-S,Ni9S8_1202035_POSCAR,mp-1202035,Ni9S8,Tetragonal,I-42d,122,0.102290545882351,-0.508689904705881,False,0.0,True,5.163521011747226,68,1009.4860705889429,14.845383391013867,442.68167002088984,0.43852182107141463,43.852182107141466
Ni-S,Ni9S8_976920_POSCAR,mp-976920,Ni9S8,Orthorhombic,C222,21,0.0,-0.610980450588233,True,0.0,True,5.489332024506321,34,474.78477439894573,13.964258070557227,221.340835010445,0.4661919398966651,46.619193989666506
Pd-O,Pd7O8_1219936_POSCAR,mp-1219936,Pd7O8,Cubic,Pm-3,200,0.056279377666666,-0.7210870933333321,False,0.0,True,7.600561197375426,15,190.71525964567334,12.71435064304489,88.38054535663973,0.4634162233312659,46.341622333126594
Pd-O,Pd7O8_684657_POSCAR,mp-684657,Pd7O8,Monoclinic,P2/m,10,0.047401987222222,-0.729964483777778,False,0.0,True,7.6063421192978655,90,1143.4218808169962,12.704687564633291,530.2832721398388,0.46376869380962127,46.37686938096213
Pd-S,Pd16S7_393_POSCAR,mp-393,Pd16S7,Cubic,I-43m,217,0.0,-0.306646519551629,True,0.0,True,8.801763986477079,23,363.5804572308826,15.807845966560112,213.93525080152236,0.5884124037658828,58.841240376588274
Pd-S,Pd3S_558378_POSCAR,mp-558378,Pd3S,Orthorhombic,Cmcm,63,0.0,-0.262081896953123,True,0.0,True,9.224573992911775,8,126.48581687569181,15.810727109461476,77.19506388756102,0.6103060864399292,61.03060864399292
Pd-S,Pd4S_7819_POSCAR,mp-7819,Pd4S,Tetragonal,P-42_1c,114,0.002573407999999,-0.207092109562498,False,0.0,True,10.165853472077288,10,149.54050973262704,14.954050973262705,99.69405300953747,0.6666692068108286,66.66692068108287
Rh-O,Rh2O3_1179690_POSCAR,mp-1179690,Rh2O3,Orthorhombic,Pnma,62,0.152761093499999,-0.944298161999999,False,0.2942,False,7.720601927473621,20,218.35607949827573,10.917803974913786,110.40082696764257,0.5055999687359947,50.55999687359947
Rh-O,Rh2O3_1189664_POSCAR,mp-1189664,Rh2O3,Orthorhombic,Pnma,62,0.298614513499998,-0.798444742,False,0.0,True,7.184581499400283,20,234.64698234555382,11.73234911727769,110.40082696764257,0.47049753576229825,47.049753576229826
Rh-O,Rh2O3_1716_POSCAR,mp-1716,Rh2O3,Orthorhombic,Pbcn,60,0.025638011999998,-1.0714212435,False,0.5597000000000001,False,8.286979112170076,20,203.43243845929118,10.171621922964558,110.40082696764257,0.5426903782099376,54.26903782099376
Rh-O,Rh2O3_613620_POSCAR,mp-613620,Rh2O3,Orthorhombic,Pbca,61,0.027034013249998,-1.070025242249999,False,0.567599999999999,False,8.115138528847908,40,415.4803672802636,10.38700918200659,220.8016539352848,0.5314370336693728,53.14370336693728
Rh-S,Rh17S15_21991_POSCAR,mp-21991,Rh17S15,Cubic,Pm-3m,221,0.0,-0.541647407412106,True,0.0,True,7.528841716620978,64,983.8469625381532,15.372608789658644,553.2576805724774,0.5623411990266954,56.23411990266954
Sc-O,Sc16O15_759946_POSCAR,mp-759946,Sc16O15,Trigonal,R-3m,166,0.054016009798385,-3.146574829516129,False,0.0,True,4.411340190460114,31,361.0991519296183,11.648359739665107,347.3363268485774,0.9618862990746558,96.18862990746558
Sc-O,Sc20O19_684697_POSCAR,mp-684697,Sc20O19,Tetragonal,I4/m,87,0.060336121506407,-3.162139099615384,False,0.0,True,4.442346388167345,39,449.71862475460057,11.531246788579502,434.47147366790057,0.9660962427450721,96.60962427450721
Sc-O,Sc2O3_216_POSCAR,mp-216,Sc2O3,Cubic,Ia-3,206,0.0,-3.968732640749999,True,3.8235,False,3.818904932303188,40,479.72910859565826,11.993227714891457,358.17467070701474,0.7466185901362592,74.66185901362591
Sc-O,Sc2O3_558748_POSCAR,mp-558748,Sc2O3,Monoclinic,C2/m,12,0.065858427083332,-3.9028742136666654,False,3.4806,False,4.104120169376197,15,167.39640164973147,11.159760109982098,134.31550151513056,0.8023798611643933,80.23798611643933
Sc-O,Sc2O3_754455_POSCAR,mp-754455,Sc2O3,Trigonal,R-3,148,0.09726974075,-3.8714628999999983,False,4.053,False,3.694187737244951,10,123.98123686990779,12.398123686990779,89.54366767675377,0.7222356377256585,72.22356377256585
Sc-O,Sc2O3_755313_POSCAR,mp-755313,Sc2O3,Trigonal,R-3c,167,0.036392894749999,-3.932339745999999,False,4.127599999999999,False,3.891656453292744,10,117.69023566245467,11.769023566245467,89.54366767675377,0.7608419438769111,76.08419438769111
Sc-O,Sc2O3_775837_POSCAR,mp-775837,Sc2O3,Orthorhombic,Pna2_1,33,0.081779980749999,-3.88695266,False,4.2135,False,3.617317351504225,40,506.46368073293684,12.661592018323422,358.17467070701474,0.7072070206271783,70.72070206271783
Sc-S,Sc29S42_684978_POSCAR,mp-684978,Sc29S42,Monoclinic,Cm,8,0.231371499542254,-1.932120495220066,False,0.0,True,2.934623785965033,71,1499.741874863549,21.123124998078154,800.4662889616155,0.5337360397664728,53.373603976647274
Sc-S,Sc2S3_1105836_POSCAR,mp-1105836,Sc2S3,Orthorhombic,Pnma,62,0.093005298999999,-2.078628673687498,False,1.3929,False,3.092459446386907,20,399.73057971565817,19.986528985782908,222.82478933871428,0.5574374357278772,55.74374357278772
Sc-S,Sc2S3_401_POSCAR,mp-401,Sc2S3,Orthorhombic,Fddd,70,0.0,-2.171633972687499,True,1.034999999999999,False,2.883972633977312,20,428.62771810036963,21.43138590501848,222.82478933871428,0.5198562293783728,51.985622937837284
Ta-O,Ta10O9_685006_POSCAR,mp-685006,Ta10O9,Monoclinic,Cm,8,0.665210534582456,-1.554089226228069,False,0.0,True,14.033192586538236,19,231.15330840081876,12.165963600043092,216.63360661959265,0.9371858361808562,93.71858361808562
Ta-O,Ta11O2_673681_POSCAR,mp-673681,Ta11O2,Triclinic,P1,1,0.2274914344,-0.493306778512819,False,0.0,True,15.182657699249075,26,442.3884913464455,17.014941974863287,457.56661978940275,1.0343095011282084,103.43095011282084
Ta-O,Ta22O21_684943_POSCAR,mp-684943,Ta22O21,Triclinic,P1,1,0.563254326424806,-1.7248609308449612,False,0.0,True,10.95059549097501,43,654.6020934431671,15.223304498678305,478.03904707756215,0.7302742412006444,73.02742412006444
Ta-O,Ta6O_1218065_POSCAR,mp-1218065,Ta6O,Monoclinic,C2/m,12,0.03125975427619,-0.638052871999998,False,0.0,True,15.785084753384506,14,231.7876399364565,16.55625999546118,249.3628361708169,1.0758245618238254,107.58245618238253
Ta-O,TaO2_510_POSCAR,mp-510,TaO2,Tetragonal,I4_1/a,88,0.068790372052777,-3.054668550569444,False,0.4284,False,9.831712364160078,48,575.4542339814828,11.988629874614226,367.8087541367368,0.6391624779470686,63.91624779470686
Ta-O,TaO2_683983_POSCAR,mp-683983,TaO2,Tetragonal,I4_1/a,88,0.37150345413611,-2.751955468486111,False,0.77,False,7.717491571565016,48,733.1009634679137,15.27293673891487,367.8087541367368,0.5017163698664747,50.17163698664747
Ta-S,Ta27S50_530018_POSCAR,mp-530018,Ta27S50,Triclinic,P1,1,0.0,-1.394484447961036,True,0.0,True,7.171891119357857,77,1502.3899157876467,19.511557347891515,798.0996224959111,0.5312200342329224,53.12200342329224
Ta-S,Ta2S_555935_POSCAR,mp-555935,Ta2S,Orthorhombic,Pbcm,57,0.027611913499999,-0.7663241943333311,False,0.0,True,12.376803853291774,36,634.2709220653313,17.618636724036982,552.0972097565628,0.8704438285753475,87.04438285753476
Ta-S,Ta3S2_1826_POSCAR,mp-1826,Ta3S2,Orthorhombic,Aem2,39,0.0,-0.952723329399997,True,0.0,True,10.976451272663605,20,367.2966486092808,18.36483243046404,285.7467013999131,0.7779725257005595,77.79725257005595
Ta-S,Ta6S_27467_POSCAR,mp-27467,Ta6S,Monoclinic,C2/c,15,0.01147559564286,-0.328782736285711,False,0.0,True,15.10459401275156,28,491.5249831174158,17.55446368276485,513.3048236700362,1.0443107498106918,104.43107498106919
Ta-S,Ta6S_558552_POSCAR,mp-558552,Ta6S,Triclinic,P-1,2,0.012509170285712,-0.327749161642858,False,0.0,True,15.14380845286598,14,245.12609682899992,17.509006916357137,256.6524118350181,1.0470219823801907,104.70219823801908
Tc-O,Tc2O7_27485_POSCAR,mp-27485,Tc2O7,Orthorhombic,Pbca,61,0.0,-1.799278561388888,True,2.6664,False,3.708062960045716,36,551.7048267620728,15.325134076724245,140.16559942545692,0.25405904140458874,25.405904140458873
Ti-O,Ti10O11_684733_POSCAR,mp-684733,Ti10O11,Triclinic,P-1,2,0.146003483809524,-2.8561154989682533,False,0.0,True,5.116204652109295,42,424.96116745598465,10.1181230346663,369.63942300783697,0.86981929483268,86.98192948326799
Ti-O,Ti10O13_753593_POSCAR,mp-753593,Ti10O13,Monoclinic,C2/m,12,0.028242871739129,-3.137637334710146,False,0.0,True,4.945096213045504,23,230.5778008782284,10.02512177731428,187.22823236134897,0.8119959148202086,81.19959148202086
Ti-O,Ti11O14_1101463_POSCAR,mp-1101463,Ti11O14,Monoclinic,C2/m,12,0.0479849304,-3.097261361866666,False,0.0,True,4.875781602508978,25,255.60662111546796,10.224264844618718,205.5897774688693,0.8043210170834972,80.43210170834972
Ti-O,Ti11O14_2739250_POSCAR,mp-2739250,Ti11O14,Triclinic,P-1,2,0.058591720799999,-2.952311218633332,False,0.0,True,4.946530019412183,25,251.95077269095603,10.078030907638242,205.5897774688693,0.8159918513964896,81.59918513964895
Ti-O,Ti11O14_759754_POSCAR,mp-759754,Ti11O14,Triclinic,P1,1,0.047012608799999,-3.098233683466666,False,0.0,True,4.892722402020869,25,254.72159639530864,10.188863855812345,205.5897774688693,0.8071156131960225,80.71156131960225
Ti-O,Ti11O18_760747_POSCAR,mp-760747,Ti11O18,Triclinic,P1,1,0.019436048275862,-3.34912974091954,False,0.0,True,4.4100423076306825,29,306.69832183808256,10.575804201313192,210.40681918373033,0.6860383777867943,68.60383777867943
Ti-O,Ti13O22_656852_POSCAR,mp-656852,Ti13O22,Orthorhombic,Cmce,64,0.012943973071429,-3.379983054809523,False,0.0,True,3.990344253257271,70,810.8539190345202,11.58362741477886,499.0768605124031,0.6154954040385615,61.54954040385615
Ti-O,Ti19O30_760075_POSCAR,mp-760075,Ti19O30,Triclinic,P1,1,0.011319550408163,-3.330664134761904,False,0.0,True,4.479745392435078,49,515.0391607747522,10.511003281117391,362.11622175875397,0.703084831868003,70.3084831868003
Ti-O,Ti2O_1215_POSCAR,mp-1215,Ti2O,Trigonal,P-3m1,164,0.0,-2.035562333888889,True,0.0,True,5.09095651040831,3,36.44456111186841,12.14818703728947,35.518829786325384,0.9745989168945828,97.45989168945827
Ti-O,Ti2O_1217152_POSCAR,mp-1217152,Ti2O,Monoclinic,P2/m,10,0.06440852,-1.971153813888889,False,0.0,True,4.970669312336571,9,111.97949251233226,12.442165834703584,106.55648935897617,0.9515714615981238,95.15714615981238
Ti-O,Ti2O_1244955_POSCAR,mp-1244955,Ti2O,Triclinic,P1,1,0.336488564705884,-1.699073769183006,False,0.0,True,4.52673664745124,102,1393.5604092611468,13.662356953540655,1207.640212735064,0.8665861951225667,86.65861951225668
Ti-O,Ti2O_1245066_POSCAR,mp-1245066,Ti2O,Triclinic,P1,1,0.323232188333335,-1.712330145555555,False,0.0,True,4.5929926067904265,102,1373.457680467098,13.465271377128412,1207.640212735064,0.8792700568133696,87.92700568133695
Ti-O,Ti2O_1245186_POSCAR,mp-1245186,Ti2O,Triclinic,P1,1,0.319926355980394,-1.7156359779084962,False,0.0,True,4.546801819173397,102,1387.4105855380749,13.602064564098773,1207.640212735064,0.8704274173219667,87.04274173219667
Ti-O,Ti2O_1245206_POSCAR,mp-1245206,Ti2O,Triclinic,P1,1,0.342542138137256,-1.693020195751633,False,0.0,True,4.492401777896594,102,1404.2112185820336,13.766776652765035,1207.640212735064,0.8600132207706858,86.00132207706858
Ti-O,Ti2O_1245309_POSCAR,mp-1245309,Ti2O,Triclinic,P1,1,0.323517166274511,-1.712045167614379,False,0.0,True,4.525877121113308,102,1393.8250664500329,13.664951631863067,1207.640212735064,0.8664216491749804,86.64216491749805
Ti-O,Ti2O3_1046793_POSCAR,mp-1046793,Ti2O3,Orthorhombic,Cmcm,63,0.129788909000001,-3.173650725333333,False,0.0,True,4.15581604179206,20,229.72425270467846,11.486212635233922,151.70940257502357,0.6603978499825758,66.03978499825757
Ti-O,Ti2O3_1101295_POSCAR,mp-1101295,Ti2O3,Monoclinic,P2_1/m,11,0.117261258,-3.186178376333333,False,0.1775,False,4.337641995960086,10,110.04731772229745,11.004731772229745,75.85470128751187,0.6892916870443851,68.92916870443851
Ti-O,Ti2O3_1188323_POSCAR,mp-1188323,Ti2O3,Orthorhombic,Pnma,62,0.001529219,-3.301910415333334,False,0.116299999999998,False,5.275291036997773,20,180.974229898941,9.04871149494705,151.70940257502357,0.8382928478808316,83.82928478808316
Ti-O,Ti2O3_458_POSCAR,mp-458,Ti2O3,Trigonal,R-3c,167,0.0,-3.303439634333334,True,0.0,True,4.602205288902889,10,103.72111545820289,10.372111545820289,75.85470128751187,0.7313332579621118,73.13332579621118
Ti-O,Ti2O3_776456_POSCAR,mp-776456,Ti2O3,Monoclinic,P2_1/m,11,0.047594817333333,-3.255844817000002,False,0.0,True,4.775431857524981,30,299.87604106935703,9.995868035645234,227.5641038625354,0.7588605713582269,75.8860571358227
Ti-O,Ti2O3_776655_POSCAR,mp-776655,Ti2O3,Trigonal,P-31c,163,0.0846152525,-3.218824381833335,False,0.0,True,4.384148726776235,20,217.75988740924421,10.887994370462211,151.70940257502357,0.6966820399291926,69.66820399291926
Ti-O,Ti3O_1244956_POSCAR,mp-1244956,Ti3O,Triclinic,P1,1,0.350795468849999,-1.219118493649999,False,0.0,True,4.553156436256109,100,1455.1592022075927,14.551592022075926,1316.9028616282621,0.9049888559481433,90.49888559481433
Ti-O,Ti3O_1245140_POSCAR,mp-1245140,Ti3O,Triclinic,P1,1,0.282594412849999,-1.28731954965,False,0.0,True,4.64002642331426,100,1427.9158947723556,14.279158947723555,1316.9028616282621,0.9222552017590703,92.22552017590702
Ti-O,Ti3O_1245176_POSCAR,mp-1245176,Ti3O,Triclinic,P1,1,0.291027196049999,-1.278886766449999,False,0.0,True,4.616475057069482,100,1435.200537034429,14.35200537034429,1316.9028616282621,0.9175741143111563,91.75741143111563
Ti-O,Ti3O_2591_POSCAR,mp-2591,Ti3O,Trigonal,P-31c,163,0.0,-1.569913962499999,True,0.0,True,4.890993432307026,16,216.74345150009358,13.546465718755849,210.70445786052179,0.9721375958637939,97.21375958637938
Ti-O,Ti3O_554032_POSCAR,mp-554032,Ti3O,Hexagonal,P6_3/mcm,193,0.108002497499999,-1.461911465,False,0.0,True,4.741277982385064,8,111.79378226416311,13.97422278302039,105.35222893026089,0.9423800393596027,94.23800393596026
Ti-O,Ti3O_557812_POSCAR,mp-557812,Ti3O,Trigonal,P312,149,0.004301608958332,-1.565612353541665,False,0.0,True,4.890996522584021,24,325.1149714692351,13.546457144551463,316.0566867907827,0.9721382111764435,97.21382111764434
Ti-O,Ti3O2_978968_POSCAR,mp-978968,Ti3O2,Trigonal,R-3c,167,0.031906659999998,-2.352613252000002,False,0.0,True,5.221608301232395,10,111.68602131480426,11.168602131480426,107.76074978769144,0.9648544062998821,96.4854406299882
Ti-O,Ti3O4_1217157_POSCAR,mp-1217157,Ti3O4,Tetragonal,I4/mmm,139,0.02662257285714,-3.16382181714286,False,0.0,True,4.938099734889216,7,69.80936070452383,9.972765814931975,56.28889575127624,0.8063230372431784,80.63230372431785
Ti-O,Ti3O4_755875_POSCAR,mp-755875,Ti3O4,Orthorhombic,Cmmm,65,0.057754788571429,-3.132689601428573,False,0.0,True,4.809434818707178,7,71.67694297087627,10.239563281553753,56.28889575127624,0.7853138459622575,78.53138459622575
Ti-O,Ti3O5_1147_POSCAR,mp-1147,Ti3O5,Monoclinic,C2/m,12,0.002190746249999,-3.379942991875,False,0.0,True,4.273518581031359,16,173.76464253252473,10.860290158282796,114.98631235998307,0.6617359589621938,66.17359589621938
Ti-O,Ti3O5_1245031_POSCAR,mp-1245031,Ti3O5,Triclinic,P1,1,0.212679461730768,-3.169454276394231,False,0.018399999999999,False,3.613824616799446,104,1335.6519186295607,12.842806909899622,747.4110303398926,0.5595851882627999,55.95851882627999
Ti-O,Ti3O5_1245051_POSCAR,mp-1245051,Ti3O5,Triclinic,P1,1,0.194980261346152,-3.187153476778847,False,0.0,True,3.725965859733513,104,1295.4524989306403,12.456274028179234,747.4110303398926,0.5769497769751183,57.69497769751183
Ti-O,Ti3O5_1245086_POSCAR,mp-1245086,Ti3O5,Triclinic,P1,1,0.1961982275,-3.185935510625,False,0.018299999999999,False,3.7821199325276993,104,1276.2185942114838,12.271332636648882,747.4110303398926,0.5856449935221976,58.564499352219755
Ti-O,Ti3O5_1245135_POSCAR,mp-1245135,Ti3O5,Triclinic,P1,1,0.19723261076923,-3.18490112735577,False,0.066399999999999,False,3.925101746047003,104,1229.7290870682818,11.824318144887325,747.4110303398926,0.6077851115335876,60.778511153358764
Ti-O,Ti3O5_1245292_POSCAR,mp-1245292,Ti3O5,Triclinic,P1,1,0.201427904134614,-3.180705833990385,False,0.035099999999999,False,3.75868273683066,104,1284.176430759782,12.347850295767135,747.4110303398926,0.5820158448926581,58.20158448926581
Ti-O,Ti3O5_556480_POSCAR,mp-556480,Ti3O5,Monoclinic,C2/m,12,0.008188011249998,-3.373945726875001,False,0.0,True,4.027309286618516,16,184.38773241651595,11.524233276032247,114.98631235998307,0.6236115106629705,62.36115106629705
Ti-O,Ti3O5_556754_POSCAR,mp-556754,Ti3O5,Monoclinic,C2/c,15,0.001519018749998,-3.380614719375001,False,0.0,True,4.335937953421416,16,171.26315836782078,10.703947397988799,114.98631235998307,0.6714013303026195,67.14013303026195
Ti-O,Ti3O5_8057_POSCAR,mp-8057,Ti3O5,Orthorhombic,Cmcm,63,0.0,-3.382133738125,True,0.0,True,4.002186371332832,16,185.54518966642635,11.596574354151647,114.98631235998307,0.6197213334751808,61.972133347518074
Ti-O,Ti4O3_1217135_POSCAR,mp-1217135,Ti4O3,Tetragonal,I4/mmm,139,0.099068487142856,-2.435004672619048,False,0.0,True,5.313966025182834,7,74.82979345030391,10.689970492900558,72.24192000136605,0.9654165362536178,96.54165362536177
Ti-O,Ti4O5_10734_POSCAR,mp-10734,Ti4O5,Tetragonal,I4/m,87,0.036609422222221,-3.091059832037038,False,0.0,True,4.967927931675921,9,90.73767649571904,10.081964055079894,74.6504408587966,0.8227061099841869,82.27061099841869
Ti-O,Ti4O7_12205_POSCAR,mp-12205,Ti4O7,Triclinic,P-1,2,0.007957332499998,-3.4085186912121213,False,0.0,True,4.329452258742414,44,465.56789613958483,10.581088548626928,308.23584686490824,0.6620642218261847,66.20642218261847
Ti-O,Ti4O7_778663_POSCAR,mp-778663,Ti4O7,Triclinic,P-1,2,0.09385985681818,-3.322616166893939,False,0.0,True,4.081721445489121,44,493.82448268605543,11.22328369741035,308.23584686490824,0.6241809745606851,62.41809745606851
Ti-O,Ti5O7_1045759_POSCAR,mp-1045759,Ti5O7,Orthorhombic,Cmcm,63,0.155007673333335,-3.08251806847222,False,0.0,True,4.209782158855519,24,277.1632816867964,11.548470070283182,188.43249279006423,0.6798609528768647,67.98609528768647
Ti-O,Ti5O8_759920_POSCAR,mp-759920,Ti5O8,Triclinic,P1,1,0.013142276923078,-3.338724498205128,False,0.0,True,4.459327275743663,39,410.35302586169263,10.521872457992119,286.26152047124214,0.6975981714040659,69.75981714040658
Ti-O,Ti5O9_748_POSCAR,mp-748,Ti5O9,Triclinic,P-1,2,0.010780146071427,-3.425320040833333,False,0.0,True,4.296741959530481,28,296.28671305334495,10.581668323333748,193.24953450492526,0.6522382745868582,65.22382745868582
Ti-O,Ti6O_554098_POSCAR,mp-554098,Ti6O,Trigonal,P-31c,163,0.0,-0.916695420714284,True,0.0,True,4.718230249800664,14,213.41805858064112,15.244147041474365,208.29593700309127,0.9759995868596357,97.59995868596357
Ti-O,Ti6O_882_POSCAR,mp-882,Ti6O,Trigonal,P-31m,162,0.011734072857143,-0.9049613478571412,False,0.0,True,4.716091494120648,14,213.51484408901936,15.251060292072811,208.29593700309127,0.9755571697687108,97.55571697687108
Ti-O,Ti6O11_30524_POSCAR,mp-30524,Ti6O11,Triclinic,P-1,2,0.013827577794117,-3.434970597058823,False,0.0,True,4.280497253732013,34,359.3760310962347,10.569883267536316,232.38114557739644,0.6466239411363769,64.66239411363769
Ti-O,Ti6O11_559964_POSCAR,mp-559964,Ti6O11,Monoclinic,C2/m,12,0.010498075441178,-3.438300099411763,False,0.0,True,3.975412048314062,34,386.95564034558976,11.381048245458523,232.38114557739644,0.6005369126286854,60.05369126286853
Ti-O,Ti7O13_556724_POSCAR,mp-556724,Ti7O13,Triclinic,P-1,2,0.016614970249998,-3.441071796166667,False,0.0,True,4.268804508092429,40,422.4950268747917,10.562375671869791,271.51275664986764,0.6426413078948068,64.26413078948067
Ti-O,Ti7O8_779692_POSCAR,mp-779692,Ti7O8,Monoclinic,Cm,8,0.115783338666666,-2.924000725555555,False,0.0,True,4.644334253226848,15,165.56435262865423,11.03762350857695,129.73507618135756,0.7835930508081139,78.3593050808114
Ti-O,Ti8O13_752989_POSCAR,mp-752989,Ti8O13,Trigonal,R-3,148,0.009953984761905,-3.353443061984128,False,0.111399999999999,False,4.05272694356993,21,242.12323595981178,11.52967790284818,152.91366300373883,0.6315530287606095,63.15530287606095
Ti-O,Ti8O15_565700_POSCAR,mp-565700,Ti8O15,Triclinic,P-1,2,0.018989677065215,-3.445266917898551,False,0.0,True,4.260392017286201,46,485.58659106092176,10.556230240454822,310.64436772233876,0.6397301190785255,63.97301190785255
Ti-O,Ti9O10_1217149_POSCAR,mp-1217149,Ti9O10,Monoclinic,C2/m,12,0.244662513157893,-2.7673683331578958,False,0.0,True,4.48376594575372,19,218.7985528454293,11.515713307654174,166.45816639639813,0.7607827576171989,76.0782757617199
Ti-O,Ti9O10_32813_POSCAR,mp-32813,Ti9O10,Triclinic,P-1,2,0.196354488947367,-2.815676357368421,False,0.0,True,4.805299460465542,19,204.15824395204635,10.74517073431823,166.45816639639813,0.8153389408830173,81.53389408830172
Ti-O,Ti9O13_1045643_POSCAR,mp-1045643,Ti9O13,Monoclinic,C2/m,12,0.140704077272729,-3.126782524772727,False,0.0,True,4.217889352569987,22,251.48701100905686,11.431227773138948,170.0709476825439,0.6762613583904701,67.62613583904701
Ti-O,Ti9O17_27273_POSCAR,mp-27273,Ti9O17,Triclinic,P-1,2,0.020783203846152,-3.448527105384616,False,0.0,True,4.257294795589221,52,548.2424659735696,10.543124345645568,349.77597879480993,0.6379950487302682,63.79950487302683
Ti-O,Ti9O8_32544_POSCAR,mp-32544,Ti9O8,Triclinic,P-1,2,0.162450305588235,-2.591554100882353,False,0.0,True,5.315399503894045,34,349.138852583329,10.268789781862619,328.0992910779353,0.9397386989453652,93.97386989453652
Ti-O,TiO_1071163_POSCAR,mp-1071163,TiO,Hexagonal,P-62m,189,0.0,-2.907956279166666,True,0.0,True,5.136733950019456,6,61.93779156394612,10.322965260657687,55.08463532256098,0.8893542041402982,88.93542041402982
Ti-O,TiO_1203_POSCAR,mp-1203,TiO,Monoclinic,C2/m,12,0.052573148,-2.855383131166665,False,0.0,True,4.934842399291236,10,107.45292710257004,10.745292710257004,91.80772553760166,0.8543994846223767,85.43994846223767
Ti-O,TiO_1244926_POSCAR,mp-1244926,TiO,Triclinic,P1,1,0.325092709399999,-2.5828635697666678,False,0.006899999999999,False,4.433549138365065,100,1196.024325041512,11.96024325041512,918.077255376018,0.7676075111132485,76.76075111132485
Ti-O,TiO_1244944_POSCAR,mp-1244944,TiO,Triclinic,P1,1,0.301948754899999,-2.606007524266667,False,0.0,True,4.454019641484404,100,1190.5274426493918,11.905274426493918,918.077255376018,0.7711516950276551,77.11516950276551
Ti-O,TiO_1245141_POSCAR,mp-1245141,TiO,Triclinic,P1,1,0.311705076599999,-2.596251202566668,False,0.0163,False,4.399293330819819,100,1205.3373605052047,12.053373605052048,918.077255376018,0.7616765940045328,76.16765940045327
Ti-O,TiO_1245294_POSCAR,mp-1245294,TiO,Triclinic,P1,1,0.315432533299999,-2.592523745866667,False,0.0,True,4.4920109044322345,100,1180.458534743053,11.80458534743053,918.077255376018,0.7777293554625816,77.77293554625815
Ti-O,TiO_1245324_POSCAR,mp-1245324,TiO,Triclinic,P1,1,0.335287655199998,-2.572668623966668,False,0.0007,False,4.347487057898251,100,1219.7006098580598,12.197006098580598,918.077255376018,0.7527070561052334,75.27070561052334
Ti-O,TiO_673667_POSCAR,mp-673667,TiO,Triclinic,P-1,2,0.196094875714285,-2.711861403452382,False,0.0,True,4.941999386573826,42,450.6487196913136,10.729731421221752,385.5924472579268,0.8556386169743271,85.56386169743271
Ti-O,TiO_685151_POSCAR,mp-685151,TiO,Tetragonal,I4/mmm,139,0.182072509999999,-2.725883769166666,False,0.0,True,4.56078467913637,12,139.5189552771957,11.626579606432975,110.16927064512198,0.78963657967649,78.963657967649
Ti-O,TiO_755300_POSCAR,mp-755300,TiO,Cubic,Pm-3m,221,0.112576613333333,-2.795379665833334,False,0.0,True,4.661596912023335,6,68.2508510996959,11.375141849949316,55.08463532256098,0.8070908191620546,80.70908191620546
Ti-O,TiO2_1044853_POSCAR,mp-1044853,TiO2,Trigonal,P3m1,156,0.177784685277778,-3.330270766666665,False,1.7851,False,3.459893086806675,36,459.9689446492411,12.776915129145586,234.78966643482696,0.5104467794317521,51.04467794317521
Ti-O,TiO2_1079207_POSCAR,mp-1079207,TiO2,Hexagonal,P-62m,189,0.332816929722222,-3.175238522222222,False,0.8879999999999991,False,5.161167512722676,9,77.0873725316958,8.565263614632867,58.697416608706774,0.7614400994737798,76.14400994737798
Ti-O,TiO2_1102255_POSCAR,mp-1102255,TiO2,Orthorhombic,Pnma,62,0.2975914725,-3.210463979444444,False,1.7550999999999992,False,5.06992852094833,12,104.63286055201081,8.719405046000901,78.26322214494242,0.747979379824366,74.79793798243661
Ti-O,TiO2_1102591_POSCAR,mp-1102591,TiO2,Cubic,Pa-3,205,0.256583777499999,-3.251471674444444,False,1.149599999999999,False,4.503680324526368,12,117.78836101046703,9.815696750872252,78.26322214494242,0.6644393509982511,66.44393509982511
Ti-O,TiO2_1190753_POSCAR,mp-1190753,TiO2,Orthorhombic,Pbca,61,0.123919274583332,-3.3841361773611123,False,2.0744,False,4.643207506446049,24,228.49770259226855,9.52073760801119,156.5264442898846,0.685024149101361,68.5024149101361
Ti-O,TiO2_1201727_POSCAR,mp-1201727,TiO2,Orthorhombic,Pnma,62,0.066588627708334,-3.44146682423611,False,2.4439,False,3.821223363943821,48,555.2997806373174,11.568745429944114,313.0528885797693,0.5637547492283871,56.375474922838706
Ti-O,TiO2_1245098_POSCAR,mp-1245098,TiO2,Triclinic,P1,1,0.16661254061111,-3.341442911333334,False,2.6007,False,3.363887407573496,90,1182.7412601085477,13.141569556761642,586.9741660870709,0.49628281846969685,49.628281846969685
Ti-O,TiO2_1245134_POSCAR,mp-1245134,TiO2,Triclinic,P1,1,0.179434900277776,-3.328620551666667,False,2.4383,False,3.507542945745311,90,1134.3007024886022,12.603341138762246,586.9741660870709,0.5174766839157177,51.747668391571764
Ti-O,TiO2_1245308_POSCAR,mp-1245308,TiO2,Triclinic,P1,1,0.170228140944443,-3.337827311,False,2.3002,False,3.717563412087061,90,1070.2193847898882,11.891326497665425,586.9741660870709,0.5484615345500485,54.84615345500485
Ti-O,TiO2_1245321_POSCAR,mp-1245321,TiO2,Triclinic,P1,1,0.189298021277776,-3.318757430666667,False,2.4087,False,3.4652433026979352,90,1148.146921420513,12.757188015783479,586.9741660870709,0.5112361102365308,51.12361102365308
Ti-O,TiO2_1341203_POSCAR,mp-1341203,TiO2,Orthorhombic,Pmmn,59,0.157399472916667,-3.350655979027777,False,2.513699999999999,False,3.201204358899244,24,331.4259662719306,13.809415261330441,156.5264442898846,0.4722817769850198,47.22817769850198
Ti-O,TiO2_1350429_POSCAR,mp-1350429,TiO2,Monoclinic,Cm,8,0.185550241458333,-3.322505210486111,False,1.0603,False,3.5407515408020043,48,599.286470453992,12.485134801124834,313.0528885797693,0.5223760321881031,52.237603218810314
Ti-O,TiO2_1380335_POSCAR,mp-1380335,TiO2,Trigonal,P3m1,156,0.177490463333333,-3.33056498861111,False,1.7183000000000002,False,3.428841920170264,36,464.1343665218598,12.892621292273883,234.78966643482696,0.5058657220198944,50.58657220198944
Ti-O,TiO2_1840_POSCAR,mp-1840,TiO2,Orthorhombic,Pbca,61,0.0030413275,-3.505014124444444,False,2.2862,False,4.105159895594103,24,258.44602277752557,10.7685842823969,156.5264442898846,0.6056446240019141,60.56446240019141
Ti-O,TiO2_2739239_POSCAR,mp-2739239,TiO2,Orthorhombic,Pnma,62,0.091534996666666,-3.416520455277778,False,2.709999999999999,False,3.87153446342509,24,274.0417934814095,11.418408061725396,156.5264442898846,0.5711772730041743,57.11772730041743
Ti-O,TiO2_2901430_POSCAR,mp-2901430,TiO2,Orthorhombic,Pmmn,59,0.178545862916665,-3.329509589027778,False,2.9417,False,3.366734161788899,24,315.13098358747766,13.130457649478236,156.5264442898846,0.49670280753727986,49.67028075372799
Ti-O,TiO2_430_POSCAR,mp-430,TiO2,Monoclinic,P2_1/c,14,0.039483500833334,-3.46857195111111,False,2.2317,False,4.555389330254649,12,116.45132506159356,9.70427708846613,78.26322214494242,0.6720681117501012,67.20681117501012
Ti-O,TiO2_754769_POSCAR,mp-754769,TiO2,Orthorhombic,Pnma,62,0.036293397500001,-3.471762054444443,False,2.2868999999999997,False,4.074066977099461,24,260.4184599433002,10.850769164304175,156.5264442898846,0.6010574070822953,60.105740708229526
Ti-O,TiO2_756587_POSCAR,mp-756587,TiO2,Hexagonal,P6_3mc,186,0.117958436249999,-3.390097015694445,False,2.3165,False,3.819763262577428,24,277.75602145250065,11.57316756052086,156.5264442898846,0.5635393374060564,56.35393374060564
Ti-O,TiO2_756655_POSCAR,mp-756655,TiO2,Orthorhombic,Pnma,62,0.074462540416666,-3.433592911527778,False,2.4804,False,3.772811763485229,24,281.2126112811967,11.717192136716529,156.5264442898846,0.556612463348477,55.661246334847704
Ti-O,TiO2_775938_POSCAR,mp-775938,TiO2,Orthorhombic,Pbcn,60,0.012246891111111,-3.495808560833333,False,2.1536,False,4.260613991086743,36,373.5244204596958,10.375678346102662,234.78966643482696,0.6285791599539108,62.85791599539108
Ti-O,TiO2_777129_POSCAR,mp-777129,TiO2,Triclinic,P1,1,0.053828319166665,-3.454227132777779,False,3.3487,False,2.238874651374489,54,1066.2343498463047,19.745080552709346,352.18449965224045,0.3303068408019373,33.03068408019373
Ti-O,TiO2_849533_POSCAR,mp-849533,TiO2,Orthorhombic,Pnma,62,0.096698458749999,-3.411356993194444,False,2.786299999999999,False,3.317152933846912,24,319.84122198782586,13.326717582826078,156.5264442898846,0.48938796355599995,48.9387963556
Ti-S,Ti13S24_684731_POSCAR,mp-684731,Ti13S24,Triclinic,P-1,2,0.001580217567565,-1.6392080771171171,False,0.0,True,3.246731468609211,37,711.8512175792906,19.239222096737585,339.4218590840459,0.47681573157699747,47.681573157699745
Ti-S,Ti2S_616559_POSCAR,mp-616559,Ti2S,Orthorhombic,Pnnm,58,0.0,-1.254497415555554,True,0.0,True,4.828433316784582,36,527.413887485313,14.650385763480918,469.9634114211116,0.8910713626861005,89.10713626861005
Ti-S,Ti2S3_1217192_POSCAR,mp-1217192,Ti2S3,Monoclinic,C2/c,15,0.025767256499999,-1.680487956333333,False,0.0,True,3.654237267616948,20,348.8614219073141,17.443071095365703,195.4468565602305,0.5602421026998997,56.02421026998997
Ti-S,Ti3S2_1217073_POSCAR,mp-1217073,Ti3S2,Trigonal,R32,155,0.298872062499999,-1.141571572999999,False,0.0,True,4.178284977229527,5,82.55670522286181,16.51134104457236,61.16995055804688,0.740944668187988,74.0944668187988
Ti-S,Ti5S8_1217445_POSCAR,mp-1217445,Ti5S8,Monoclinic,Pm,6,0.031617440512821,-1.664435762307691,False,0.0,True,3.429577789391487,39,720.2518642564844,18.467996519397037,373.73642844165596,0.5188968567647706,51.88968567647706
Ti-S,Ti7S12_673657_POSCAR,mp-673657,Ti7S12,Triclinic,P-1,2,0.0,-1.672311393333331,True,0.0,True,3.390550591130881,38,705.0992784874054,18.555244170721195,356.57914376285095,0.5057148044851109,50.57148044851109
Ti-S,Ti8S3_680850_POSCAR,mp-680850,Ti8S3,Monoclinic,C2/m,12,0.007596891666665,-1.018810084696969,False,0.0,True,4.732975207820129,44,672.4022068776571,15.281868338128572,607.221688851552,0.9030632003294947,90.30632003294947
Ti-S,Ti9S10_673637_POSCAR,mp-673637,Ti9S10,Triclinic,P1,1,0.039519474122807,-1.676394082719297,False,0.0,True,4.163818216876962,57,899.0428964109641,15.772682393174808,608.7181341522119,0.6770735151595692,67.70735151595692
V-O,V10O9_705541_POSCAR,mp-705541,V10O9,Triclinic,P-1,2,0.212360722302632,-1.788597982894736,False,1.2156,False,5.165344527226439,19,210.05610786949595,11.055584624710313,160.8630904113196,0.7658101068465999,76.58101068465999
V-O,V12O29_773019_POSCAR,mp-773019,V12O29,Monoclinic,C2/m,12,0.039493907195124,-2.283690791829268,False,0.5418000000000001,False,3.389066067264447,41,526.8547166786533,12.850115040942763,214.95324829620125,0.4079934021494366,40.799340214943655
V-O,V13O16_30065_POSCAR,mp-30065,V13O16,Tetragonal,I4_1/amd,141,0.6766213945402301,-1.653997173965518,False,0.0,True,3.324379532660804,58,917.3180173696626,15.815827885683838,428.60067475638215,0.46723237376865323,46.72323737686532
V-O,V16O3_30064_POSCAR,mp-30064,V16O3,Tetragonal,I4/mmm,139,1.396071090065791,0.7290848549999991,False,0.0,True,4.469497007704616,38,641.3019169804188,16.87636623632681,487.3047515415147,0.759867916559485,75.98679165594851
V-O,V25O32_685164_POSCAR,mp-685164,V25O32,Monoclinic,C2,5,0.077790833918131,-2.293715779649123,False,0.232699999999999,False,4.585246072420838,57,646.6224156460461,11.344252906070984,413.59820010109394,0.6396286149280247,63.96286149280247
V-O,V2O3_1043388_POSCAR,mp-1043388,V2O3,Orthorhombic,Cmcm,63,0.23553653125,-2.299011162,False,0.0,True,4.10007431531783,20,242.80885503966755,12.140442751983377,134.47092238688901,0.5538139140968338,55.38139140968338
V-O,V2O3_1272087_POSCAR,mp-1272087,V2O3,Triclinic,P1,1,0.085874333583333,-2.448673359666667,False,1.520699999999999,False,4.762620363472198,15,156.77310134465537,10.451540089643691,100.85319179016682,0.643306733904866,64.33067339048661
V-O,V2O3_21579_POSCAR,mp-21579,V2O3,Cubic,Ia-3,206,0.0,-2.53454769325,True,0.0,True,4.537545604148263,40,438.798610220309,10.969965255507725,268.9418447737779,0.6129049602931729,61.29049602931729
V-O,V2O3_715514_POSCAR,mp-715514,V2O3,Monoclinic,C2/c,15,0.019436027250002,-2.515111666,False,0.0,True,4.635027441819093,10,107.39249811862632,10.739249811862631,67.23546119344452,0.6260722338275051,62.60722338275051
V-O,V2O3_776630_POSCAR,mp-776630,V2O3,Monoclinic,P2_1/m,11,0.060644026250001,-2.473903667000001,False,0.945299999999999,False,4.740151748367431,30,315.0324307882871,10.501081026276237,201.7063835803334,0.6402718065426324,64.02718065426323
V-O,V2O3_776688_POSCAR,mp-776688,V2O3,Monoclinic,P2_1/c,14,0.095382107750001,-2.439165585499999,False,1.433199999999999,False,4.20665056757022,20,236.6572488826495,11.832862444132475,134.47092238688901,0.568209607023568,56.82096070235681
V-O,V2O3_777698_POSCAR,mp-777698,V2O3,Monoclinic,C2/m,12,0.083403238249999,-2.451144455000001,False,0.0,True,4.724242442422593,15,158.0466650000748,10.53644433333832,100.85319179016682,0.638122872065153,63.81228720651529
V-O,V2O3_780654_POSCAR,mp-780654,V2O3,Orthorhombic,Pbca,61,0.030721300500001,-2.503826392749999,False,0.620899999999999,False,4.704386877724395,40,423.2365992301684,10.58091498075421,268.9418447737779,0.6354408982185388,63.54408982185388
V-O,V2O3_796380_POSCAR,mp-796380,V2O3,Triclinic,P-1,2,2.913870370750001,0.3793226775,False,0.0,True,4.537620887630232,40,438.7913296037252,10.96978324009313,268.9418447737779,0.6129151298788441,61.29151298788441
V-O,V2O5_1244889_POSCAR,mp-1244889,V2O5,Triclinic,P1,1,0.108118662047619,-2.180903155095238,False,0.5422,False,2.488547907596506,105,1820.452268858695,17.337640655797095,540.3937718122925,0.29684588882469526,29.684588882469527
V-O,V2O5_1244901_POSCAR,mp-1244901,V2O5,Triclinic,P1,1,0.5287774096666671,-1.7602444074761912,False,0.4765,False,2.701749468535555,105,1676.7959922170712,15.969485640162583,540.3937718122925,0.3222775903094688,32.22775903094688
V-O,V2O5_1244904_POSCAR,mp-1244904,V2O5,Triclinic,P1,1,0.483608308714286,-1.805413508428572,False,0.8101,False,2.398421170984265,105,1888.8603626615645,17.98914631106252,540.3937718122925,0.2860951410144643,28.609514101446432
V-O,V2O5_1244920_POSCAR,mp-1244920,V2O5,Triclinic,P1,1,0.480857393857142,-1.808164423285716,False,0.9453,False,2.346417893848437,105,1930.7228654732394,18.38783681403085,540.3937718122925,0.27989194175718046,27.989194175718048
V-O,V2O5_1244925_POSCAR,mp-1244925,V2O5,Triclinic,P1,1,0.49800979452381,-1.791012022619048,False,0.5285000000000001,False,2.399810883694031,105,1887.7665377377339,17.978728930835562,540.3937718122925,0.286260912570201,28.626091257020096
V-O,V2O5_1244942_POSCAR,mp-1244942,V2O5,Triclinic,P1,1,0.519327439761905,-1.769694377380953,False,0.1626,False,2.421179949474257,105,1871.105319572354,17.820050662593847,540.3937718122925,0.2888099168761922,28.88099168761922
V-O,V2O5_1244961_POSCAR,mp-1244961,V2O5,Triclinic,P1,1,0.513772044142856,-1.775249773000001,False,0.8882,False,2.439309167376228,105,1857.1990557393856,17.687610054660816,540.3937718122925,0.29097245669078353,29.097245669078355
V-O,V2O5_1244978_POSCAR,mp-1244978,V2O5,Triclinic,P1,1,0.510915689380952,-1.778106127761906,False,0.1205,False,2.338902481238311,105,1936.9267071835948,18.44692102079614,540.3937718122925,0.2789954673081341,27.899546730813412
V-O,V2O5_1244985_POSCAR,mp-1244985,V2O5,Triclinic,P1,1,0.524596626809524,-1.764425190333334,False,0.5233,False,2.4618513986763872,105,1840.1933936447065,17.525651368044823,540.3937718122925,0.2936614019366643,29.36614019366643
V-O,V2O5_1244996_POSCAR,mp-1244996,V2O5,Triclinic,P1,1,0.118052153476192,-2.170969663666667,False,0.9218,False,2.297726220799555,105,1971.6372832381194,18.777497935601136,540.3937718122925,0.2740837660184517,27.40837660184517
V-O,V2O5_1245000_POSCAR,mp-1245000,V2O5,Triclinic,P1,1,0.104578884714285,-2.184442932428572,False,0.033399999999999,False,2.178502631804714,105,2079.5396880107955,19.805139885817102,540.3937718122925,0.25986220649109687,25.986220649109686
V-O,V2O5_1245005_POSCAR,mp-1245005,V2O5,Triclinic,P1,1,0.510205219285714,-1.7788165978571442,False,0.6144000000000001,False,2.5271615526972653,105,1792.6367547644134,17.072730997756317,540.3937718122925,0.3014519089693163,30.145190896931627
V-O,V2O5_1245040_POSCAR,mp-1245040,V2O5,Triclinic,P1,1,0.5244888929047611,-1.764532924238096,False,0.705199999999999,False,2.46424646065279,105,1838.4048639300504,17.508617751714766,540.3937718122925,0.29394709642851224,29.394709642851225
V-O,V2O5_1245049_POSCAR,mp-1245049,V2O5,Triclinic,P1,1,0.504379885666667,-1.784641931476191,False,0.7883,False,2.404227013225731,105,1884.2990521830554,17.945705258886242,540.3937718122925,0.2867876896643444,28.678768966434443
V-O,V2O5_1245058_POSCAR,mp-1245058,V2O5,Triclinic,P1,1,0.512848865190476,-1.776172951952382,False,0.7725000000000001,False,2.370115977969179,105,1911.418143270784,18.20398231686461,540.3937718122925,0.2827187623570322,28.271876235703218
V-O,V2O5_1245061_POSCAR,mp-1245061,V2O5,Triclinic,P1,1,0.528931059571428,-1.76009075757143,False,0.6666000000000001,False,2.478697744516442,105,1827.6866113451897,17.406539155668472,540.3937718122925,0.29567091450900274,29.567091450900275
V-O,V2O5_1245096_POSCAR,mp-1245096,V2O5,Triclinic,P1,1,0.507851763,-1.781170054142858,False,0.7321000000000001,False,2.629047739006507,105,1723.1648614845815,16.411093918900775,540.3937718122925,0.3136053803619926,31.36053803619926
V-O,V2O5_1245097_POSCAR,mp-1245097,V2O5,Triclinic,P1,1,0.490775203095237,-1.79824661404762,False,0.466699999999999,False,2.36788544798304,105,1913.2186851195647,18.221130334472043,540.3937718122925,0.28245269399432044,28.245269399432043
V-O,V2O5_1245101_POSCAR,mp-1245101,V2O5,Triclinic,P1,1,0.483080463285713,-1.805941353857144,False,0.7825000000000001,False,2.495114237676296,105,1815.6614295005595,17.292013614291044,540.3937718122925,0.29762915212718954,29.762915212718955
V-O,V2O5_1245118_POSCAR,mp-1245118,V2O5,Triclinic,P1,1,0.519167017380953,-1.769854799761906,False,0.7675000000000001,False,2.428213774846436,105,1865.6852732837624,17.76843117413107,540.3937718122925,0.28964894537713437,28.964894537713437
V-O,V2O5_1245120_POSCAR,mp-1245120,V2O5,Triclinic,P1,1,0.067549162142858,-2.221472655,False,1.8967,False,2.4950660614701072,105,1815.6964858457245,17.292347484244996,540.3937718122925,0.2976234056875343,29.76234056875343
V-O,V2O5_1245137_POSCAR,mp-1245137,V2O5,Triclinic,P1,1,0.107828397095239,-2.181193420047619,False,0.3371,False,2.390140342457997,105,1895.4044668455576,18.051471112814834,540.3937718122925,0.28510736429340977,28.510736429340977
V-O,V2O5_1245142_POSCAR,mp-1245142,V2O5,Triclinic,P1,1,0.504644946333333,-1.784376870809525,False,0.409299999999999,False,2.325045025189711,105,1948.4709460712218,18.556866153059254,540.3937718122925,0.27734248380860366,27.734248380860365
V-O,V2O5_1245153_POSCAR,mp-1245153,V2O5,Triclinic,P1,1,0.518077708904762,-1.770944108238096,False,0.6525000000000001,False,2.445220456712072,105,1852.7093006737316,17.64485048260697,540.3937718122925,0.29167758353443796,29.167758353443794
V-O,V2O5_1245156_POSCAR,mp-1245156,V2O5,Triclinic,P1,1,0.089973698142857,-2.199048119000001,False,1.8996,False,2.8127922117022197,105,1610.599838532454,15.339046081261467,540.3937718122925,0.3355232993843389,33.552329938433886
V-O,V2O5_1245160_POSCAR,mp-1245160,V2O5,Triclinic,P1,1,0.483543981952381,-1.805477835190477,False,0.5126000000000001,False,2.447735842001453,105,1850.8053861112817,17.626717962964587,540.3937718122925,0.2919776308559979,29.197763085599792
V-O,V2O5_1245162_POSCAR,mp-1245162,V2O5,Triclinic,P1,1,0.087059169190476,-2.201962647952381,False,1.5838,False,2.712395447932591,105,1670.2146735193978,15.906806414470456,540.3937718122925,0.32354749385215265,32.354749385215264
V-O,V2O5_1245171_POSCAR,mp-1245171,V2O5,Triclinic,P1,1,0.510945807857143,-1.778076009285714,False,0.9141999999999992,False,2.486934393323737,105,1821.6333701815236,17.348889239824032,540.3937718122925,0.2966534214063299,29.665342140632987
V-O,V2O5_1245174_POSCAR,mp-1245174,V2O5,Triclinic,P1,1,0.487889973666666,-1.801131843476191,False,0.7431,False,2.609510498012753,105,1736.0660870968181,16.53396273425541,540.3937718122925,0.3112748851145293,31.127488511452928
V-O,V2O5_1245198_POSCAR,mp-1245198,V2O5,Triclinic,P1,1,0.5187974480476191,-1.770224369095239,False,0.2495,False,2.26323296400511,105,2001.6864165468826,19.063680157589356,540.3937718122925,0.26996924560467767,26.996924560467768
V-O,V2O5_1245219_POSCAR,mp-1245219,V2O5,Triclinic,P1,1,0.125711480809524,-2.163310336333333,False,0.4488,False,2.831075240719602,105,1600.1986169668082,15.239986828255317,540.3937718122925,0.33770418626946075,33.770418626946075
V-O,V2O5_1245221_POSCAR,mp-1245221,V2O5,Triclinic,P1,1,0.479891181476191,-1.809130635666667,False,0.926099999999999,False,2.359376096543632,105,1920.1189199033422,18.286846856222308,540.3937718122925,0.28143765795479775,28.143765795479776
V-O,V2O5_1245240_POSCAR,mp-1245240,V2O5,Triclinic,P1,1,0.5070591328095241,-1.781962684333334,False,0.3435,False,2.239855088876282,105,2022.5784702730123,19.262652097838213,540.3937718122925,0.2671806210511817,26.718062105118168
V-O,V2O5_1245272_POSCAR,mp-1245272,V2O5,Triclinic,P1,1,0.5204448286190471,-1.7685769885238112,False,0.95,False,2.515967712903512,105,1800.612408648971,17.148689606180678,540.3937718122925,0.3001166543208256,30.011665432082562
V-O,V2O5_1245275_POSCAR,mp-1245275,V2O5,Triclinic,P1,1,0.490511339952381,-1.798510477190476,False,0.9927999999999992,False,2.253662027512913,105,2010.1872533314781,19.14464050791884,540.3937718122925,0.26882757858338785,26.882757858338785
V-O,V2O5_1245283_POSCAR,mp-1245283,V2O5,Triclinic,P1,1,0.537399236238095,-1.751622580904762,False,0.8613000000000001,False,2.373903537307231,105,1908.3684791334317,18.174937896508872,540.3937718122925,0.28317056046622563,28.317056046622564
V-O,V2O5_1245284_POSCAR,mp-1245284,V2O5,Triclinic,P1,1,0.50298275147619,-1.786039065666668,False,1.0438,False,2.388276586040625,105,1896.8835974411818,18.0655580708684,540.3937718122925,0.28488504647373275,28.488504647373276
V-O,V2O5_1245312_POSCAR,mp-1245312,V2O5,Triclinic,P1,1,0.5178822798571431,-1.771139537285715,False,0.8909,False,2.592591433576626,105,1747.3955300282385,16.64186219074513,540.3937718122925,0.3092566980548242,30.92566980548242
V-O,V2O5_1245315_POSCAR,mp-1245315,V2O5,Triclinic,P1,1,0.474258488904761,-1.814763328238096,False,1.1409,False,2.438372359014706,105,1857.9125807848684,17.69440553128446,540.3937718122925,0.2908607097025012,29.086070970250123
V-O,V2O5_1245325_POSCAR,mp-1245325,V2O5,Triclinic,P1,1,0.511939902904762,-1.777081914238096,False,1.073899999999999,False,2.396386060781244,105,1890.4644598210468,18.004423426867113,540.3937718122925,0.2858523835266634,28.58523835266634
V-O,V2O5_831269_POSCAR,mp-831269,V2O5,Monoclinic,P2/c,13,0.025970106530612,-2.263051710612245,False,2.3291,False,2.811388185680432,98,1503.9772371600122,15.346706501632777,504.3675203581384,0.3353558204847201,33.535582048472016
V-O,V3O5_1272338_POSCAR,mp-1272338,V3O5,Triclinic,P-1,2,0.007672148906252,-2.522345725624999,False,1.311799999999999,False,4.442525027641124,16,174.04930455065738,10.878081534416086,102.05745221888209,0.5863709279526484,58.63709279526484
V-O,V3O5_1274098_POSCAR,mp-1274098,V3O5,Monoclinic,C2,5,0.030766734531251,-2.49925114,False,0.2384,False,4.444691250883221,16,173.96447803276115,10.872779877047572,102.05745221888209,0.5866568472654661,58.66568472654661
V-O,V3O5_30987_POSCAR,mp-30987,V3O5,Monoclinic,C2/c,15,0.036715385156252,-2.493302489374999,False,0.0,True,4.749338272156889,32,325.6109999865584,10.17534374957995,204.11490443776393,0.6268673492179012,62.68673492179012
V-O,V3O5_622497_POSCAR,mp-622497,V3O5,Monoclinic,P2/c,13,0.011976644843752,-2.518041229687499,False,0.0,True,4.444064038144065,32,347.97806090230637,10.874314403197074,204.11490443776393,0.5865740613316093,58.657406133160926
V-O,V3O5_714911_POSCAR,mp-714911,V3O5,Monoclinic,Cc,9,0.010327505781251,-2.51969036875,False,0.9771,False,4.442145998010743,16,174.06415560344527,10.87900972521533,102.05745221888209,0.5863208991252077,58.63208991252077
V-O,V3O7_622640_POSCAR,mp-622640,V3O7,Monoclinic,C2/c,15,0.020618242333334,-2.338437482666667,False,1.1152,False,3.415487924570939,60,772.5006742564105,12.875011237606843,320.62348180122905,0.41504621612123904,41.504621612123906
V-O,V3O7_760992_POSCAR,mp-760992,V3O7,Trigonal,P-31c,163,0.130992134333334,-2.228063590666666,False,0.312,False,2.75028193686942,60,959.3440901698052,15.989068169496754,320.62348180122905,0.33421113976370903,33.421113976370904
V-O,V3O7_764115_POSCAR,mp-764115,V3O7,Trigonal,P31c,159,0.094816403500001,-2.2642393215,False,1.1603,False,2.613221856416101,60,1009.6604376140187,16.827673960233646,320.62348180122905,0.31755575424834026,31.755575424834028
V-O,V3O8_796383_POSCAR,mp-796383,V3O8,Orthorhombic,Pnma,62,0.12811698181818,-2.056858389090909,False,0.6103000000000001,False,3.070832851903326,44,607.4079639103353,13.804726452507621,218.56602958234703,0.35983398731764316,35.98339873176432
V-O,V4O7_1178988_POSCAR,mp-1178988,V4O7,Triclinic,P-1,2,0.189510336931817,-2.33844852909091,False,1.037999999999999,False,3.8779611446387774,22,270.41777099724544,12.291716863511157,136.87944324431953,0.5061776921669613,50.61776921669613
V-O,V4O7_1179536_POSCAR,mp-1179536,V4O7,Triclinic,P-1,2,0.515559956931818,-2.01239890909091,False,1.3076,False,4.055526276655942,22,258.57793475268375,11.753542488758352,136.87944324431953,0.529354692910041,52.9354692910041
V-O,V4O7_21018_POSCAR,mp-21018,V4O7,Triclinic,P-1,2,0.220129396931819,-2.30782946909091,False,0.3082,False,4.641027143316334,22,225.95636197505812,10.270743726139004,136.87944324431953,0.6057782221658746,60.577822216587464
V-O,V4O7_2506981_POSCAR,mp-2506981,V4O7,Triclinic,P-1,2,0.177349116477273,-2.350609749545454,False,0.947299999999999,False,3.478977717579876,22,301.4303897912991,13.701381354149959,136.87944324431953,0.4540996789974977,45.40996789974977
V-O,V4O7_555597_POSCAR,mp-555597,V4O7,Triclinic,P-1,2,0.037108528750001,-2.490850337272725,False,0.5857,False,4.733955600761849,22,221.52079498595424,10.069127044816101,136.87944324431953,0.6179078729516049,61.790787295160484
V-O,V4O7_715457_POSCAR,mp-715457,V4O7,Triclinic,P-1,2,0.215317125568182,-2.312641740454546,False,0.357799999999999,False,3.9331757941373793,22,266.62159642569,12.119163473894998,136.87944324431953,0.5133846810585322,51.33846810585322
V-O,V4O7_715493_POSCAR,mp-715493,V4O7,Triclinic,P-1,2,0.213021032840908,-2.314937833181819,False,1.0157,False,4.020495502185292,22,260.83093685083503,11.855951675037955,136.87944324431953,0.5247822397793198,52.47822397793198
V-O,V4O9_27412_POSCAR,mp-27412,V4O9,Orthorhombic,Pnma,62,0.04474085923077,-2.352025431538462,False,0.4062,False,3.5871388240264253,52,643.9338876504008,12.38334399327694,283.392969918361,0.44009637534749274,44.009637534749274
V-O,V5O14_1204545_POSCAR,mp-1204545,V5O14,Triclinic,P-1,2,0.203922899078947,-1.904386669342105,False,0.0,True,1.734166922263201,76,1833.499523669715,24.12499373249625,367.4880771138191,0.2004298732395079,20.04298732395079
V-O,V5O7_1046039_POSCAR,mp-1046039,V5O7,Orthorhombic,Cmcm,63,0.181453913993054,-2.2826896766666662,False,0.5427000000000001,False,4.165475627988402,24,292.36764787363194,12.181985328067997,166.8843925548959,0.5708032122180194,57.080321221801945
V-O,V5O9_542334_POSCAR,mp-542334,V5O9,Triclinic,P-1,2,0.029948650625,-2.496833639107143,False,0.5147,False,4.712901131491857,28,280.95663153086855,10.034165411816733,171.70143426975693,0.6111314523319668,61.113145233196676
V-O,V5O9_714932_POSCAR,mp-714932,V5O9,Triclinic,P1,1,0.039442049732143,-2.487340240000001,False,0.7785000000000001,False,4.414014992771106,28,299.9810442820658,10.713608724359492,171.70143426975693,0.572374280117212,57.23742801172121
V-O,V6O11_30518_POSCAR,mp-30518,V6O11,Triclinic,P-1,2,0.039274930661765,-2.486746045,False,0.739899999999999,False,4.703070247886312,34,340.11230093249367,10.003302968602755,206.52342529519444,0.6072212758226164,60.72212758226164
V-O,V6O11_849537_POSCAR,mp-849537,V6O11,Orthorhombic,Cmcm,63,0.074039102426471,-2.451981873235294,False,0.4496,False,4.048801227514153,34,395.072999463809,11.619794101876735,206.52342529519444,0.5227475063481608,52.27475063481608
V-O,V6O13_1196958_POSCAR,mp-1196958,V6O13,Monoclinic,Pc,7,0.044938685263158,-2.391522937894737,False,0.0332,False,3.692359329479942,38,461.99256492751226,12.157699077039796,211.34046701005548,0.45745426020701285,45.74542602070129
V-O,V6O13_1201338_POSCAR,mp-1201338,V6O13,Monoclinic,P2_1/c,14,0.04423242368421,-2.392229199473685,False,0.177299999999999,False,3.705155785080282,38,460.39698629435696,12.115710165640973,211.34046701005548,0.45903964035710254,45.90396403571025
V-O,V6O13_18896_POSCAR,mp-18896,V6O13,Monoclinic,C2/m,12,0.044744244473685,-2.39171737868421,False,0.5218,False,3.927264190918772,38,434.3590027161176,11.430500071476779,211.34046701005548,0.48655712368918136,48.65571236891814
V-O,V6O13_554064_POSCAR,mp-554064,V6O13,Orthorhombic,Fmmm,69,0.070474006842106,-2.365987616315789,False,0.0,True,3.749842713501682,38,454.9104290382283,11.971327079953376,211.34046701005548,0.46457599896505236,46.457599896505236
V-O,V6O13_714921_POSCAR,mp-714921,V6O13,Monoclinic,P2_1/m,11,0.043115810263158,-2.393345812894737,False,0.0,True,3.704669799274019,38,460.45738193028825,12.11729952448127,211.34046701005548,0.4589794306784547,45.89794306784547
V-O,V6O13_715617_POSCAR,mp-715617,V6O13,Orthorhombic,Cmcm,63,0.062673492894736,-2.373788130263159,False,0.0,True,3.730225802132954,38,457.3027608709901,12.034283180815528,211.34046701005548,0.4621456179436381,46.21456179436381
V-O,V6O13_870306_POSCAR,mp-870306,V6O13,Monoclinic,P2_1/m,11,0.043009163421054,-2.393452459736842,False,0.0,True,3.704669984714896,38,460.45735909854443,12.117298923645906,211.34046701005548,0.45897945343691554,45.89794534369155
V-O,V7O13_27151_POSCAR,mp-27151,V7O13,Triclinic,P-1,2,0.045449105312499,-2.4800389505,False,0.0,True,4.695376166544382,40,399.3339814710327,9.983349536775817,241.34541632063195,0.6043698445886928,60.43698445886928
V-O,V7O13_715598_POSCAR,mp-715598,V7O13,Triclinic,P1,1,0.0485252448125,-2.476962810999999,False,0.5731,False,4.392326269671944,40,426.88615164394076,10.67215379109852,241.34541632063195,0.5653624869094711,56.53624869094711
V-O,V7O3_1100921_POSCAR,mp-1100921,V7O3,Triclinic,P-1,2,0.8237026231250011,-0.443571223499999,False,0.821299999999999,False,4.569252337060819,10,147.03397697952278,14.703397697952278,108.6301038731634,0.7388095330393748,73.88095330393747
V-O,V7O3_542910_POSCAR,mp-542910,V7O3,Monoclinic,C2/m,12,0.831080103125,-0.4361937435,False,0.0,True,4.703127828810699,10,142.8486246812607,14.28486246812607,108.6301038731634,0.760456071002088,76.0456071002088
V-O,V7O4_1205504_POSCAR,mp-1205504,V7O4,Monoclinic,C2/m,12,0.6480725046969711,-0.8880170063636361,False,0.0,True,4.94362144307234,11,141.2735541902176,12.843050380928872,109.83436430187868,0.7774587744426132,77.74587744426132
V-O,V8O_714972_POSCAR,mp-714972,V8O,Tetragonal,P4_2/mnm,136,1.378093473379627,0.908732789444442,False,0.0,True,5.889081685415719,18,238.84553592574076,13.26919644031893,242.44811534204223,1.0150833022787646,101.50833022787647
V-O,V8O15_556566_POSCAR,mp-556566,V8O15,Triclinic,P-1,2,0.041522512663044,-2.483571645869564,False,0.6674999999999991,False,4.420959223836546,46,486.42712284697257,10.57450267058636,276.16740734606947,0.567746727875103,56.774672787510305
V-O,V9O13_1045898_POSCAR,mp-1045898,V9O13,Monoclinic,C2/m,12,0.220392138428032,-2.275753317045455,False,0.0,True,4.15978228822031,22,266.0457335149371,12.092987887042597,150.6776574708924,0.5663599843537149,56.63599843537149
V-O,V9O17_559485_POSCAR,mp-559485,V9O17,Triclinic,P-1,2,0.056927131394232,-2.46786402923077,False,0.0,True,4.409420404356642,52,550.1688368620956,10.580169939655686,310.989398371507,0.5652617479122305,56.52617479122305
V-O,V9O17_716723_POSCAR,mp-716723,V9O17,Triclinic,P1,1,0.054375948125002,-2.4704152125,False,0.5838999999999991,False,4.41329694917235,52,549.6855794529615,10.570876527941568,310.989398371507,0.5657586991476087,56.575869914760865
V-O,V9O20_1100929_POSCAR,mp-1100929,V9O20,Triclinic,P1,1,0.846564473448276,-1.5632054606896562,False,1.2888,False,3.477591384831655,29,371.71294405368104,12.817687725989002,159.1074804718992,0.42803857927778177,42.803857927778175
V-O,V9O22_1101328_POSCAR,mp-1101328,V9O22,Monoclinic,P2_1,4,0.087785557096776,-2.223827843225806,False,1.0977,False,3.508229581918317,62,767.2251536542263,12.374599252487522,323.03200265865956,0.4210393795355723,42.10393795355723
V-O,V9O22_776583_POSCAR,mp-776583,V9O22,Triclinic,P1,1,0.094034692741937,-2.217578707580645,False,0.9397,False,3.533727744018146,62,761.6891211678017,12.285308405932286,323.03200265865956,0.42409953573105447,42.40995357310545
V-O,V9O22_849581_POSCAR,mp-849581,V9O22,Monoclinic,P2_1/m,11,0.039160695483872,-2.27245270483871,False,0.0,True,3.331486660623212,62,807.9281875631563,13.031099799405746,323.03200265865956,0.39982761788888316,39.98276178888832
V-O,VO_1273331_POSCAR,mp-1273331,VO,Tetragonal,P4/nmm,129,0.062567065208332,-2.049556012500001,False,0.8225,False,5.163733621982276,8,86.10667227032731,10.763334033790914,64.82694033601398,0.7528677932471163,75.28677932471163
V-O,VO_1287184_POSCAR,mp-1287184,VO,Monoclinic,C2/m,12,0.026801248958333,-2.085321828749999,False,1.9785,False,5.594731491792294,8,79.47332576712505,9.93416572089063,64.82694033601398,0.8157069017845269,81.5706901784527
V-O,VO2_1021522_POSCAR,mp-1021522,VO2,Monoclinic,P2_1/c,14,0.075412552916651,-2.447055623750001,False,0.9877,False,4.231962906701165,24,260.35314841276454,10.848047850531856,139.28796410175005,0.5349962731425185,53.49962731425185
V-O,VO2_1040910_POSCAR,mp-1040910,VO2,Triclinic,P1,1,0.205257699166653,-2.317210477499999,False,0.9781,False,3.706569650458726,36,445.8859420163638,12.385720611565661,208.93194615262496,0.4685771101187964,46.85771101187964
V-O,VO2_1094031_POSCAR,mp-1094031,VO2,Orthorhombic,Pbca,61,0.011895987083319,-2.510572189583333,False,0.8860999999999991,False,4.484660840777928,24,245.6829860140295,10.236791083917895,139.28796410175005,0.5669418398138328,56.69418398138328
V-O,VO2_1178787_POSCAR,mp-1178787,VO2,Tetragonal,P4/ncc,130,0.08270646541665,-2.439761711250001,False,1.2334,False,3.830507350297454,48,575.2788160965843,11.984975335345505,278.5759282035,0.4842450658859817,48.42450658859817
V-O,VO2_1190609_POSCAR,mp-1190609,VO2,Orthorhombic,Pnma,62,0.079501192499986,-2.442966984166666,False,0.0,True,4.17077375663043,24,264.17277248147275,11.007198853394698,139.28796410175005,0.527260863386361,52.7260863386361
V-O,VO2_1245012_POSCAR,mp-1245012,VO2,Triclinic,P1,1,0.278021572941161,-2.24444660372549,False,0.8943000000000001,False,3.118984921087794,102,1501.3444454270436,14.719063190461211,591.973847432441,0.39429582547531883,39.42958254753188
V-O,VO2_1245047_POSCAR,mp-1245047,VO2,Triclinic,P1,1,0.617124615980376,-1.905343560686275,False,0.5321,False,3.480896640778031,102,1345.248414237181,13.188709943501774,591.973847432441,0.4400479801108838,44.00479801108838
V-O,VO2_1245059_POSCAR,mp-1245059,VO2,Triclinic,P1,1,0.257524156960769,-2.264944019705882,False,0.679299999999999,False,3.429951642627723,102,1365.2293600632834,13.384601569247875,591.973847432441,0.433607615503523,43.3607615503523
V-O,VO2_1273390_POSCAR,mp-1273390,VO2,Monoclinic,P2_1,4,0.108307110416651,-2.414161066250001,False,1.4885000000000002,False,3.930529852363094,24,280.319679084067,11.67998662850279,139.28796410175005,0.49688971019397477,49.68897101939748
V-O,VO2_1274771_POSCAR,mp-1274771,VO2,Monoclinic,Pc,7,0.113782872499983,-2.408685304166668,False,1.447899999999999,False,3.933954408707286,24,280.07565782737424,11.669819076140593,139.28796410175005,0.497322634827482,49.7322634827482
V-O,VO2_1284510_POSCAR,mp-1284510,VO2,Orthorhombic,Pmc2_1,26,0.116822026249984,-2.405646150416668,False,1.3725,False,3.9460965968586335,24,279.213861099301,11.633910879137543,139.28796410175005,0.49885762674301104,49.885762674301105
V-O,VO2_1285335_POSCAR,mp-1285335,VO2,Orthorhombic,Pmn2_1,31,0.112969702499984,-2.409498474166668,False,1.4037,False,3.952700613721517,24,278.7473614801545,11.614473395006437,139.28796410175005,0.49969249345402933,49.969249345402936
V-O,VO2_1289705_POSCAR,mp-1289705,VO2,Triclinic,P1,1,0.11369570041665,-2.408772476250001,False,1.246,False,3.921268371270814,24,280.98175421286953,11.707573092202898,139.28796410175005,0.4957188928225802,49.57188928225802
V-O,VO2_1342978_POSCAR,mp-1342978,VO2,Orthorhombic,Pmmn,59,0.199659007499985,-2.322809169166667,False,0.842,False,3.355777675326844,24,328.33071000654974,13.680446250272906,139.28796410175005,0.42423069136289887,42.42306913628989
V-O,VO2_1353031_POSCAR,mp-1353031,VO2,Triclinic,P1,1,0.181836435624985,-2.3406317410416677,False,0.6626999999999991,False,3.74848344198844,48,587.8670048040875,12.247229266751823,278.5759282035,0.47387576769398404,47.38757676939841
V-O,VO2_1361684_POSCAR,mp-1361684,VO2,Monoclinic,Cm,8,0.205285628888875,-2.317182547777777,False,0.8791,False,3.677865564501045,36,449.36588084170984,12.482385578936384,208.93194615262496,0.4649483974201008,46.49483974201008
V-O,VO2_1446045_POSCAR,mp-1446045,VO2,Monoclinic,P2_1/m,11,0.179299856249985,-2.343168320416668,False,1.0737,False,3.325204356312204,24,331.34951984112587,13.806229993380244,139.28796410175005,0.4203656735900365,42.036567359003655
V-O,VO2_20593_POSCAR,mp-20593,VO2,Tetragonal,I4/mmm,139,0.016829682083317,-2.505638494583335,False,0.0,True,4.110212713345812,48,536.1303385521281,11.169382053169336,278.5759282035,0.519604857572174,51.9604857572174
V-O,VO2_2214803_POSCAR,mp-2214803,VO2,Orthorhombic,Cmcm,63,0.186480459999984,-2.335987716666668,False,0.9444999999999992,False,3.311156896469878,24,332.75525822483263,13.864802426034693,139.28796410175005,0.41858982137447515,41.85898213744751
V-O,VO2_715035_POSCAR,mp-715035,VO2,Orthorhombic,Pma2,28,0.099881063958317,-2.422587112708335,False,0.7988000000000001,False,3.835291482672382,48,574.5612148344292,11.970025309050607,278.5759282035,0.4848498663171634,48.48498663171634
V-O,VO2_715517_POSCAR,mp-715517,VO2,Triclinic,P1,1,0.097846750208317,-2.424621426458335,False,1.0155,False,3.833929492665214,48,574.7653259222342,11.974277623379878,278.5759282035,0.48467768607390094,48.46776860739009
V-O,VO3_1208572_POSCAR,mp-1208572,VO3,Tetragonal,P4_2/ncm,138,0.990098839999999,-1.01279525,False,0.9803,False,2.229901106965233,64,1178.8378350914593,18.41934117330405,297.8440950629441,0.2526590903318234,25.26590903318234
V-S,V11S16_1100973_POSCAR,mp-1100973,V11S16,Triclinic,P1,1,0.363324368888884,-0.959058475185184,False,0.0,True,3.264395640503168,27,546.0174011386266,20.222866708838023,242.61199338122387,0.44433014932362547,44.433014932362546
V-S,V3S_555283_POSCAR,mp-555283,V3S,Tetragonal,P4_2/nbc,133,0.0,-0.6714042128125001,True,0.0,True,6.147883712000475,32,399.50819128846524,12.484630977764539,398.85177781344413,0.9983569461419449,99.8356946141945
V-S,V3S_7945_POSCAR,mp-7945,V3S,Tetragonal,I-42m,121,0.012825134375001,-0.6585790784374981,False,0.0,True,6.122752172541642,16,200.574009543309,12.535875596456812,199.4258889067221,0.9942758254711013,99.42758254711012
V-S,V3S4_799_POSCAR,mp-799,V3S4,Hexagonal,P6_3/m,176,0.056969857857135,-1.300097730714278,False,0.0,True,4.029684720166832,14,231.65673045157808,16.546909317969863,128.80723401825614,0.5560262970437632,55.60262970437632
V-S,V5S4_1133_POSCAR,mp-1133,V5S4,Tetragonal,I4/m,87,0.0,-1.1369394277777771,True,0.0,True,5.01973428414145,18,253.37297082498472,14.076276156943596,188.81713263940895,0.745214187703679,74.5214187703679
V-S,V7S8_1100925_POSCAR,mp-1100925,V7S8,Trigonal,P3_121,152,0.117307964333328,-1.173721176,False,0.0,True,4.79598108432097,45,636.8419216295601,14.152042702879115,431.42912602063285,0.6774508890945588,67.74508890945587
V-S,V7S8_1207843_POSCAR,mp-1207843,V7S8,Trigonal,P-3m1,164,0.124180541666661,-1.166848598666666,False,0.0,True,4.770096119742724,15,213.43258331197654,14.228838887465104,143.80970867354432,0.673794537094349,67.3794537094349
V-S,V7S8_1216463_POSCAR,mp-1216463,V7S8,Monoclinic,C2/m,12,0.118456942999995,-1.172572197333333,False,0.0,True,4.778354221725124,15,213.06372234438356,14.204248156292238,143.80970867354432,0.6749610261717799,67.49610261717798
Y-O,Y2O3_1178770_POSCAR,mp-1178770,Y2O3,Orthorhombic,Pnma,62,0.123080430249999,-3.8307914925,False,3.0358,False,5.707503612868075,20,262.78820725029044,13.139410362514521,244.29842126162185,0.9296399705978505,92.96399705978506
Y-O,Y2O3_1244888_POSCAR,mp-1244888,Y2O3,Triclinic,P1,1,0.242411736649998,-3.7114601861,False,2.9084000000000003,False,4.704693597244767,100,1594.0088463893508,15.940088463893508,1221.4921063081138,0.7663019619213289,76.6301961921329
Y-O,Y2O3_1244949_POSCAR,mp-1244949,Y2O3,Triclinic,P1,1,0.225957483349999,-3.7279144394,False,3.0469,False,4.724422757644054,100,1587.352274681768,15.87352274681768,1221.4921063081138,0.7695154539990174,76.95154539990175
Y-O,Y2O3_1245017_POSCAR,mp-1245017,Y2O3,Triclinic,P1,1,0.239832037049998,-3.7140398857,False,2.8211,False,4.6489365988935525,100,1613.1265823749268,16.131265823749267,1221.4921063081138,0.7572202452393855,75.72202452393854
Y-O,Y2O3_1245291_POSCAR,mp-1245291,Y2O3,Triclinic,P1,1,0.261143806749997,-3.692728116,False,2.9366000000000003,False,4.718233851405909,100,1589.4344056020886,15.894344056020886,1221.4921063081138,0.768507402383431,76.85074023834309
Y-O,Y2O3_2652_POSCAR,mp-2652,Y2O3,Cubic,Ia-3,206,0.0,-3.953871922749999,True,4.097300000000001,False,5.026122832858722,40,596.8276912015826,14.920692280039566,488.59684252324365,0.8186564560025026,81.86564560025026
Y-O,Y2O3_558573_POSCAR,mp-558573,Y2O3,Monoclinic,C2/m,12,0.03422779625,-3.919644126499997,False,3.9557,False,5.457599847821435,15,206.11596901550158,13.741064601033438,183.2238159462164,0.8889355677843501,88.89355677843501
Y-O,Y2O3_673247_POSCAR,mp-673247,Y2O3,Cubic,Pn-3m,224,0.492873679749999,-3.460998242999999,False,0.0,True,5.058089909619062,10,148.26393649585364,14.826393649585365,122.14921063081103,0.8238632638371035,82.38632638371035
Y-O,Y2O3_754759_POSCAR,mp-754759,Y2O3,Trigonal,R-3c,167,0.04944110725,-3.904430815499997,False,4.4468,False,5.155299927103416,10,145.46822353397533,14.546822353397534,122.14921063081103,0.8396968606843682,83.96968606843683
Y-O,Y2O3_775906_POSCAR,mp-775906,Y2O3,Orthorhombic,Pbca,61,0.058289611500001,-3.8955823112499983,False,4.5568,False,5.24683428475605,40,571.7217510214897,14.293043775537242,488.59684252324365,0.8546060065937188,85.46060065937188
Y-O,Y2O3_775907_POSCAR,mp-775907,Y2O3,Monoclinic,P2_1/m,11,0.041838798249999,-3.912033124499999,False,3.7011,False,5.363418063602864,30,419.4707437387364,13.982358124624547,366.44763189243275,0.8735952086343151,87.3595208634315
Y-O,Y2O3_777514_POSCAR,mp-777514,Y2O3,Monoclinic,P2_1/m,11,0.090226317249998,-3.8636456055,False,2.8013999999999992,False,5.312041951899708,20,282.35180671168285,14.117590335584143,244.29842126162185,0.8652270516939942,86.52270516939942
Y-S,Y2S3_1188645_POSCAR,mp-1188645,Y2S3,Orthorhombic,Pnma,62,0.008065812999999,-2.3745815576875,False,0.6665000000000001,False,4.210834171069141,20,432.2172865284038,21.61086432642019,288.03587524682877,0.6664145193274218,66.64145193274219
Y-S,Y2S3_32891_POSCAR,mp-32891,Y2S3,Tetragonal,I-42d,122,0.03571585675,-2.346931513937499,False,1.901899999999999,False,4.179987681547378,40,870.8137232444473,21.770343081111182,576.0717504936575,0.6615326965075259,66.15326965075259
Y-S,Y2S3_541289_POSCAR,mp-541289,Y2S3,Monoclinic,P2_1/m,11,0.0,-2.382647370687501,True,1.5992000000000002,False,3.8050672458027313,30,717.4624793760122,23.915415979200407,432.0538128702431,0.602197083875392,60.21970838753919
Zn-O,ZnO_1245015_POSCAR,mp-1245015,ZnO,Triclinic,P1,1,0.248949745874999,-1.541949366625,False,1.2763,False,4.835097081422673,80,1118.3380703947062,13.979225879933827,352.41866977984864,0.3151271329388492,31.51271329388492
Zn-O,ZnO_1245109_POSCAR,mp-1245109,ZnO,Triclinic,P1,1,0.247046137374999,-1.543852975125,False,1.2176,False,5.110085339072356,80,1058.1571111851138,13.226963889813922,352.41866977984864,0.33304947446334043,33.30494744633404
Zn-O,ZnO_1245209_POSCAR,mp-1245209,ZnO,Triclinic,P1,1,0.244845913874999,-1.546053198625,False,1.2421,False,4.98360330117961,80,1085.0127535804775,13.562659419755969,352.41866977984864,0.32480601598173664,32.48060159817366
Zn-O,ZnO_1245255_POSCAR,mp-1245255,ZnO,Triclinic,P1,1,0.388355666874999,-1.402543445624999,False,0.93,False,4.982001878640084,80,1085.361523064469,13.567019038305864,352.41866977984864,0.32470164299247545,32.47016429924754
Zn-O,ZnO_997630_POSCAR,mp-997630,ZnO,Hexagonal,P6_3/mmc,194,0.173243653333332,-1.617655459166667,False,0.5425999999999991,False,6.597744974458736,24,245.86914945500462,10.244547893958526,105.72560093395475,0.43000759212087775,43.00075921208777
Zn-S,ZnS_1196782_POSCAR,mp-1196782,ZnS,Trigonal,R3m,160,0.011916026190476,-0.95078232343006,False,1.986399999999999,False,3.979843096537789,36,732.0562295580811,20.334895265502254,224.1945823787422,0.3062532266327155,30.625322663271547
Zn-S,ZnS_1198139_POSCAR,mp-1198139,ZnS,Trigonal,R3m,160,0.012226781746031,-0.950471567874504,False,1.9919,False,3.96403091117073,36,734.9763401687845,20.416009449132904,224.1945823787422,0.3050364618910818,30.50364618910818
Zn-S,ZnS_1199343_POSCAR,mp-1199343,ZnS,Trigonal,R3m,160,0.012235388412698,-0.950462961207838,False,2.0023,False,3.978425406208524,36,732.3170945528773,20.342141515357703,224.1945823787422,0.3061441335267835,30.614413352678348
Zn-S,ZnS_1200568_POSCAR,mp-1200568,ZnS,Trigonal,R3m,160,0.012634167579365,-0.950064182041171,False,1.9998999999999991,False,3.959884875138361,36,735.7458673685567,20.43738520468213,224.1945823787422,0.3047174198620902,30.47174198620902
Zn-S,ZnS_1200836_POSCAR,mp-1200836,ZnS,Trigonal,R3m,160,0.012229034801586,-0.950469314818949,False,1.9881,False,3.963820267619967,36,735.0153980340059,20.417094389833498,224.1945823787422,0.3050202526075103,30.502025260751033
Zn-S,ZnS_1201158_POSCAR,mp-1201158,ZnS,Trigonal,R3m,160,0.012544932023809,-0.950153417596726,False,2.0046,False,3.964783449262998,36,734.836837693095,20.412134380363753,224.1945823787422,0.3050943704490454,30.50943704490454
Zn-S,ZnS_1201781_POSCAR,mp-1201781,ZnS,Trigonal,R3m,160,0.011915514523808,-0.950782835096726,False,1.9874,False,3.979675995253303,36,732.0869676566429,20.335749101573413,224.1945823787422,0.30624036799394583,30.62403679939458
Zn-S,ZnS_1202023_POSCAR,mp-1202023,ZnS,Trigonal,R3m,160,0.012243527301587,-0.9504548223189492,False,2.0011,False,3.978314512404247,36,732.3375065603344,20.342708515564844,224.1945823787422,0.30613560055355665,30.613560055355666
Zn-S,ZnS_1202182_POSCAR,mp-1202182,ZnS,Trigonal,R3m,160,0.012223650912698,-0.9504746987078372,False,1.992999999999999,False,3.964315085688287,36,734.9236538787958,20.414545941077662,224.1945823787422,0.3050583297945076,30.50583297945076
Zn-S,ZnS_1202959_POSCAR,mp-1202959,ZnS,Trigonal,R3m,160,0.012227005634921,-0.9504713439856152,False,1.992499999999999,False,3.9639726273520193,36,734.9871481914097,20.4163096719836,224.1945823787422,0.3050319763147153,30.50319763147153
Zn-S,ZnS_1244890_POSCAR,mp-1244890,ZnS,Triclinic,P1,1,0.448918640257144,-0.513779709363392,False,0.9376,False,3.2334152880082963,100,2502.9167389596273,25.029167389596275,622.7627288298398,0.24881480040310888,24.881480040310887
Zn-S,ZnS_1244921_POSCAR,mp-1244921,ZnS,Triclinic,P1,1,0.441077763257142,-0.521620586363392,False,1.0285,False,3.377444849883982,100,2396.181021051935,23.961810210519353,622.7627288298398,0.25989803080755725,25.989803080755724
Zn-S,ZnS_1244922_POSCAR,mp-1244922,ZnS,Triclinic,P1,1,0.417091351657143,-0.5456069979633921,False,0.6826000000000001,False,3.381236900669817,100,2393.493708806398,23.93493708806398,622.7627288298398,0.26018983318757205,26.018983318757204
Zn-S,ZnS_1244936_POSCAR,mp-1244936,ZnS,Triclinic,P1,1,0.443013042157144,-0.519685307463391,False,1.2177,False,3.431013214059465,100,2358.76947924725,23.587694792472497,622.7627288298398,0.2640201742090461,26.40201742090461
Zn-S,ZnS_1244969_POSCAR,mp-1244969,ZnS,Triclinic,P1,1,0.427886107257142,-0.5348122423633921,False,0.1129,False,3.477614935211221,100,2327.160826897659,23.27160826897659,622.7627288298398,0.2676062271381758,26.76062271381758
Zn-S,ZnS_1244974_POSCAR,mp-1244974,ZnS,Triclinic,P1,1,0.465639733257143,-0.497058616363392,False,0.9256,False,3.551954055814996,100,2278.455498029936,22.784554980299358,622.7627288298398,0.2733267028337007,27.33267028337007
Zn-S,ZnS_1244979_POSCAR,mp-1244979,ZnS,Triclinic,P1,1,0.481934994057143,-0.480763355563392,False,0.8320999999999991,False,3.421671622698515,100,2365.2092129787247,23.65209212978725,622.7627288298398,0.26330132886872093,26.330132886872093
Zn-S,ZnS_1244980_POSCAR,mp-1244980,ZnS,Triclinic,P1,1,0.344526581857143,-0.618171767763392,False,1.4016,False,3.337210721784858,100,2425.0698934331213,24.25069893433121,622.7627288298398,0.2568019711581209,25.680197115812092
Zn-S,ZnS_1244986_POSCAR,mp-1244986,ZnS,Triclinic,P1,1,0.425995372957142,-0.5367029766633921,False,1.4278,False,3.256978307152291,100,2484.809072781902,24.84809072781902,622.7627288298398,0.25062800021597526,25.062800021597525
Zn-S,ZnS_1244989_POSCAR,mp-1244989,ZnS,Triclinic,P1,1,0.403431638157144,-0.559266711463392,False,0.9544999999999992,False,3.521333357741026,100,2298.2684196379846,22.982684196379846,622.7627288298398,0.27097040689787455,27.097040689787455
Zn-S,ZnS_1245004_POSCAR,mp-1245004,ZnS,Triclinic,P1,1,0.450240745157143,-0.5124576044633921,False,0.8065000000000001,False,3.461028215789759,100,2338.3135711460345,23.383135711460344,622.7627288298398,0.2663298611933457,26.632986119334568
Zn-S,ZnS_1245034_POSCAR,mp-1245034,ZnS,Triclinic,P1,1,0.422883730257144,-0.539814619363392,False,1.2473,False,3.265913848420675,100,2478.010635561748,24.78010635561748,622.7627288298398,0.2513155996558763,25.13155996558763
Zn-S,ZnS_1245035_POSCAR,mp-1245035,ZnS,Triclinic,P1,1,0.437000523257143,-0.525697826363392,False,1.2791,False,3.342041642172807,100,2421.56445735612,24.2156445735612,622.7627288298398,0.25717371550364443,25.717371550364444
Zn-S,ZnS_1245050_POSCAR,mp-1245050,ZnS,Triclinic,P1,1,0.484879444057144,-0.477818905563392,False,0.8749,False,3.4851246261333597,100,2322.146297803609,23.221462978036087,622.7627288298398,0.26818410597940234,26.818410597940236
Zn-S,ZnS_1245054_POSCAR,mp-1245054,ZnS,Triclinic,P1,1,0.476190066757142,-0.486508282863392,False,0.9214,False,3.318305171842643,100,2438.8863658968967,24.388863658968965,622.7627288298398,0.2553471689119964,25.534716891199636
Zn-S,ZnS_1245062_POSCAR,mp-1245062,ZnS,Triclinic,P1,1,0.457765148657143,-0.504933200963391,False,1.2026,False,3.411736314281427,100,2372.0969335882646,23.720969335882646,622.7627288298398,0.2625367960354758,26.25367960354758
Zn-S,ZnS_1245068_POSCAR,mp-1245068,ZnS,Triclinic,P1,1,0.474199691757142,-0.488498657863392,False,0.8571000000000001,False,3.507317748357403,100,2307.4525405369013,23.074525405369013,622.7627288298398,0.2698918906843191,26.989189068431912
Zn-S,ZnS_1245070_POSCAR,mp-1245070,ZnS,Triclinic,P1,1,0.404888341257143,-0.557810008363392,False,1.3621,False,3.323627900364432,100,2434.9805373025824,24.349805373025823,622.7627288298398,0.25575675833521144,25.575675833521146
Zn-S,ZnS_1245082_POSCAR,mp-1245082,ZnS,Triclinic,P1,1,0.473347185157143,-0.489351164463391,False,0.8792000000000001,False,3.360750598166495,100,2408.083854196136,24.080838541961363,622.7627288298398,0.25861338995511424,25.861338995511424
Zn-S,ZnS_1245117_POSCAR,mp-1245117,ZnS,Triclinic,P1,1,0.412470070757143,-0.5502282788633921,False,0.342299999999999,False,3.396601331167333,100,2382.666807141497,23.82666807141497,622.7627288298398,0.26137214274494924,26.137214274494923
Zn-S,ZnS_1245121_POSCAR,mp-1245121,ZnS,Triclinic,P1,1,0.409536382257144,-0.5531619673633911,False,1.0069,False,3.37080819483124,100,2400.8987704372107,24.008987704372107,622.7627288298398,0.2593873329846526,25.938733298465262
Zn-S,ZnS_1245122_POSCAR,mp-1245122,ZnS,Triclinic,P1,1,0.399689549757143,-0.563008799863391,False,1.273699999999999,False,3.442982948240086,100,2350.5690757376124,23.505690757376122,622.7627288298398,0.26494125837778915,26.494125837778913
Zn-S,ZnS_1245136_POSCAR,mp-1245136,ZnS,Triclinic,P1,1,0.443988527057143,-0.518709822563391,False,1.0437,False,3.402311028375854,100,2378.6682579163007,23.786682579163006,622.7627288298398,0.2618115101831713,26.181151018317127
Zn-S,ZnS_1245169_POSCAR,mp-1245169,ZnS,Triclinic,P1,1,0.451604389657143,-0.511093959963392,False,0.9117999999999992,False,3.406059766791562,100,2376.0502760601303,23.7605027606013,622.7627288298398,0.26209997957723336,26.209997957723335
Zn-S,ZnS_1245194_POSCAR,mp-1245194,ZnS,Triclinic,P1,1,0.399770125357143,-0.5629282242633911,False,1.2387,False,3.202557748065416,100,2527.033041709906,25.270330417099057,622.7627288298398,0.24644027939122243,24.644027939122243
Zn-S,ZnS_1245197_POSCAR,mp-1245197,ZnS,Triclinic,P1,1,0.454991557357143,-0.507706792263392,False,0.8638,False,3.336578600438042,100,2425.529327997845,24.25529327997845,622.7627288298398,0.25675332870285256,25.675332870285256
Zn-S,ZnS_1245199_POSCAR,mp-1245199,ZnS,Triclinic,P1,1,0.416555033057143,-0.546143316563392,False,1.253299999999999,False,3.402578320417362,100,2378.4814004835052,23.784814004835052,622.7627288298398,0.26183207852844365,26.183207852844365
Zn-S,ZnS_1245201_POSCAR,mp-1245201,ZnS,Triclinic,P1,1,0.447909271157143,-0.5147890784633921,False,0.8819999999999991,False,3.4318423868861743,100,2358.199571996786,23.581995719967857,622.7627288298398,0.26408398009440764,26.408398009440763
Zn-S,ZnS_1245213_POSCAR,mp-1245213,ZnS,Triclinic,P1,1,0.413130414857143,-0.549567934763392,False,0.8508000000000001,False,3.432845560415247,100,2357.510441977795,23.57510441977795,622.7627288298398,0.26416117517061055,26.416117517061053
Zn-S,ZnS_1245216_POSCAR,mp-1245216,ZnS,Triclinic,P1,1,0.467484143157143,-0.495214206463392,False,0.8635,False,3.538992880607663,100,2286.800092324674,22.86800092324674,622.7627288298398,0.27232932643306085,27.232932643306086
Zn-S,ZnS_1245220_POSCAR,mp-1245220,ZnS,Triclinic,P1,1,0.438002157657143,-0.524696191963391,False,1.0574,False,3.375122418503077,100,2397.8298406436934,23.978298406436934,622.7627288298398,0.259719317139977,25.971931713997698
Zn-S,ZnS_1245222_POSCAR,mp-1245222,ZnS,Triclinic,P1,1,0.460168356557144,-0.5025299930633921,False,0.476,False,3.346384158474641,100,2418.422053612143,24.18422053612143,622.7627288298398,0.2575078770472195,25.75078770472195
Zn-S,ZnS_1245236_POSCAR,mp-1245236,ZnS,Triclinic,P1,1,0.429108357157144,-0.533589992463391,False,0.8346,False,3.381851496787245,100,2393.058731774456,23.93058731774456,622.7627288298398,0.26023712688742096,26.023712688742094
Zn-S,ZnS_1245238_POSCAR,mp-1245238,ZnS,Triclinic,P1,1,0.460099743157144,-0.502598606463392,False,1.2996,False,3.344412060118927,100,2419.848124513998,24.198481245139977,622.7627288298398,0.25735612186608425,25.735612186608424
Zn-S,ZnS_1245246_POSCAR,mp-1245246,ZnS,Triclinic,P1,1,0.421624679257144,-0.541073670363391,False,1.0438,False,3.478154276570149,100,2326.799965058609,23.267999650586088,622.7627288298398,0.26764773000766023,26.764773000766024
Zn-S,ZnS_1245248_POSCAR,mp-1245248,ZnS,Triclinic,P1,1,0.454107809657143,-0.508590539963393,False,0.793199999999999,False,3.374466291188975,100,2398.2960706226195,23.982960706226194,622.7627288298398,0.25966882757230425,25.966882757230426
Zn-S,ZnS_1245280_POSCAR,mp-1245280,ZnS,Triclinic,P1,1,0.436564518657142,-0.5261338309633921,False,1.1832,False,3.454425136190244,100,2342.7832209882467,23.427832209882467,622.7627288298398,0.2658217470787341,26.582174707873413
Zn-S,ZnS_1245296_POSCAR,mp-1245296,ZnS,Triclinic,P1,1,0.474134783957143,-0.488563565663391,False,0.823399999999999,False,3.427296143919131,100,2361.3276791105322,23.61327679110532,622.7627288298398,0.26373414174538573,26.373414174538574
Zn-S,ZnS_1245300_POSCAR,mp-1245300,ZnS,Triclinic,P1,1,0.402688916257144,-0.560009433363392,False,1.144199999999999,False,3.322576197370245,100,2435.751287955156,24.35751287955156,622.7627288298398,0.2556758286075493,25.56758286075493
Zn-S,ZnS_1245310_POSCAR,mp-1245310,ZnS,Triclinic,P1,1,0.445775357057142,-0.516922992563393,False,0.585,False,3.328938959102771,100,2431.0957177559217,24.310957177559217,622.7627288298398,0.2561654501225049,25.61654501225049
Zn-S,ZnS_1245316_POSCAR,mp-1245316,ZnS,Triclinic,P1,1,0.472086533757144,-0.490611815863392,False,0.6392,False,3.332050877034095,100,2428.8252334166345,24.288252334166344,622.7627288298398,0.25640491553762307,25.640491553762306
Zn-S,ZnS_1245317_POSCAR,mp-1245317,ZnS,Triclinic,P1,1,0.418789935957143,-0.543908413663392,False,1.170599999999999,False,3.361885434654698,100,2407.270981961596,24.072709819615962,622.7627288298398,0.25870071690989,25.870071690989
Zn-S,ZnS_1245319_POSCAR,mp-1245319,ZnS,Triclinic,P1,1,0.435725473457143,-0.5269728761633921,False,1.4226,False,3.4200038690571,100,2366.362601973617,23.66362601973617,622.7627288298398,0.26317299314586745,26.317299314586744
Zn-S,ZnS_553880_POSCAR,mp-553880,ZnS,Trigonal,P3m1,156,0.000414319175824,-0.962284030444712,False,2.0298,False,4.136631015977919,52,1017.3360867773795,19.564155514949604,323.8366189915165,0.3183182265924876,31.83182265924876
Zn-S,ZnS_553916_POSCAR,mp-553916,ZnS,Trigonal,P3m1,156,0.000252992589285,-0.9624453570312492,False,2.0251,False,4.140470222531364,48,938.2087138513705,19.54601487190355,298.92610983832293,0.31861365752106874,31.861365752106874
Zn-S,ZnS_554004_POSCAR,mp-554004,ZnS,Trigonal,P3m1,156,0.00101263142857,-0.961685718191964,False,2.0279,False,4.133526938798199,56,1096.4154462945367,19.578847255259582,348.7471281447101,0.31807936428052114,31.807936428052113
Zn-S,ZnS_554115_POSCAR,mp-554115,ZnS,Trigonal,P3m1,156,0.000359802380952,-0.9623385472395832,False,2.0169,False,4.134202143606421,48,939.6311796338001,19.57564957570417,298.92610983832293,0.3181313224991348,31.81313224991348
Zn-S,ZnS_554253_POSCAR,mp-554253,ZnS,Trigonal,P3m1,156,0.000718873791209,-0.9619794758293272,False,1.9769,False,4.135127728855325,52,1017.7059308495818,19.571267900953497,323.8366189915165,0.31820254670342485,31.820254670342486
Zn-S,ZnS_554503_POSCAR,mp-554503,ZnS,Trigonal,P3m1,156,0.000512708749999,-0.962185640870535,False,2.0191,False,4.133865216379459,56,1096.3257233674094,19.57724506013231,348.7471281447101,0.3181053957883237,31.81053957883237
Zn-S,ZnS_554608_POSCAR,mp-554608,ZnS,Trigonal,P3m1,156,0.000208595906592,-0.9624897537139432,False,2.015,False,4.136003121754603,52,1017.4905312225577,19.5671256004338,323.8366189915165,0.3182699092073252,31.826990920732516
Zn-S,ZnS_554630_POSCAR,mp-554630,ZnS,Trigonal,P3m1,156,0.000765389047618,-0.961932960572916,False,1.9824,False,4.131565763767565,48,940.2307655573713,19.588140949111903,298.92610983832293,0.31792844989614727,31.79284498961473
Zn-S,ZnS_554681_POSCAR,mp-554681,ZnS,Trigonal,P3m1,156,0.000200180892857,-0.9624981687276772,False,2.0164,False,4.13915088132992,56,1094.925725148063,19.5522450919297,348.7471281447101,0.31851213295545705,31.851213295545705
Zn-S,ZnS_554713_POSCAR,mp-554713,ZnS,Trigonal,P3m1,156,0.000686346130951,-0.962012003489583,False,2.034,False,4.1399412200845,48,938.3285976571595,19.548512451190824,298.92610983832293,0.3185729504404838,31.857295044048378
Zn-S,ZnS_554820_POSCAR,mp-554820,ZnS,Trigonal,P3m1,156,0.0,-0.962698349620534,True,2.0195,False,4.141139565305906,56,1094.3999123482856,19.54285557764796,348.7471281447101,0.31866516454336447,31.86651645433645
Zn-S,ZnS_554829_POSCAR,mp-554829,ZnS,Trigonal,P3m1,156,0.000240964672618,-0.962457384947916,False,2.0216,False,4.13646643797577,48,939.1168266126416,19.564933887763367,298.92610983832293,0.3183055625960169,31.83055625960169
Zn-S,ZnS_554889_POSCAR,mp-554889,ZnS,Trigonal,P3m1,156,0.000642959880952,-0.962055389739583,False,2.0385,False,4.135282873167822,48,939.3856140233422,19.570533625486295,298.92610983832293,0.3182144854848662,31.821448548486618
Zn-S,ZnS_554961_POSCAR,mp-554961,ZnS,Trigonal,P3m1,156,0.000508524285713,-0.9621898253348212,False,2.018,False,4.136811019794761,56,1095.5450360160282,19.563304214571932,348.7471281447101,0.3183320782621006,31.833207826210057
Zn-S,ZnS_554986_POSCAR,mp-554986,ZnS,Trigonal,P3m1,156,0.000997358298318,-0.961700991322216,False,2.0291,False,3.997283655978585,68,1376.7396971821258,20.246172017384204,423.4786556042908,0.3075952966788534,30.75952966788534
Zn-S,ZnS_554999_POSCAR,mp-554999,ZnS,Trigonal,P3m1,156,0.000470829672618,-0.962227519947916,False,2.0197,False,4.139692758850113,48,938.384916464983,19.549685759687147,298.92610983832293,0.3185538307290958,31.855383072909582
Zn-S,ZnS_555079_POSCAR,mp-555079,ZnS,Trigonal,P3m1,156,1.536946428615238e-05,-0.9626829801562492,False,2.018799999999999,False,4.136732567085231,56,1095.5658123720743,19.5636752209299,348.7471281447101,0.31832604139920817,31.832604139920818
Zn-S,ZnS_555151_POSCAR,mp-555151,ZnS,Trigonal,P3m1,156,0.000506215178571,-0.962192134441963,False,2.0233,False,4.136194083695638,56,1095.708442870946,19.566222194124038,348.7471281447101,0.31828460427933924,31.828460427933926
Zn-S,ZnS_555214_POSCAR,mp-555214,ZnS,Trigonal,P3m1,156,0.013718194945054,-0.948980154675481,False,1.596,False,4.149025430112542,52,1014.296988809619,19.505711323261906,323.8366189915165,0.3192719909102479,31.92719909102479
Zn-S,ZnS_555311_POSCAR,mp-555311,ZnS,Trigonal,P3m1,156,0.000726035714285,-0.96197231390625,False,2.0305,False,4.134737859378411,52,1017.8018915742894,19.573113299505565,323.8366189915165,0.31817254582875737,31.817254582875737
Zn-S,ZnS_555381_POSCAR,mp-555381,ZnS,Trigonal,P3m1,156,0.000243997380952,-0.9624543522395832,False,2.0142,False,4.140940447901398,48,938.1021735164419,19.54379528159254,298.92610983832293,0.31864984249829553,31.864984249829554
Zn-S,ZnS_555543_POSCAR,mp-555543,ZnS,Trigonal,P3m1,156,0.000587033005952,-0.962111316614583,False,2.025,False,4.14039751074205,48,938.2251896935226,19.546358118615053,298.92610983832293,0.31860806245883155,31.860806245883154
Zn-S,ZnS_555583_POSCAR,mp-555583,ZnS,Trigonal,P3m1,156,0.000447351547618,-0.962250998072916,False,2.03,False,4.135708550404982,48,939.2889264341196,19.568519300710825,298.92610983832293,0.3182472415310532,31.824724153105322
Zn-S,ZnS_555594_POSCAR,mp-555594,ZnS,Trigonal,P3m1,156,0.000243149880951,-0.962455199739583,False,2.0252,False,4.140512733484914,48,938.1990800894241,19.54581416852967,298.92610983832293,0.3186169291594604,31.861692915946037
Zn-S,ZnS_555628_POSCAR,mp-555628,ZnS,Trigonal,P3m1,156,0.000654478422617,-0.962043871197916,False,2.036,False,4.138630196504454,48,938.6258384378086,19.554704967454345,298.92610983832293,0.31847206586155485,31.847206586155487
Zn-S,ZnS_555664_POSCAR,mp-555664,ZnS,Trigonal,P3m1,156,3.0131339286754152e-05,-0.962668218281249,False,2.0194,False,4.141497669370025,48,937.9759580842473,19.54116579342182,298.92610983832293,0.31869272049238806,31.869272049238806
Zn-S,ZnS_555666_POSCAR,mp-555666,ZnS,Trigonal,P3m1,156,0.000281377745535,-0.9624169718750012,False,1.858099999999999,False,4.139642475017291,64,1251.1950858848782,19.54992321695122,398.5681464510972,0.31854996151077375,31.854996151077376
Zn-S,ZnS_555782_POSCAR,mp-555782,ZnS,Trigonal,P3m1,156,0.000363658714285,-0.96233469090625,False,1.9917,False,4.140591107212218,40,781.8177677675948,19.54544419418987,249.10509153193578,0.318622960236925,31.862296023692497
Zn-S,ZnS_556000_POSCAR,mp-556000,ZnS,Trigonal,P3m1,156,0.000610573896103,-0.962087775724432,False,2.0254,False,4.136395195341013,44,860.8719193878266,19.565270895177875,274.01560068512936,0.3183000798539046,31.830007985390463
Zn-S,ZnS_556155_POSCAR,mp-556155,ZnS,Trigonal,P3m1,156,0.000348543464285,-0.96234980615625,False,2.0223,False,4.140570387997359,40,781.8216801500442,19.545542003751105,249.10509153193578,0.3186213657878207,31.862136578782067
Zn-S,ZnS_556207_POSCAR,mp-556207,ZnS,Trigonal,P3m1,156,0.000590806214285,-0.96210754340625,False,2.0276,False,4.139649203780353,40,781.9956562507247,19.549891406268117,249.10509153193578,0.31855047984060325,31.855047984060324
Zn-S,ZnS_556280_POSCAR,mp-556280,ZnS,Trigonal,P3m1,156,0.000358706714285,-0.9623396429062512,False,2.0238,False,4.140281995133783,40,781.8761378718784,19.54690344679696,249.10509153193578,0.3185991737897943,31.85991737897943
Zn-S,ZnS_556543_POSCAR,mp-556543,ZnS,Trigonal,P3m1,156,0.000116846850648,-0.9625815027698872,False,2.0163,False,4.136662865877198,44,860.8162140757008,19.564004865356836,274.01560068512936,0.31832067775274525,31.832067775274524
Zn-S,ZnS_556732_POSCAR,mp-556732,ZnS,Trigonal,P3m1,156,0.000354132964286,-0.962344216656249,False,2.0239,False,4.141060971932565,40,781.7290587767747,19.543226469419366,249.10509153193578,0.318659116909032,31.865911690903197
Zn-S,ZnS_556784_POSCAR,mp-556784,ZnS,Trigonal,P3m1,156,7.180753246771587e-05,-0.9626265420880672,False,1.992,False,4.140502680206261,44,860.0179118309572,19.545861632521756,274.01560068512936,0.3186161554493171,31.86161554493171
Zn-S,ZnS_557009_POSCAR,mp-557009,ZnS,Trigonal,P3m1,156,0.000592540464285,-0.96210580915625,False,2.0302,False,4.139898632655899,40,781.9485423600879,19.5487135590022,249.10509153193578,0.3185696731144013,31.856967311440133
Zn-S,ZnS_557062_POSCAR,mp-557062,ZnS,Trigonal,P3m1,156,0.000590483714285,-0.96210786590625,False,2.0301,False,4.135878717029721,40,782.7085667183386,19.567714167958464,249.10509153193578,0.3182603361253071,31.826033612530708
Zn-S,ZnS_557418_POSCAR,mp-557418,ZnS,Trigonal,P3m1,156,0.000582661464285,-0.962115688156249,False,2.018199999999999,False,4.140206217097838,40,781.8904488416567,19.547261221041417,249.10509153193578,0.3185933424573433,31.859334245734328
Zn-S,ZnS_561286_POSCAR,mp-561286,ZnS,Hexagonal,P6_3mc,186,0.000110045464285,-0.96258830415625,False,2.0218,False,4.138610788290733,40,782.191866678108,19.5547966669527,249.10509153193578,0.3184705724311103,31.84705724311103
Zn-S,ZnS_581405_POSCAR,mp-581405,ZnS,Trigonal,P3m1,156,0.000764768732143,-0.9619335808883932,False,1.8885,False,3.998964907527228,80,1619.0128091164524,20.237660113955656,498.2101830638717,0.3077246704031706,30.772467040317057
Zn-S,ZnS_581425_POSCAR,mp-581425,ZnS,Trigonal,P3m1,156,0.000669197162697,-0.962029152457838,False,2.018399999999999,False,4.000432561751981,72,1456.5769520252832,20.2302354447956,448.3891647574844,0.30783760798495824,30.783760798495823
Zn-S,ZnS_582680_POSCAR,mp-582680,ZnS,Trigonal,P3m1,156,0.000839547579365,-0.961858802041169,False,1.9845,False,4.001714459107337,72,1456.1103506684547,20.223754870395204,448.3891647574844,0.3079362526003905,30.793625260039047
Zn-S,ZnS_647075_POSCAR,mp-647075,ZnS,Trigonal,P3m1,156,0.000859523716517,-0.961838825904019,False,1.9988,False,3.994435334097854,128,2593.357949425802,20.260608979889078,797.1362929021952,0.30737611561824313,30.737611561824313
Zn-S,ZnS_680085_POSCAR,mp-680085,ZnS,Trigonal,P3m1,156,0.000461534902598,-0.9622368147179372,False,2.0155,False,3.999541079378795,88,1780.657533394444,20.234744697664137,548.0312013702589,0.3077690072866253,30.776900728662532
Zn-S,ZnS_680087_POSCAR,mp-680087,ZnS,Trigonal,P3m1,156,0.00058276478896,-0.962115584831574,False,2.0198,False,3.99853057589585,88,1781.1075381330422,20.23985838787548,548.0312013702589,0.30769124807854414,30.769124807854414
Zr-O,Zr19O40_685070_POSCAR,mp-685070,Zr19O40,Triclinic,P1,1,0.108496557711864,-3.575846019152542,False,0.1026,False,5.602303597243692,59,703.432861787775,11.922590877758898,474.70706972037465,0.6748434648246406,67.48434648246406
Zr-O,Zr27O49_684977_POSCAR,mp-684977,Zr27O49,Trigonal,P3m1,156,0.116127795493419,-3.578150040592106,False,0.0,True,5.866380137850064,76,919.1019179576534,12.093446288916493,665.1397936090314,0.7236844800487914,72.36844800487914
Zr-O,Zr2O_10735_POSCAR,mp-10735,Zr2O,Cubic,Pn-3m,224,0.228009072499997,-1.771641915000001,False,0.0,True,5.683818024774703,6,115.95362797641955,19.32560466273659,92.20571087253879,0.7951947039663979,79.51947039663979
Zr-O,Zr2O_753629_POSCAR,mp-753629,Zr2O,Trigonal,P312,149,0.008804855277775,-1.990846132222222,False,0.0,True,6.854541899733948,18,288.4478626872027,16.02488126040015,276.61713261761633,0.9589848579241657,95.89848579241657
Zr-O,Zr3O_1017_POSCAR,mp-1017,Zr3O,Hexagonal,P6_322,182,0.007423523749999,-1.538735771875001,False,0.0,True,6.699842819825176,8,143.588645060299,17.948580632537375,137.10430588009288,0.9548408637919589,95.48408637919589
Zr-O,Zr3O_14024_POSCAR,mp-14024,Zr3O,Trigonal,R-3c,167,0.0,-1.546159295625,True,0.0,True,6.688575555944507,8,143.83052803056555,17.978816003820693,137.10430588009288,0.9532350868583109,95.32350868583109
Zr-O,Zr3O_561418_POSCAR,mp-561418,Zr3O,Trigonal,R32,155,0.000898194375,-1.545261101249999,False,0.0,True,6.690771496809814,16,287.5666439157934,17.972915244737088,274.2086117601858,0.9535480472501562,95.35480472501561
Zr-O,Zr4O_1215377_POSCAR,mp-1215377,Zr4O,Trigonal,R-3,148,0.0,-1.240729299,True,0.0,True,6.611601408616027,15,286.9917527803505,19.132783518690033,273.00435133147056,0.9512620090529736,95.12620090529737
Zr-O,Zr6O11_761151_POSCAR,mp-761151,Zr6O11,Orthorhombic,Pmm2,25,0.08387070720588,-3.623043120294117,False,0.371,False,5.759799280375676,17,208.53678271832567,12.266869571666216,147.9426497385302,0.7094319180053668,70.94319180053668
Zr-O,ZrO2_1100824_POSCAR,mp-1100824,ZrO2,Orthorhombic,Pmm2,25,0.6057422061111091,-3.207875548888889,False,0.0,True,5.482647500825143,72,895.6969344392551,12.44023520054521,596.5876406689848,0.6660597102997504,66.60597102997504
Zr-O,ZrO2_1190186_POSCAR,mp-1190186,ZrO2,Orthorhombic,Pbca,61,0.013256612916665,-3.800361142083333,False,3.579399999999999,False,6.03484036251742,24,271.2466425017191,11.30194343757163,198.86254688966062,0.7331428881682849,73.3142888168285
Zr-O,ZrO2_1245318_POSCAR,mp-1245318,ZrO2,Triclinic,P1,1,0.222679637888887,-3.590938117111112,False,2.9114,False,5.262636308408363,90,1166.428352522308,12.960315028025644,745.734550836231,0.6393316393789981,63.933163937899806
Zr-O,ZrO2_775910_POSCAR,mp-775910,ZrO2,Tetragonal,P4/n,85,0.047335141333332,-3.7662826136666654,False,3.4197,False,6.232379834017383,30,328.31162211737694,10.943720737245899,248.5781836120758,0.7571409809038222,75.71409809038222
Zr-O,ZrO2_775980_POSCAR,mp-775980,ZrO2,Orthorhombic,Pbcn,60,0.062707775555553,-3.750909979444446,False,3.6766,False,5.33759427761455,36,460.01909321729374,12.778308144924827,298.293820334491,0.6484379121055079,64.84379121055079
Zr-O,ZrO2_776386_POSCAR,mp-776386,ZrO2,Orthorhombic,Pnma,62,0.088289675833333,-3.725328079166665,False,3.617099999999999,False,4.912016432077602,24,333.2501446202098,13.885422692508742,198.86254688966062,0.5967365659099573,59.673656590995726
Zr-O,ZrO2_776404_POSCAR,mp-776404,ZrO2,Orthorhombic,Pbca,61,0.009497303333333,-3.804120451666666,False,3.54,False,5.781420117936309,24,283.1363493699907,11.797347890416278,198.86254688966062,0.7023561168749668,70.23561168749669
Zr-O,ZrO2_776427_POSCAR,mp-776427,ZrO2,Orthorhombic,Pbca,61,0.06092109333333,-3.752696661666667,False,3.715499999999999,False,5.105015564475803,24,320.6513605477699,13.36047335615708,198.86254688966062,0.6201830753187605,62.01830753187605
Zr-O,ZrO2_963_POSCAR,mp-963,ZrO2,Orthorhombic,Pnma,62,0.103069525833333,-3.710548229166665,False,2.8574,False,6.508923782587941,12,125.74507253761895,10.47875604480158,99.43127344483042,0.7907369365514003,79.07369365514003
Zr-S,Zr21S8_1193856_POSCAR,mp-1193856,Zr21S8,Tetragonal,I4/m,87,0.096460308879308,-0.954136957931035,False,0.0,True,6.311453086111339,29,571.5106752004333,19.707264662083908,510.22763366584513,0.8927700842804105,89.27700842804104
Zr-S,Zr23S32_673649_POSCAR,mp-673649,Zr23S32,Triclinic,P1,1,0.024630879568181,-1.834789135636363,False,0.0,True,4.661589993811543,55,1112.9055308045247,20.23464601462772,671.5033869329793,0.6033786052330482,60.33786052330482
Zr-S,Zr2S_1197374_POSCAR,mp-1197374,Zr2S,Orthorhombic,Pnnm,58,0.0,-1.264283809166663,True,0.0,True,6.357514469225585,36,672.3518478750008,18.67644021875002,596.9717192204397,0.8878858905604209,88.78858905604208
Zr-S,Zr3S_1188005_POSCAR,mp-1188005,Zr3S,Cubic,Pm-3m,221,0.615779533374999,-0.338658789375,False,0.0,True,6.513568106794313,4,77.9431832570406,19.48579581426015,72.19694077214703,0.9262765229135735,92.62765229135735
Zr-S,Zr3S4_1329763_POSCAR,mp-1329763,Zr3S4,Triclinic,P-1,2,0.549957316785713,-1.310823269464286,False,0.0,True,4.766736650354742,56,1120.1353659767392,20.002417249584628,693.9526844367564,0.6195257336881256,61.95257336881256
Zr-S,Zr3S4_684711_POSCAR,mp-684711,Zr3S4,Monoclinic,C2/m,12,0.683334865392857,-1.177445720857142,False,0.0,True,4.798360863709186,35,695.470606783583,19.870588765245227,433.7204277729727,0.6236358856039161,62.36358856039161
Zr-S,Zr3S4_684749_POSCAR,mp-684749,Zr3S4,Triclinic,P-1,2,0.0,-1.86078058625,True,0.0,True,4.81220661073748,56,1109.5513427087433,19.813416834084702,693.9526844367564,0.6254353969259435,62.54353969259435
Zr-S,Zr40S27_1100827_POSCAR,mp-1100827,Zr40S27,Trigonal,P3m1,156,0.147754525223879,-1.292167270037313,False,0.0,True,5.474755550886056,67,1369.3507551014402,20.438070971663286,1028.8962031931105,0.7513752041688478,75.13752041688478
Zr-S,Zr63S128_1024087_POSCAR,mp-1024087,Zr63S128,Trigonal,P-3m1,164,0.029401309528794,-1.8074487296335071,False,0.0,True,3.459885382118344,191,4728.101046370345,24.754455740158875,2034.9839201223804,0.4304019521081494,43.04019521081494
Zr-S,Zr64S127_1096929_POSCAR,mp-1096929,Zr64S127,Trigonal,P3m1,156,0.027560166475785,-1.820977061217276,False,0.1044,False,3.245944991099369,191,5069.99458643845,26.544474274546857,2052.5841693653415,0.40484938087620975,40.484938087620975
Zr-S,Zr9S2_27191_POSCAR,mp-27191,Zr9S2,Tetragonal,I4_1/amd,141,0.0,-0.7009283793181821,True,0.0,True,6.32391132544513,44,929.6901477350091,21.129321539432024,846.9670962225013,0.9110208366582728,91.10208366582728
