block,chemsys,ligand,source,delta_E,dip_x,dip_y,baseline_y,left_anchor,right_anchor,n_points,dip_method,material_id,formula,crystal_system,space_group_symbol,space_group_number,energy_above_hull,formation_energy,predicted_stable,band_gap,is_metal,density,n_sites,cell_volume,volume_per_atom,sphere_volume_sum,packing_fraction,packing_percent
d-block,Co-O,O,CoO_1245089_POSCAR,-0.3565828424330174,12.6013833719,-0.70614761622615,-0.3495647737931325,11.5932727021,24.6987114089,35,local_max_drop,mp-1245089,CoO,Triclinic,P1,1,0.368803691000001,-0.9030274552499992,False,0.2662,False,4.86844442630118,80,1022.3265619836724,12.779082024795905,383.3366329362017,0.374964954634842,37.496495463484194
d-block,Co-O,O,CoO_1245304_POSCAR,-0.3275817646574399,12.8282520109,-0.67318304919288,-0.3456012845354401,11.80199185,25.1433739413,35,local_max_drop,mp-1245304,CoO,Triclinic,P1,1,0.384123679375001,-0.887707466874999,False,0.347099999999999,False,4.769569983452121,80,1043.5196621725745,13.043995777157182,383.3366329362017,0.3673496981725357,36.73496981725357
d-block,Co-O,O,CoO_1244939_POSCAR,-0.3274956693999747,13.4604787084,-0.67297930520125,-0.3454836358012753,11.9073465498,25.3678252582,35,local_max_drop,mp-1244939,CoO,Triclinic,P1,1,0.409406951625,-0.8624241946250011,False,0.258099999999999,False,4.987670439084296,80,997.8887166000145,12.473608957500181,383.3366329362017,0.384147677550958,38.4147677550958
d-block,Co-O,O,CoO_1244882_POSCAR,-0.3076260919169628,12.4927407614,-0.65537407466901,-0.3477479827520472,11.4933215005,24.4857718923,35,local_max_drop,mp-1244882,CoO,Triclinic,P1,1,0.401737901749999,-0.8700932445,False,0.2197,False,4.766298154811251,80,1044.2359859289354,13.052949824111693,383.3366329362017,0.3670977040646532,36.70977040646532
d-block,Co-O,O,Co29O40_705563_POSCAR,-0.2357211218030979,9.905846033,-0.54031480659263,-0.3045936847895321,9.1438578766,18.6687098314,35,local_max_drop,mp-705563,Co29O40,Triclinic,P1,1,0.095079775942028,-1.181368133913043,False,0.0,True,5.358234126387961,69,727.9768600684695,10.55038927635463,291.1659235946139,0.39996590491520356,39.99659049152036
d-block,Co-O,O,Co23O32_2740066_POSCAR,-0.2154522414443121,9.8910394103,-0.43595153022094,-0.2204992887766279,8.4257002384,17.9504048558,35,local_max_drop,mp-2740066,Co23O32,Tetragonal,I-42m,121,0.004434659181818,-1.332651985636364,False,0.0,True,6.004672964463483,55,516.4251589850538,9.389548345182797,231.25690779675315,0.4478033336935974,44.780333369359745
d-block,Co-O,O,Co23O32_705564_POSCAR,-0.2043510323864294,9.8040115447,-0.43332187480738,-0.2289708424209505,8.6727794434,18.4767909882,35,local_max_drop,mp-705564,Co23O32,Triclinic,P1,1,0.0,-1.272912193454546,True,0.0,True,5.523838474278383,55,561.3785057702239,10.206881923094981,231.25690779675315,0.41194471362857665,41.19447136285766
d-block,Co-O,O,Co21O40_850026_POSCAR,-0.1452414515153428,13.0868100095,-0.31046804622078,-0.1652265947054371,12.1174166754,23.7501366839,35,local_max_drop,mp-850026,Co21O40,Tetragonal,I-4,82,0.048658195807965,-1.049597354918032,False,0.0,True,4.834274586470409,61,644.9330543088015,10.572673021455762,224.13268043709567,0.3475285984175628,34.752859841756276
d-block,Co-O,O,CoO2_1245099_POSCAR,-0.1288889248171587,14.4740555025,-0.36109991202129,-0.2322109872041313,12.8658271133,26.2677303564,35,local_max_drop,mp-1245099,CoO2,Triclinic,P1,1,0.732110692,-0.340321968,False,0.134199999999999,False,3.943541119999345,90,1148.684333480473,12.763159260894145,323.6302875636088,0.28173996817996155,28.173996817996155
d-block,Co-O,O,CoO2_1244948_POSCAR,-0.1216083151838175,12.7197680699,-0.38157742180683,-0.2599691066230125,11.7413243722,23.9718705932,35,local_max_drop,mp-1244948,CoO2,Triclinic,P1,1,0.697332822444446,-0.375099837555555,False,0.0128,False,4.066161734206108,90,1114.0442025256768,12.378268916951965,323.6302875636088,0.2905004009983614,29.05004009983614
d-block,Co-O,O,CoO2_1245119_POSCAR,-0.1159425695362483,13.3305359192,-0.34326266199667,-0.2273200924604216,12.3051100792,25.1229330784,35,local_max_drop,mp-1245119,CoO2,Triclinic,P1,1,0.588426267000001,-0.484006393,False,0.02,False,3.786956522244683,90,1196.1805944404016,13.29089549378224,323.6302875636088,0.27055303276760634,27.055303276760633
d-block,Co-O,O,CoO2_1245011_POSCAR,-0.1087238499535532,13.4968241509,-0.34506697884322,-0.2363431288896668,12.4586069085,25.4363224383,35,local_max_drop,mp-1245011,CoO2,Triclinic,P1,1,0.697195838555557,-0.375236821444444,False,0.0235,False,3.832944308343416,90,1181.8287822322786,13.131430913691984,323.6302875636088,0.27383855633666737,27.383855633666737
d-block,Co-O,O,Co15O28_766681_POSCAR,-0.0986816752283034,9.8993691099,-0.21732010699529,-0.1186384317669865,9.1660825092,17.965521718,35,local_max_drop,mp-766681,Co15O28,Triclinic,P-1,2,0.023970381727576,-1.08509475116279,False,0.4962,False,4.695986603605816,43,470.99936198971426,10.953473534644518,159.40662292437395,0.3384433945960527,33.84433945960527
d-block,Co-O,O,Co5O7_1046082_POSCAR,-0.0961217795588812,6.680741665,-0.18355617776243,-0.0874343982035487,5.652935255,12.5906285225,35,local_max_drop,mp-1046082,Co5O7,Orthorhombic,Cmcm,63,0.407637924285714,-0.861694277499999,False,0.0,True,4.936604523060536,24,273.57985034954805,11.399160431231168,100.65119994891162,0.3679042876158876,36.790428761588764
d-block,Co-O,O,CoO2_1244867_POSCAR,-0.0959124657646864,14.6982387677,-0.32244037436292,-0.2265279085982336,13.0651011268,26.6745814673,35,local_max_drop,mp-1244867,CoO2,Triclinic,P1,1,0.634333327555556,-0.438099332444445,False,0.0,True,3.723904642708839,90,1216.4339153253622,13.515932392504025,323.6302875636088,0.2660483923428316,26.604839234283162
d-block,Co-O,O,CoO2_1349907_POSCAR,-0.0894724953844861,6.6778999083,-0.22520604456196,-0.1357335491774738,6.1832406558,12.1191516854,35,local_max_drop,mp-1349907,CoO2,Monoclinic,Cm,8,0.181285593750001,-0.8911470662500001,False,0.0,True,4.675051004355778,48,516.7725610994554,10.76609502290532,172.60282003392473,0.3340015183211449,33.40015183211449
d-block,Co-O,O,Co9O13_1343966_POSCAR,-0.0822724478902748,6.6116053468,-0.16651703922022,-0.0842445913299451,6.1030203202,12.4603331537,35,local_max_drop,mp-1343966,Co9O13,Monoclinic,C2/m,12,0.247499506396104,-1.003932737045455,False,0.0,True,4.962319998199503,22,247.08745665948916,11.231248029976781,91.06778412550658,0.3685649824426618,36.85649824426618
d-block,Co-O,O,CoO2_1359404_POSCAR,-0.0751092504931749,7.6587476265,-0.1689489031644,-0.093839652671225,7.0914329875,13.8992086555,35,local_max_drop,mp-1359404,CoO2,Trigonal,P3m1,156,0.083427535555556,-0.989005124444444,False,0.0,True,4.668607847408153,36,388.1143209297573,10.780953359159925,129.45211502544387,0.3335411966127184,33.35411966127184
d-block,Co-O,O,CoO2_1356781_POSCAR,-0.070898439215934,7.63163937,-0.16654330117843,-0.095644861962496,7.06633275,13.85001219,35,local_max_drop,mp-1356781,CoO2,Trigonal,P3m1,156,0.1039418925,-0.9684907675,False,0.0,True,4.678551619777537,36,387.2894233839163,10.75803953844212,129.45211502544387,0.3342516144498974,33.42516144498974
d-block,Co-O,O,Co2O3_1043418_POSCAR,-0.0707625900929623,6.695793312,-0.14459592567031,-0.0738333355773476,6.180732288,12.618995088,35,local_max_drop,mp-1043418,Co2O3,Orthorhombic,Cmcm,63,0.300602043428572,-0.929350249999999,False,0.151899999999999,False,4.870760585879938,20,226.18613791865013,11.309306895932506,81.48436830210153,0.3602535904804569,36.025359048045694
d-block,Co-O,O,Co3O4_1271793_POSCAR,-0.0546946402142028,6.5807666898,-0.11750007019985,-0.0628054299856471,6.0745538675,12.4022141462,35,local_max_drop,mp-1271793,Co3O4,Trigonal,R-3m,166,0.0,-1.290338224285714,True,0.0,True,5.524739582189392,14,144.750038065255,10.3392884332325,59.90901579786082,0.413879102199981,41.3879102199981
d-block,Co-O,O,CoO_19275_POSCAR,-0.0541295013170569,4.6241660534,-0.10077043686479,-0.046640935547733,4.4314924678,9.4410056923,35,local_max_drop,mp-19275,CoO,Tetragonal,I4/mmm,139,0.131636747499999,-1.140194398750001,False,0.0,True,6.244491165818308,8,79.70449336651158,9.963061670813948,38.33366329362019,0.48094733025084824,48.09473302508482
d-block,Co-S,S,Co2S3_684732_POSCAR,-0.0882133689004489,8.9754723879,-0.27861598196128,-0.190402613060831,8.3343672173,15.7070766788,35,local_max_drop,mp-684732,Co2S3,Tetragonal,I4_1/amd,141,0.025580784999998,-0.469395581687501,False,0.0,True,4.717072073132108,40,602.8439596849447,15.071098992123618,250.44364457461648,0.41543693115130836,41.543693115130836
d-block,Co-S,S,Co3S_1183733_POSCAR,-0.0743776709351193,6.958500048,-0.1416250117928,-0.0672473408576806,6.4430556,12.628388976,35,local_max_drop,mp-1183733,Co3S,Hexagonal,P6_3/mmc,194,0.489732716718748,0.256451934765625,False,0.0,True,7.684714069798743,8,90.26433513589336,11.28304189198667,59.97302888977039,0.6644155612455431,66.44155612455431
d-block,Cr-O,O,Cr2O3_1245208_POSCAR,-0.2536050290405825,13.7587520257,-0.62820538956521,-0.3746003605246275,12.739585209,24.9695870097,35,local_max_drop,mp-1245208,Cr2O3,Triclinic,P1,1,0.3635256815,-2.003062087499999,False,0.274799999999999,False,4.398181746984658,80,918.1466762387288,11.47683345298411,417.78832652995555,0.4550344050053782,45.50344050053782
d-block,Cr-O,O,Cr2O3_1245247_POSCAR,-0.2517772343700338,13.6163371276,-0.6057048467918,-0.3539276124217662,12.6077195626,24.7111303428,35,local_max_drop,mp-1245247,Cr2O3,Triclinic,P1,1,0.370496932249999,-1.9960908367499992,False,0.7144,False,4.298574205239804,80,939.4221818386156,11.742777272982696,417.78832652995555,0.4447290415394171,44.47290415394171
d-block,Cr-O,O,Cr2O3_1245257_POSCAR,-0.2312367078188573,13.2928737664,-0.59865597608984,-0.3674192682709826,12.3082164503,24.1241042427,35,local_max_drop,mp-1245257,Cr2O3,Triclinic,P1,1,0.363245682,-2.003342087,False,0.6132000000000001,False,4.262878245697064,80,947.2885973938786,11.841107467423482,417.78832652995555,0.44103595005719354,44.103595005719356
d-block,Cr-O,O,Cr2O3_1245064_POSCAR,-0.2303642342509936,14.1830061744,-0.59242419339894,-0.3620599591479463,13.1324131244,25.7395297239,35,local_max_drop,mp-1245064,Cr2O3,Triclinic,P1,1,0.361666594250001,-2.004921174749999,False,0.768899999999999,False,4.249568342111131,80,950.2555626525003,11.878194533156254,417.78832652995555,0.439658911718191,43.9658911718191
d-block,Cr-O,O,Cr2O3_1244912_POSCAR,-0.2149914922612057,13.4011938194,-0.58837731004567,-0.3733858177844642,12.4085127957,24.3206850796,35,local_max_drop,mp-1244912,Cr2O3,Triclinic,P1,1,0.423322692375,-1.943265076625,False,0.523899999999999,False,4.282364478386051,80,942.9781085465381,11.787226356831727,417.78832652995555,0.44305198895223,44.305198895223
d-block,Cr-O,O,Cr2O3_1244988_POSCAR,-0.2119824152366922,13.7776409009,-0.5684113847102,-0.3564289694735078,12.7570749083,25.0038668202,35,local_max_drop,mp-1244988,Cr2O3,Triclinic,P1,1,0.407002784499999,-1.9595849845,False,0.3521,False,4.134061006106509,80,976.8060872348984,12.21007609043623,417.78832652995555,0.4277085615965121,42.77085615965121
d-block,Cr-O,O,Cr2O3_1245327_POSCAR,-0.2092457943312902,13.538344552,-0.53606810373723,-0.3268223094059398,12.5355042148,24.5695882611,35,local_max_drop,mp-1245327,Cr2O3,Triclinic,P1,1,0.461242135125001,-1.9053456338749992,False,0.3509,False,3.892824899917584,80,1037.3381949698146,12.966727437122682,417.78832652995555,0.40275035524177605,40.2750355241776
d-block,Cr-O,O,Cr2O3_1245091_POSCAR,-0.2040053360143489,13.7378450548,-0.56837456719815,-0.3643692311838011,12.7202269026,24.931644729,35,local_max_drop,mp-1245091,Cr2O3,Triclinic,P1,1,0.460927050249999,-1.9056607187499992,False,0.467999999999999,False,4.196064788212092,80,962.372165329018,12.029652066612725,417.78832652995555,0.4341234520089441,43.41234520089441
d-block,Cr-O,O,Cr2O3_776873_POSCAR,-0.1566445703211001,8.861329175,-0.36777093448897,-0.2111263641678699,8.2049344213,16.0816714658,35,local_max_drop,mp-776873,Cr2O3,Cubic,Ia-3,206,0.04655777275,-2.320029996249999,False,1.831,False,5.049216185988026,40,399.88146734025344,9.997036683506336,208.89416326497772,0.5223902089146648,52.23902089146648
d-block,Cr-O,O,CrO_754983_POSCAR,-0.0962257404641377,7.196225,-0.21050040890763,-0.1142746684434922,6.908376,14.104601,35,local_max_drop,mp-754983,CrO,Tetragonal,P4_2/m,84,0.162787062916667,-1.8093694112499992,False,0.340899999999999,False,4.68569784213594,16,192.77245423325286,12.048278389578304,99.63003991762795,0.5168271593257642,51.682715932576414
d-block,Cr-O,O,Cr3O_714896_POSCAR,-0.0961254440733636,6.006081655,-0.16874525404604,-0.0726198099726763,5.5255951226,11.7719200438,35,local_max_drop,mp-714896,Cr3O,Trigonal,R-3c,167,1.068191884583333,0.082113647499999,False,0.0,True,4.654227733984328,8,122.72381630930296,15.34047703866287,69.90548822335987,0.5696163167479722,56.96163167479722
d-block,Cr-O,O,Cr5O7_1046050_POSCAR,-0.0945913999575094,7.158226905,-0.22124522427484,-0.1266538243173305,6.36286836,12.990856235,35,local_max_drop,mp-1046050,Cr5O7,Orthorhombic,Cmcm,63,0.41803034486111,-1.882818874999999,False,0.7753000000000001,False,4.413398065339852,24,279.9118358791181,11.66299316162992,129.354591611896,0.46212619486286644,46.21261948628664
d-block,Cr-O,O,Cr6O11_1213798_POSCAR,-0.0904373274084644,7.3810813712,-0.23322958962437,-0.1427922622159055,6.8538612732,12.9168923995,35,local_max_drop,mp-1213798,Cr6O11,Triclinic,P-1,2,0.01808806705881,-2.123403061470588,False,0.0,True,4.966650238187443,34,326.2936625018999,9.596872426526469,161.48766416359436,0.4949151109015305,49.491511090153054
d-block,Cr-O,O,Cr9O13_1045826_POSCAR,-0.0832461624561606,7.0000505953,-0.19586267746696,-0.1126165150107994,6.2222671959,12.7037955249,35,local_max_drop,mp-1045826,Cr9O13,Monoclinic,C2/m,12,0.292728200151515,-2.038002178409091,False,0.7342000000000001,False,4.373918757901041,22,256.62414723703625,11.66473396531983,116.90083662219254,0.455533268715413,45.5533268715413
d-block,Cr-O,O,Cr2O3_755749_POSCAR,-0.0819500904661169,6.8031499725,-0.19578106839912,-0.113830977933003,6.2992129375,12.3464573575,35,local_max_drop,mp-755749,Cr2O3,Orthorhombic,Pbcn,60,0.0382896885,-2.328298080499999,False,2.405899999999999,False,5.343477129174289,20,188.93016004337684,9.446508002168843,104.44708163248904,0.5528343468745743,55.28343468745744
d-block,Cr-O,O,CrO2_1358572_POSCAR,-0.0748886432548826,7.1874900487,-0.18443893496864,-0.1095502917137574,6.6740979023,12.5781075852,35,local_max_drop,mp-1358572,CrO2,Trigonal,P3m1,156,0.185104908611078,-1.8625959530555551,False,0.0,True,3.805360136426531,36,439.8326819901058,12.217574499725162,163.89618502102488,0.37263303008645404,37.2633030086454
d-block,Cr-O,O,Cr2O3_1043379_POSCAR,-0.0735458403858461,6.9798066525,-0.17057275719949,-0.0970269168136438,6.4627839375,12.6670565175,35,local_max_drop,mp-1043379,Cr2O3,Orthorhombic,Cmcm,63,0.2997817235,-2.0668060455,False,0.7749,False,4.342573240745863,20,232.47598456203178,11.62379922810159,104.44708163248904,0.44928116695262055,44.928116695262055
d-block,Cr-O,O,Cr3O_20609_POSCAR,-0.0716424228569324,6.2615892,-0.14636588050573,-0.0747234576487975,6.00068965,12.78407795,35,local_max_drop,mp-20609,Cr3O,Cubic,Pm-3n,223,1.807543012083333,0.821464774999999,False,0.0,True,4.020374453836333,8,142.07248509011993,17.75906063626499,69.90548822335987,0.492041004132624,49.2041004132624
d-block,Cr-O,O,CrO2_1040967_POSCAR,-0.0714138964059173,8.3506360986,-0.18125174095706,-0.1098378445511426,7.7541620916,14.6136131726,35,local_max_drop,mp-1040967,CrO2,Monoclinic,Cm,8,0.183367110833302,-1.864333750833332,False,0.0,True,3.817692723217861,36,438.4118557753768,12.178107104871579,163.89618502102488,0.3738406771211912,37.38406771211912
d-block,Cr-O,O,CrO_1178414_POSCAR,-0.0707889075514665,20.7674975,-0.15417424141458,-0.0833853338631135,19.9367976,40.7042951,35,local_max_drop,mp-1178414,CrO,Monoclinic,Pm,6,0.1589754825,-1.813180991666666,False,0.4958,False,4.598357171620861,12,147.325464038478,12.2771220032065,74.72252993822096,0.5071935827651978,50.71935827651978
d-block,Cr-O,O,Cr3O4_756253_POSCAR,-0.062769680839826,7.8945200082,-0.13590016868099,-0.0731304878411639,7.0173511184,14.3270918667,35,local_max_drop,mp-756253,Cr3O4,Monoclinic,C2/c,15,0.082974779047619,-2.170918334285713,False,1.077,False,4.674664397321444,14,156.28723265951,11.163373761393572,77.1310507956515,0.49352112442665425,49.35211244266542
d-block,Cr-O,O,Cr3O4_1310867_POSCAR,-0.0625879530218052,7.9738017486,-0.13573487674993,-0.0731469237281247,7.0878237766,14.4709735438,35,local_max_drop,mp-1310867,Cr3O4,Triclinic,P-1,2,0.099153459761904,-2.154739653571429,False,1.475999999999999,False,4.6662457373939485,14,156.56920010643705,11.183514293316932,77.1310507956515,0.4926323360100018,49.26323360100018
d-block,Cr-O,O,CrO_755286_POSCAR,-0.0600967247888109,3.75583375,-0.13598409510745,-0.075887370318639,3.6056004,7.36143415,35,local_max_drop,mp-755286,CrO,Orthorhombic,Pmm2,25,0.171272914166666,-1.80088356,False,0.0,True,4.336410476489974,12,156.2248565468726,13.018738045572716,74.72252993822096,0.47830115891834246,47.83011589183425
d-block,Cr-O,O,CrO2_1044871_POSCAR,-0.0548594220890123,7.31283,-0.12291050044974,-0.0680510783607277,6.790485,12.7974525,35,local_max_drop,mp-1044871,CrO2,Orthorhombic,Pmmn,59,0.176237902499966,-1.8714629591666672,False,0.0,True,3.39877099671416,24,328.2994070033026,13.679141958470941,109.26412334735014,0.33281852180211513,33.281852180211516
d-block,Cr-S,S,Cr19S30_1226578_POSCAR,-0.1130756385898952,11.4349697141,-0.36683262880295,-0.2537569902130547,11.0114523173,20.7523524441,35,local_max_drop,mp-1226578,Cr19S30,Triclinic,P-1,2,0.007984626530613,-0.973726733571427,False,0.0,True,3.73965749614984,49,865.8132759106196,17.66965869205346,359.2118444832512,0.4148837335688228,41.48837335688228
d-block,Cr-S,S,Cr19S30_1226930_POSCAR,-0.1129058489576805,11.4318837676,-0.36628290018809,-0.2533770512304095,11.0084806651,20.7467520227,35,local_max_drop,mp-1226930,Cr19S30,Triclinic,P-1,2,0.007960951836735,-0.9737504082653052,False,0.0,True,3.721948798629433,49,869.932737683949,17.753729340488754,359.2118444832512,0.4129191015843281,41.29191015843281
d-block,Cr-S,S,Cr5S8_684674_POSCAR,-0.0885894731579146,11.0348763852,-0.29006654011405,-0.2014770669561353,10.6261772598,20.0262571435,35,local_max_drop,mp-684674,Cr5S8,Triclinic,P-1,2,0.009286313076923,-0.969433726153844,False,0.0,True,3.730108942241857,39,689.7942700197237,17.6870325646083,285.11957667440333,0.4133400189976219,41.33400189976219
d-block,Cr-S,S,Cr5S6_1311_POSCAR,-0.0778235888529349,8.025549201,-0.21882935513062,-0.141005766277685,7.431064075,14.564885587,35,local_max_drop,mp-1311,Cr5S6,Trigonal,P-31c,163,0.034498021363635,-0.8685724436363611,False,0.0,True,4.282994203017067,22,350.7727781418452,15.944217188265691,170.6835247396723,0.4865928469245451,48.659284692454506
d-block,Cr-S,S,Cr5S8_1181961_POSCAR,-0.0581192929195069,8.0380940678,-0.19436433665406,-0.136245043734553,7.7403868801,14.5876521971,35,local_max_drop,mp-1181961,Cr5S8,Monoclinic,C2/m,12,0.0,-0.978720039230768,True,0.0,True,3.749503610476083,26,457.4841619855848,17.59554469175326,190.07971778293563,0.4154891766262391,41.54891766262391
d-block,Cr-S,S,Cr5S8_849084_POSCAR,-0.0570335511759461,7.9354642408,-0.19504820661818,-0.1380146554422339,7.6415581578,14.4013980666,35,local_max_drop,mp-849084,Cr5S8,Monoclinic,Cm,8,0.018103083076923,-0.9606169561538452,False,0.0,True,3.834891982991866,26,447.29773957245476,17.20375921432518,190.07971778293563,0.4249512147426041,42.49512147426041
d-block,Cu-O,O,Cu64O_1213626_POSCAR,-0.4481761697967984,12.461483594,-0.98919511355384,-0.5410189437570416,11.1263246375,21.8075962895,35,local_max_drop,mp-1213626,Cu64O,Orthorhombic,Amm2,38,0.032106777692306,0.002360372846153,False,0.0,True,8.839841692134591,65,766.9692800985052,11.79952738613085,617.7855999309326,0.8054893669947089,80.54893669947089
d-block,Cu-S,S,Cu2S_581212_POSCAR,-0.3308447819725019,16.682157534,-1.2258802054789,-0.8950354235063981,14.8947835125,29.1937756845,35,local_max_drop,mp-581212,Cu2S,Monoclinic,P2_1/c,14,0.012637958263891,-0.199436317465275,False,0.3475,False,5.87141141186352,144,2160.59599385499,15.004138846215207,1157.6263257724872,0.535790276879585,53.5790276879585
d-block,Cu-S,S,Cu39S20_685126_POSCAR,-0.1347101739445895,11.6878180989,-0.526620626297,-0.3919104523524104,10.435551874,20.4536816731,35,local_max_drop,mp-685126,Cu39S20,Monoclinic,C2,5,0.157565250889831,-0.05810350408898,False,0.0,True,6.047276537592325,59,856.6182931390917,14.518954121001554,472.71021897548025,0.5518329724704173,55.18329724704173
d-block,Cu-S,S,Cu7S4_624299_POSCAR,-0.0827002853818326,10.963010856,-0.35162773683073,-0.2689274514488974,10.179938652,19.185268998,35,local_max_drop,mp-624299,Cu7S4,Orthorhombic,Pnma,62,0.0,-0.231353755340908,True,0.0,True,5.719907898718184,44,665.4827778457887,15.124608587404289,347.33910820527353,0.5219355327716112,52.19355327716112
d-block,Cu-S,S,Cu9S5_684710_POSCAR,-0.0798072845307308,9.0955301419,-0.25064813549698,-0.1708408509662491,8.1210090552,15.9171777483,35,local_max_drop,mp-684710,Cu9S5,Triclinic,P-1,2,0.049669751116072,-0.177552687165178,False,0.0,True,5.855300080088663,28,415.31994892944715,14.832855318908827,221.90398434315705,0.5342964741162799,53.42964741162799
d-block,Fe-O,O,Fe38O39_705753_POSCAR,-0.4179007291083483,33.0161488675,-0.84818365298229,-0.4302829238739417,30.3748569581,64.7116517803,35,local_max_drop,mp-705753,Fe38O39,Triclinic,P-1,2,0.070897244545454,-1.425269673181818,False,1.391099999999999,False,5.574941199940421,77,817.9429912804914,10.622636250395992,413.0613270493365,0.505000142372622,50.50001423726221
d-block,Fe-O,O,Fe35O36_694910_POSCAR,-0.3771402646796714,10.981810028,-0.77319529632452,-0.3960550316448485,10.1032652258,21.5243476549,35,local_max_drop,mp-694910,Fe35O36,Triclinic,P1,1,0.783358684929577,-0.714046052253521,False,0.2105,False,5.594512857973422,71,751.1078952983328,10.57898444082159,380.54629547402436,0.5066466453835837,50.66466453835837
d-block,Fe-O,O,Fe2O3_1456_POSCAR,-0.3663713199358547,11.0827808,-0.99164267450976,-0.6252713545739053,10.2302592,20.8867792,35,local_max_drop,mp-1456,Fe2O3,Tetragonal,P4_12_12,92,0.119359881249999,-1.58773147175,False,1.5673,False,4.561835814321036,160,1860.0826885883926,11.625516803677453,732.1903406588875,0.3936332213351994,39.363322133519944
d-block,Fe-O,O,Fe2O3_685153_POSCAR,-0.3623029846055554,11.0191717493,-0.99870686487447,-0.6364038802689146,10.1715431532,20.7669006044,35,local_max_drop,mp-685153,Fe2O3,Triclinic,P1,1,0.225357668374999,-1.481733684625,False,0.9977,False,4.680793644563326,160,1812.8104919350524,11.330065574594077,732.1903406588875,0.40389789441108315,40.38978944110831
d-block,Fe-O,O,Fe32O35_863766_POSCAR,-0.3125224517227894,3.8619247904,-0.66571042800882,-0.3531879762860305,3.5529708072,7.5693725893,35,local_max_drop,mp-863766,Fe32O35,Triclinic,P1,1,0.056813519104478,-1.475207054701491,False,0.507899999999999,False,5.322067135883766,67,732.2937950866661,10.929758135621883,350.4397847561427,0.47855080448233017,47.85508044823302
d-block,Fe-O,O,Fe41O56_757565_POSCAR,-0.2572547004958447,13.3800889595,-0.68461960850101,-0.4273649080051653,12.3508513473,25.2163215007,35,local_max_drop,mp-757565,Fe41O56,Trigonal,R3,146,0.084820278144329,-1.571110422886596,False,0.0,True,4.882269890328527,97,1083.4780331249497,11.16987663015412,462.4360046266623,0.4268069960707112,42.68069960707112
d-block,Fe-O,O,FeO_1245001_POSCAR,-0.2557745286063249,13.2585033974,-0.61410035517814,-0.3583258265718151,12.1978231257,25.986666659,35,local_max_drop,mp-1245001,FeO,Triclinic,P1,1,0.320338192749999,-1.16118119475,False,0.0459,False,4.3627101889764255,80,1093.8194630725034,13.672743288406291,433.533754337496,0.39634854651398665,39.63485465139867
d-block,Fe-O,O,FeO_1244983_POSCAR,-0.2498152573790734,13.3118772044,-0.61009219926855,-0.3602769418894765,12.246927028,26.0912793205,35,local_max_drop,mp-1244983,FeO,Triclinic,P1,1,0.277820616499998,-1.203698771,False,0.2905,False,4.367429083951232,80,1092.6376181677772,13.657970227097215,433.533754337496,0.3967772545342896,39.677725453428955
d-block,Fe-O,O,Fe43O64_530050_POSCAR,-0.245042262431974,11.0892888206,-0.66996195438234,-0.4249196919503659,10.2362666036,20.8990443157,35,local_max_drop,mp-530050,Fe43O64,Monoclinic,C2,5,0.116109504953271,-1.586765549626167,False,0.773099999999999,False,4.582091167252546,107,1241.3194343757948,11.601116209119578,491.3382549158286,0.3958193526252983,39.58193526252983
d-block,Fe-O,O,Fe23O25_705553_POSCAR,-0.2342447737955164,8.1786245113,-0.48784165291668,-0.2535968791211636,7.5243345504,16.0301040422,35,local_max_drop,mp-705553,Fe23O25,Triclinic,P-1,2,0.049515041666666,-1.4789985053125,False,1.2771,False,5.4157114538457485,48,516.4686554147675,10.759763654474321,251.69042960149093,0.4873295348376224,48.732953483762245
d-block,Fe-O,O,FeO_1245168_POSCAR,-0.2177336507720532,13.1212368071,-0.55992833580128,-0.3421946850292267,12.0715378625,25.7176241419,35,local_max_drop,mp-1245168,FeO,Triclinic,P1,1,0.305694720749999,-1.17582466675,False,0.0541,False,4.149972363074716,80,1149.8913492681863,14.37364186585233,433.533754337496,0.3770214939119296,37.702149391192954
d-block,Fe-O,O,Fe21O23_706875_POSCAR,-0.207581693985602,8.2700874221,-0.43791507045927,-0.2303333764736679,7.6084804283,16.2093713473,35,local_max_drop,mp-706875,Fe21O23,Triclinic,P1,1,0.052305590227271,-1.480480153068182,False,1.3538,False,5.389339168694853,44,474.72320218999556,10.789163686136263,230.0137418846161,0.48452180307074844,48.45218030707484
d-block,Fe-O,O,Fe10O11_705555_POSCAR,-0.1969384072787003,8.2601916609,-0.41600920084408,-0.2190707935653796,7.599376328,16.1899756554,35,local_max_drop,mp-705555,Fe10O11,Triclinic,P-1,2,0.044269229285715,-1.490957769047618,False,1.471499999999999,False,5.36000726856962,42,455.0635464913379,10.834846345031854,219.1753980261787,0.4816369048148986,48.163690481489866
d-block,Fe-O,O,Fe25O32_1194978_POSCAR,-0.1879315602255973,19.784279112,-0.47981331472758,-0.2918817545019826,17.501477676,37.285756788,35,local_max_drop,mp-1194978,Fe25O32,Orthorhombic,Amm2,38,0.183070054736841,-1.4369584343859652,False,0.0,True,5.475857621866749,57,578.627941892825,10.151367401628509,279.3884194619421,0.4828464013472947,48.284640134729464
d-block,Fe-O,O,Fe17O18_705424_POSCAR,-0.1775445975539548,8.5162617494,-0.36706189912878,-0.1895173015748251,7.8349608095,16.6918730289,35,local_max_drop,mp-705424,Fe17O18,Triclinic,P-1,2,0.039687615428572,-1.474056338571428,False,1.5382999999999991,False,5.436285627042804,35,377.9556722027213,10.798733491506322,185.4561060221512,0.49068216106220913,49.068216106220916
d-block,Fe-O,O,Fe2O3_1244869_POSCAR,-0.1678518426828046,13.846492162,-0.45591721263991,-0.2880653699571053,12.7813773803,26.0953121515,35,local_max_drop,mp-1244869,Fe2O3,Triclinic,P1,1,0.289509619,-1.417581733999999,False,0.220199999999999,False,4.319354363385391,80,982.2523360185846,12.278154200232308,366.0951703294411,0.3727099004043645,37.27099004043645
d-block,Fe-O,O,Fe2O3_1245019_POSCAR,-0.1656692664304119,11.9094528677,-0.43273399723107,-0.267064730800658,10.9933411087,22.4447380969,35,local_max_drop,mp-1245019,Fe2O3,Triclinic,P1,1,0.288652213374998,-1.418439139625,False,1.1378,False,4.1502131193736,80,1022.2838667237734,12.778548334047168,366.0951703294411,0.35811498375955686,35.811498375955686
d-block,Fe-O,O,Fe2O3_1244911_POSCAR,-0.1617074042611391,11.2359837197,-0.44872992747061,-0.2870225232094709,10.3716772797,21.1755077794,35,local_max_drop,mp-1244911,Fe2O3,Triclinic,P1,1,0.273894864124999,-1.433196488874999,False,0.283199999999999,False,4.336495594126958,80,978.3697036579189,12.229621295723986,366.0951703294411,0.3741889890505482,37.41889890505482
d-block,Fe-O,O,Fe3O4_705416_POSCAR,-0.1488125854069823,7.7011636,-0.39609982122623,-0.2472872358192477,7.1087664,14.5137314,35,local_max_drop,mp-705416,Fe3O4,Orthorhombic,Pbcm,57,0.143233915178571,-1.499408304821428,False,1.002399999999999,False,4.863682579556946,56,632.3914790121753,11.292704982360274,269.7543360322199,0.4265622561100738,42.65622561100738
d-block,Fe-O,O,Fe14O15_764417_POSCAR,-0.1485271813241943,7.7816215904,-0.30423191755654,-0.1557047362323456,7.1590918632,15.2519783172,35,local_max_drop,mp-764417,Fe14O15,Tetragonal,I4/m,87,0.058281217931034,-1.46212988775862,False,1.019,False,5.535763190533974,29,306.51124921857155,10.569353421330053,152.94107444683897,0.49897377286070665,49.897377286070665
d-block,Fe-O,O,Fe8O9_705588_POSCAR,-0.1453919085067881,7.7389339647,-0.31775655650113,-0.1723646479943419,7.1198192475,15.1683105708,35,local_max_drop,mp-705588,Fe8O9,Triclinic,P1,1,0.048550902647059,-1.499313180588234,False,1.2314,False,5.297060844147451,34,370.38316942653177,10.89362263019211,175.82202259242905,0.47470305647164307,47.47030564716431
d-block,Fe-O,O,Fe2O3_1245154_POSCAR,-0.1436758535155393,13.3401376763,-0.40488507016032,-0.2612092166447806,12.3139732397,25.1410286977,35,local_max_drop,mp-1245154,Fe2O3,Triclinic,P1,1,0.320876272999999,-1.386215079999999,False,0.3798,False,4.0128891963999,80,1057.2671469376655,13.21583933672082,366.0951703294411,0.3462655312707124,34.62655312707124
d-block,Fe-O,O,Fe3O4_650112_POSCAR,-0.1427150361080147,7.880548,-0.40254394990504,-0.2598289137970252,6.971254,14.851802,35,local_max_drop,mp-650112,Fe3O4,Orthorhombic,Pbcm,57,0.056803058035713,-1.585839161964286,False,0.9248,False,4.858082404591047,56,633.1204709547707,11.305722695620904,269.7543360322199,0.42607110085292255,42.607110085292256
d-block,Fe-O,O,Fe3O4_1185276_POSCAR,-0.1418498355825314,7.9378327286,-0.4005577133601,-0.2587078777775686,7.0219289522,14.9597616808,35,local_max_drop,mp-1185276,Fe3O4,Triclinic,P1,1,0.056248603928571,-1.586393616071428,False,0.637,False,4.83540399589643,56,636.0898538588089,11.358747390335873,269.7543360322199,0.42408212361157477,42.408212361157474
d-block,Fe-O,O,Fe3O4_1182249_POSCAR,-0.14175870202642,7.9011800915,-0.40007050778162,-0.2583118057551999,6.9895054656,14.8906855571,35,local_max_drop,mp-1182249,Fe3O4,Triclinic,P1,1,0.04983664017857,-1.592805579821429,False,0.739899999999999,False,4.828675635737682,56,636.9761922269169,11.374574861194944,269.7543360322199,0.42349202265965136,42.34920226596513
d-block,Fe-O,O,Fe23O32_776135_POSCAR,-0.1413082029320647,10.944136077,-0.38310087158457,-0.2417926686525052,10.1022794557,20.6254872221,35,local_max_drop,mp-776135,Fe23O32,Triclinic,P1,1,0.10706625781818,-1.559012010545455,False,0.67,False,4.955894132261324,55,601.9133048242493,10.943878269531805,260.12025260249777,0.4321556784302175,43.21556784302175
d-block,Fe-O,O,Fe3O4_1181813_POSCAR,-0.1408402771567775,7.9146236,-0.39764586292014,-0.2568055857633625,7.0013978,14.9160214,35,local_max_drop,mp-1181813,Fe3O4,Orthorhombic,Pmc2_1,26,0.04589312,-1.596749099999999,False,0.9056,False,4.797830125382538,56,641.0713467448027,11.447702620442906,269.7543360322199,0.4207867617262319,42.07867617262319
d-block,Fe-O,O,Fe3O4_1182229_POSCAR,-0.1365794987081963,7.9198691706,-0.40405774512791,-0.2674782464197137,7.3106484651,14.925907283,35,local_max_drop,mp-1182229,Fe3O4,Monoclinic,Pm,6,0.122136762499999,-1.5205054575,False,0.0895,False,4.881523494639987,56,630.0802246152151,11.251432582414555,269.7543360322199,0.42812696779518306,42.812696779518305
d-block,Fe-O,O,Fe3O4_1379262_POSCAR,-0.1352264488990015,7.9189201,-0.40321014272862,-0.2679836938296184,7.3097724,14.92411865,35,local_max_drop,mp-1379262,Fe3O4,Monoclinic,Pm,6,0.9738703048214272,-0.668771915178572,False,0.0,True,4.881486573801198,56,630.0849900869565,11.251517680124223,269.7543360322199,0.4281237297765048,42.81237297765048
d-block,Fe-O,O,Fe2O3_1245078_POSCAR,-0.1350270052825805,13.0070500344,-0.4009819452993,-0.2659549400167194,12.0065077241,24.5132866033,35,local_max_drop,mp-1245078,Fe2O3,Triclinic,P1,1,0.305821140125,-1.401270212874999,False,1.1123,False,4.009734414947935,80,1058.0989847912524,13.226237309890655,366.0951703294411,0.3459933102588378,34.59933102588378
d-block,Fe-O,O,Fe13O14_705414_POSCAR,-0.1336895346455679,8.2002132404,-0.27820499531297,-0.1445154606674021,7.5441961812,16.0724179511,35,local_max_drop,mp-705414,Fe13O14,Trigonal,R-3,148,0.071216152222222,-1.45207582148148,False,0.0,True,5.469700615946762,27,288.40212098125676,10.681560036342843,142.10273058840158,0.49272429101739107,49.27242910173911
d-block,Fe-O,O,Fe15O16_705551_POSCAR,-0.130903443192534,7.8086394483,-0.29609740999339,-0.1651939668008559,7.1839482924,15.3049333186,35,local_max_drop,mp-705551,Fe15O16,Triclinic,P1,1,0.076338671935481,-1.441563290645162,False,1.188899999999999,False,5.292031228843319,31,343.17146763855703,11.07004734317926,163.77941830527638,0.4772524342780616,47.725243427806156
d-block,Fe-O,O,Fe2O3_1245277_POSCAR,-0.1283750383897186,13.3263006099,-0.38238910427935,-0.2540140658896314,12.301200563,25.1149511495,35,local_max_drop,mp-1245277,Fe2O3,Triclinic,P1,1,0.344294899124999,-1.362796453875,False,0.3018,False,3.897868355487951,80,1088.4656751242535,13.605820939053169,366.0951703294411,0.3363405743480607,33.63405743480607
d-block,Fe-O,O,Fe23O32_774295_POSCAR,-0.1271703708461383,11.2363469332,-0.36429955609511,-0.2371291852489716,9.9878639406,20.3918888788,35,local_max_drop,mp-774295,Fe23O32,Trigonal,R-3m,166,0.186604187636363,-1.479474080727273,False,0.009599999999999,False,5.17346830781311,55,576.599379020178,10.483625073094146,260.12025260249777,0.45112822189389645,45.11282218938965
d-block,Fe-O,O,Fe12O13_764326_POSCAR,-0.1257354598636146,8.2009186517,-0.25801790831734,-0.1322824484537254,7.5448451596,16.0738005573,35,local_max_drop,mp-764326,Fe12O13,Trigonal,R-3,148,0.082428968400002,-1.444204812199998,False,0.0,True,5.447533811415816,25,267.675773052567,10.707030922102682,131.2643867299643,0.4903857574894765,49.03857574894765
d-block,Fe-O,O,Fe7O8_715333_POSCAR,-0.1188969526231056,7.3006695019,-0.27206214295464,-0.1531651903315344,6.7166159417,14.3093122237,35,local_max_drop,mp-715333,Fe7O8,Triclinic,P-1,2,0.062856898333333,-1.493853144333332,False,1.0723,False,5.192107005723737,30,331.915601380833,11.063853379361099,154.14533487555423,0.46441123657423716,46.44112365742372
d-block,Fe-O,O,Fe2O3_1245084_POSCAR,-0.1160669921965135,13.8846973845,-0.38272387312218,-0.2666568809256665,12.8166437396,26.1673143016,35,local_max_drop,mp-1245084,Fe2O3,Triclinic,P1,1,0.552117231375,-1.1549741216249991,False,0.121099999999999,False,3.898581659245356,80,1088.2665243484414,13.603331554355517,366.0951703294411,0.3364021240556184,33.64021240556184
d-block,Fe-O,O,Fe15O16_1224936_POSCAR,-0.1157035076815763,7.4460829822,-0.28817675384873,-0.1724732461671536,6.8503963436,14.594322645,35,local_max_drop,mp-1224936,Fe15O16,Trigonal,R-3m,166,0.083438771935481,-1.434463190645161,False,1.4826,False,5.279270051147933,31,344.000989474611,11.096806112084225,163.77941830527638,0.4761015907408142,47.61015907408142
d-block,Fe-O,O,Fe13O15_756693_POSCAR,-0.1152735758588819,6.3752049713,-0.25473086930093,-0.139457293442048,5.8651885736,12.4954017437,35,local_max_drop,mp-756693,Fe13O15,Triclinic,P-1,2,0.07654428,-1.4855365237499991,False,0.0,True,5.281951338778727,28,303.6833895516924,10.845835341131872,143.30699101711684,0.47189604682913816,47.18960468291382
d-block,Fe-O,O,Fe21O32_530048_POSCAR,-0.1114067908677883,11.1936876236,-0.31227567743747,-0.2008688865696816,10.3645255774,20.3144701318,35,local_max_drop,mp-530048,Fe21O32,Trigonal,R32,155,0.194703725518867,-1.496282992075471,False,0.0,True,4.907492038690592,53,570.0575748110523,10.75580329832174,240.85208574305344,0.42250484229226276,42.250484229226274
d-block,Fe-O,O,FeO_849689_POSCAR,-0.110927443985698,6.634828225,-0.24142221778859,-0.1304947738028919,6.104041967,13.004263321,35,local_max_drop,mp-849689,FeO,Hexagonal,P-62c,190,0.103799458333332,-1.377719929166667,False,1.160999999999999,False,5.533046969906426,24,258.7372208355966,10.780717534816525,130.06012630124903,0.5026726571508245,50.26726571508245
d-block,Fe-O,O,Fe11O12_705417_POSCAR,-0.1102140523774696,6.988906237,-0.23148748074352,-0.1212734283660503,6.4297937381,13.6982562246,35,local_max_drop,mp-705417,Fe11O12,Triclinic,P-1,2,0.048823839565217,-1.48173293173913,False,1.4282,False,5.377099391021433,23,248.99528408895375,10.825881916911033,120.4260428715269,0.4836478863933206,48.36478863933206
d-block,Fe-O,O,Fe2O3_715572_POSCAR,-0.1096605647118176,9.9145737979,-0.28564130686365,-0.1759807421518324,9.151914275,18.6851583115,35,local_max_drop,mp-715572,Fe2O3,Monoclinic,C2,5,0.077177550749999,-1.62991380225,False,1.346499999999999,False,5.186320480047868,40,409.02754961575226,10.225688740393807,183.0475851647206,0.4475189637878396,44.75189637878396
d-block,Fe-O,O,FeO_1178247_POSCAR,-0.1088419554872085,6.64894305,-0.24024589929813,-0.1314039438109214,6.117027606,13.031928378,35,local_max_drop,mp-1178247,FeO,Trigonal,P31c,159,0.11126774625,-1.370251641249999,False,2.0878,False,5.563370810704058,24,257.32694135583426,10.721955889826427,130.06012630124903,0.5054275530419513,50.54275530419513
d-block,Fe-O,O,Fe2O3_776606_POSCAR,-0.1086837692005313,6.685347297,-0.28238540933562,-0.1737016401350887,6.1710898126,12.5993083675,35,local_max_drop,mp-776606,Fe2O3,Triclinic,P1,1,0.12302155375,-1.584069799249999,False,0.0,True,5.142396889299271,40,412.5212431591966,10.313031078979915,183.0475851647206,0.443728870210159,44.3728870210159
d-block,Fe-O,O,Fe2O3_1356129_POSCAR,-0.1061838354127778,8.7467892675,-0.2730519476331,-0.1668681122203221,8.0739593239,16.4843336196,35,local_max_drop,mp-1356129,Fe2O3,Orthorhombic,I2_12_12_1,24,0.084659009499999,-1.6224323435,False,1.3134,False,4.936930554661182,40,429.6896493389042,10.742241233472605,183.0475851647206,0.42599952185570933,42.599952185570935
d-block,Fe-O,O,Fe2O3_565814_POSCAR,-0.10347451975377,9.7531680156,-0.27540548901691,-0.1719309692631399,9.3630412949,19.1162093105,35,local_max_drop,mp-565814,Fe2O3,Cubic,Ia-3,206,0.07129889575,-1.635792457249999,False,1.3902,False,4.861809518610571,40,436.32889201515735,10.908222300378934,183.0475851647206,0.4195174523495956,41.95174523495956
d-block,Fe-O,O,Fe2O3_1178392_POSCAR,-0.1012955899620504,6.45604375,-0.28142436305179,-0.1801287730897396,6.197802,12.65384575,35,local_max_drop,mp-1178392,Fe2O3,Orthorhombic,Pbca,61,0.112855113249999,-1.5942362397499998,False,1.565599999999999,False,5.046847806969959,40,420.3312716643805,10.508281791609512,183.0475851647206,0.4354840991009528,43.54840991009528
d-block,Fe-O,O,Fe10O11_759504_POSCAR,-0.1007935035651943,6.6201369773,-0.21056935952724,-0.1097758559620457,6.0905260191,12.9754684754,35,local_max_drop,mp-759504,Fe10O11,Triclinic,P-1,2,0.055957464761903,-1.479269533571429,False,1.308599999999999,False,5.43302180732747,21,224.47396694722207,10.689236521296289,109.58769901308948,0.4881978097658672,48.81978097658672
d-block,Fe-O,O,Fe2O3_705547_POSCAR,-0.094283954841732,7.7872136364,-0.24963501462429,-0.1553510597825579,7.1881972029,14.6759026225,35,local_max_drop,mp-705547,Fe2O3,Monoclinic,Cm,8,0.159852931749998,-1.547238421249999,False,0.8169999999999991,False,4.663633340380051,40,454.87022648039635,11.371755662009909,183.0475851647206,0.4024171610023138,40.24171610023138
d-block,Fe-O,O,Fe13O19_1195927_POSCAR,-0.0934307525480735,12.8205567026,-0.25110866394209,-0.1576779113940164,11.3412616985,24.1618184011,35,local_max_drop,mp-1195927,Fe13O19,Monoclinic,C2/m,12,0.301966283125,-1.391026822031249,False,0.0,True,5.466172176809756,32,312.8901443291454,9.777817010285794,148.12403273197788,0.4734058755655739,47.34058755655739
d-block,Fe-O,O,Fe2O3_542896_POSCAR,-0.0930304692960495,6.7799381,-0.25799425193745,-0.1649637826414005,6.2584044,12.77757565,35,local_max_drop,mp-542896,Fe2O3,Orthorhombic,Pna2_1,33,0.115844584499999,-1.5912467684999991,False,1.492699999999999,False,4.73497832592565,40,448.01640273307197,11.2004100683268,183.0475851647206,0.40857340054529273,40.857340054529274
d-block,Fe-O,O,Fe7O9_705558_POSCAR,-0.0895999752307288,11.158333569,-0.28375587920631,-0.1941559039755812,10.3000002175,21.0291671107,35,local_max_drop,mp-705558,Fe7O9,Triclinic,P1,1,0.217730849999999,-1.404771015937501,False,1.138699999999999,False,4.103433687571809,48,649.3866035141259,13.528887573210957,234.83078359947714,0.3616193840906189,36.16193840906189
d-block,Fe-O,O,Fe3O4_715275_POSCAR,-0.0869806036623702,3.8425608,-0.22608563850889,-0.1391050348465197,3.3991884,7.2417492,35,local_max_drop,mp-715275,Fe3O4,Orthorhombic,Pmc2_1,26,0.111368328571427,-1.531273891428572,False,0.6627999999999991,False,5.308684650818393,28,289.6905372250454,10.346090615180191,134.87716801611006,0.46559052051925004,46.559052051925
d-block,Fe-O,O,Fe3O4_1181570_POSCAR,-0.0867195604992248,3.8131288,-0.22513184912242,-0.1384122886231951,3.3731524,7.1862812,35,local_max_drop,mp-1181570,Fe3O4,Monoclinic,Pc,7,0.129985500714285,-1.512656719285713,False,0.325099999999999,False,5.316617117936567,28,289.25831528098723,10.330654117178115,134.87716801611006,0.46628622546283444,46.628622546283445
d-block,Fe-O,O,Fe9O10_759037_POSCAR,-0.0864930358836498,6.6402369129,-0.18439500512929,-0.0979019692456401,6.1090179599,13.0148643494,35,local_max_drop,mp-759037,Fe9O10,Triclinic,P-1,2,0.038784599999999,-1.502095831052631,False,1.6184,False,5.35064290854976,19,205.6335180806799,10.822816741088415,98.74935515465205,0.48022013179732664,48.02201317973267
d-block,Fe-O,O,Fe3O4_1192788_POSCAR,-0.0840078309247984,3.8462307,-0.22532792115653,-0.1413200902317315,3.40243485,7.24866555,35,local_max_drop,mp-1192788,Fe3O4,Orthorhombic,Pbcm,57,0.106228493571427,-1.536413726428572,False,0.776999999999999,False,5.302270109103383,28,290.0409972184424,10.3586070435158,134.87716801611006,0.4650279419448012,46.50279419448012
d-block,Fe-O,O,Fe3O4_505595_POSCAR,-0.0800956089262715,3.9166139112,-0.20211337900578,-0.1220177700795084,3.615335918,7.3813108326,35,local_max_drop,mp-505595,Fe3O4,Orthorhombic,Pbcm,57,0.163902581071427,-1.478739638928572,False,0.4689,False,4.85191092002368,28,316.9628909743693,11.32010324908462,134.87716801611006,0.4255298391603094,42.55298391603094
d-block,Fe-O,O,Fe8O9_763787_POSCAR,-0.0777630544878714,6.4025308414,-0.1644931304591,-0.0867300759712285,5.8903283741,12.5489604492,35,local_max_drop,mp-763787,Fe8O9,Triclinic,P-1,2,0.061250607647057,-1.486613475588236,False,1.4134,False,5.334808065625745,17,183.88123455433424,10.816543209078485,87.91101129621462,0.4780858226739727,47.80858226739727
d-block,Fe-O,O,Fe5O8_510746_POSCAR,-0.0769670876540097,11.3665491,-0.26584455435974,-0.1888774667057302,10.1035992,20.6281817,35,local_max_drop,mp-510746,Fe5O8,Cubic,P4_332,212,0.16345176730769,-1.47798222596154,False,0.0,True,4.531623395451715,52,596.8766526250672,11.478397165866678,231.21800231333128,0.38737987370829985,38.737987370829984
d-block,Fe-O,O,Fe3O4_715811_POSCAR,-0.0737251181426455,7.8092469,-0.20310652236351,-0.1293814042208644,7.2085356,14.71742685,35,local_max_drop,mp-715811,Fe3O4,Monoclinic,C2/m,12,0.076250695,-1.566391524999999,False,0.032,False,4.9148412460464055,28,312.90445258359847,11.175159020842802,134.87716801611006,0.43104905316128417,43.104905316128416
d-block,Fe-O,O,Fe3O4_715558_POSCAR,-0.0735518302113479,7.8219518,-0.20314333493611,-0.129591504724762,7.2202632,14.7413707,35,local_max_drop,mp-715558,Fe3O4,Trigonal,R-3m,166,0.075948473571429,-1.56669374642857,False,0.0367,False,4.9126128500397535,28,313.0463881829342,11.180228149390507,134.87716801611006,0.4308536150153318,43.08536150153318
d-block,Fe-O,O,Fe3O4_1271821_POSCAR,-0.0718528003539081,6.8228419829,-0.20254731449272,-0.1306945141388119,6.0355909849,12.8584329678,35,local_max_drop,mp-1271821,Fe3O4,Monoclinic,C2/c,15,0.021696243214284,-1.620945976785714,False,1.0229,False,4.895509829492854,28,314.1400514030867,11.21928755011024,134.87716801611006,0.42935361923349064,42.93536192334906
d-block,Fe-O,O,Fe3O4_1271978_POSCAR,-0.0714147390968078,7.5405899642,-0.20182442769952,-0.1304096886027121,6.6705218914,14.2111118556,35,local_max_drop,mp-1271978,Fe3O4,Triclinic,P1,1,0.026525355714285,-1.616116864285713,False,1.208999999999999,False,4.883382401602214,28,314.9201890587627,11.247149609241523,134.87716801611006,0.42829000077522056,42.82900007752205
d-block,Fe-O,O,Fe3O4_1271729_POSCAR,-0.0713533142805052,7.5534213822,-0.20155905365473,-0.1302057393742247,6.6818727612,14.2352941434,35,local_max_drop,mp-1271729,Fe3O4,Monoclinic,C2,5,0.059214723214285,-1.583427496785713,False,0.122099999999999,False,4.873158960067088,28,315.5808632019095,11.270745114353911,134.87716801611006,0.42739336805037914,42.739336805037915
d-block,Fe-O,O,Fe3O4_1181657_POSCAR,-0.0708546777668812,7.885423,-0.19965273375262,-0.1287980559857387,6.9755665,14.8609895,35,local_max_drop,mp-1181657,Fe3O4,Monoclinic,P2/m,10,0.037790486071429,-1.60485173392857,False,1.0663,False,4.8143827842223885,28,319.433617591323,11.408343485404393,134.87716801611006,0.42223848896414284,42.22384889641428
d-block,Fe-O,O,Fe3O4_716052_POSCAR,-0.0702247816185127,7.7851072,-0.20320707721641,-0.1329822955978973,7.1862528,14.6719328,35,local_max_drop,mp-716052,Fe3O4,Orthorhombic,Pmna,53,0.072833862142857,-1.569808357857142,False,0.0201,False,4.91902916928349,28,312.63805456837696,11.165644806013463,134.87716801611006,0.43141634885848845,43.141634885848845
d-block,Fe-O,O,Fe3O4_510252_POSCAR,-0.0694958235475654,7.8589628,-0.20117984001623,-0.1316840164686645,7.2544272,14.8111222,35,local_max_drop,mp-510252,Fe3O4,Orthorhombic,Pmma,51,0.072489578928571,-1.570152641071427,False,0.2435,False,4.865094753207108,28,316.1039584999049,11.289427089282317,134.87716801611006,0.4266861087604844,42.66861087604844
d-block,Fe-O,O,Fe3O4_1181546_POSCAR,-0.0680581738125377,7.8743106,-0.20098146853,-0.1329232947174622,7.2685944,14.8400469,35,local_max_drop,mp-1181546,Fe3O4,Monoclinic,P2/m,10,0.07338724642857,-1.5692549735714292,False,0.0,True,4.845771446944877,28,317.36447469047073,11.33444552465967,134.87716801611006,0.4249913861583195,42.49913861583195
d-block,Fe-O,O,Fe7O8_32939_POSCAR,-0.0648608334545927,6.6398670544,-0.13905936173634,-0.0741985282817472,6.1086776901,13.0141394267,35,local_max_drop,mp-32939,Fe7O8,Cubic,Fm-3m,225,0.097942258666666,-1.458767783999999,False,0.0,True,5.280804438683561,15,163.1703404447002,10.878022696313346,77.0726674377772,0.4723448344087863,47.23448344087863
d-block,Fe-O,O,Fe5O7_1326275_POSCAR,-0.064763746267666,6.857674889,-0.16269426357849,-0.097930517310824,6.0664047095,12.9240795985,35,local_max_drop,mp-1326275,Fe5O7,Orthorhombic,Cmcm,63,0.211926544999998,-1.457569480416667,False,1.035299999999999,False,4.491966050408679,24,289.24413752872454,12.051839063696855,113.2004802992353,0.3913665503004135,39.136655030041354
d-block,Fe-O,O,Fe8O17_1182503_POSCAR,-0.0641167552377087,7.9420708414,-0.19076052276504,-0.1266437675273312,7.3537692976,14.4133878232,35,local_max_drop,mp-1182503,Fe8O17,Triclinic,P1,1,0.250517038399999,-1.115156043999999,False,0.0,True,3.835494562133533,50,622.3510953713715,12.447021907427429,195.0901894518732,0.31347287873809926,31.347287873809925
d-block,Fe-O,O,Fe4O5_1188678_POSCAR,-0.0613269852998349,6.6088424125,-0.15539303798807,-0.094066052688235,6.0801350195,12.9533311285,35,local_max_drop,mp-1188678,Fe4O5,Orthorhombic,Cmcm,63,0.087599981666665,-1.519237164444444,False,0.0,True,5.323365848378666,18,189.26723200208988,10.514846222338328,89.1152717249299,0.4708436361765247,47.08436361765247
d-block,Fe-O,O,Fe10O11_799417_POSCAR,-0.0608202571074139,8.847270882,-0.15939277102545,-0.098572513918036,8.1667115834,16.6737028161,35,local_max_drop,mp-799417,Fe10O11,Triclinic,P-1,2,0.7118553790476181,-0.8233716192857141,False,0.186299999999999,False,5.433022284851316,21,224.473947228457,10.689235582307477,109.58769901308948,0.4881978526512801,48.819785265128004
d-block,Fe-O,O,Fe9O13_1342828_POSCAR,-0.0571634158857205,6.695139809,-0.14369114985753,-0.0865277339718095,6.1801290544,12.6177634861,35,local_max_drop,mp-1342828,Fe9O13,Monoclinic,C2/m,12,0.263188419090908,-1.42339639159091,False,0.0,True,4.536255781329282,22,260.1207842679543,11.823672012179742,102.36213644079787,0.3935177141990818,39.35177141990818
d-block,Fe-O,O,Fe2O3_715276_POSCAR,-0.0561113009202514,6.6880372782,-0.1459855921543,-0.0898742912340485,6.1735728721,12.6043779473,35,local_max_drop,mp-715276,Fe2O3,Orthorhombic,Pna2_1,33,0.133946274999999,-1.573145078,False,1.5103,False,5.190255644121662,20,204.35871573067624,10.217935786533811,91.52379258236044,0.4478585229659565,44.78585229659565
d-block,Fe-O,O,Fe2O3_510080_POSCAR,-0.0559842649640556,6.46588875,-0.148669939843,-0.0926856748789443,6.2072532,12.67314195,35,local_max_drop,mp-510080,Fe2O3,Orthorhombic,Pbcn,60,0.130721205499998,-1.5763701475,False,1.309499999999999,False,5.117896034929836,20,207.24805096879575,10.362402548439787,91.52379258236044,0.44161473246443556,44.161473246443556
d-block,Fe-S,S,Fe3S_1189032_POSCAR,-0.1163896643480806,7.4709782,-0.23335261928889,-0.1169629549408093,6.67051625,13.07421185,35,local_max_drop,mp-1189032,Fe3S,Orthorhombic,Pnma,62,0.163449760625,-0.215270754999998,False,0.0,True,7.129732576305925,16,185.95008670863126,11.621880419289454,135.00519419992915,0.7260292081039541,72.6029208103954
d-block,Fe-S,S,Fe11S12_1225858_POSCAR,-0.1074609909203812,9.0331575861,-0.34791929944886,-0.2404583085284788,8.3879320442,15.8080257756,35,local_max_drop,mp-1225858,Fe11S12,Monoclinic,Cc,9,0.170464786521739,-0.598720062826086,False,0.0,True,5.573466424593577,46,595.3218130304708,12.94177854414067,328.32699371346735,0.5515117815726035,55.15117815726035
d-block,Fe-S,S,Fe2S_851357_POSCAR,-0.1057826997847229,7.1123326346,-0.25086715441454,-0.145084454629817,6.604308875,12.4465821106,35,local_max_drop,mp-851357,Fe2S,Monoclinic,Cm,8,0.327644877380953,-0.177315810119045,False,0.0,True,6.424253454912277,21,260.1042388332623,12.385916134917252,168.82050584182093,0.649049421874443,64.9049421874443
d-block,Fe-S,S,Fe7S8_21688_POSCAR,-0.0988730726934764,9.302750002,-0.3230669674128,-0.2241938947193235,8.638267859,16.2798125035,35,local_max_drop,mp-21688,Fe7S8,Trigonal,P3_1,144,0.165681557,-0.6097666619999991,False,0.0,True,5.347088959315148,45,603.1830317471249,13.404067372158332,318.6929102837452,0.5283519156045362,52.83519156045362
d-block,Fe-S,S,Fe2S_684641_POSCAR,-0.0958063276341448,6.4863140503,-0.2311386614558,-0.1353323338216552,5.7913518306,11.351049588,35,local_max_drop,mp-684641,Fe2S,Monoclinic,Cm,8,0.298591699761906,-0.206368987738092,False,0.0,True,6.39800112631646,21,261.1715004707193,12.4367381176533,168.82050584182093,0.6463971204268051,64.63971204268051
d-block,Fe-S,S,Fe7S8_556435_POSCAR,-0.0796915980967958,9.21487,-0.31960388311789,-0.2399122850210941,8.8857675,16.1260225,35,local_max_drop,mp-556435,Fe7S8,Trigonal,P3_121,152,0.126390304333334,-0.6490579146666651,False,0.0,True,5.522181407054188,45,584.0578380963606,12.979063068808014,318.6929102837452,0.5456529978648549,54.56529978648549
d-block,Fe-S,S,Fe7S12_684707_POSCAR,-0.0681125912114872,7.5653298,-0.3729346048142,-0.3048220136027127,7.29513945,13.23932715,35,local_max_drop,mp-684707,Fe7S12,Monoclinic,Pc,7,0.238451485394736,-0.590070550131578,False,0.1398,False,4.673514271830085,76,1102.443922299735,14.505841082891251,502.50865255138024,0.4558133455923366,45.58133455923366
d-block,Fe-S,S,FeS_2779_POSCAR,-0.0637735698654788,6.8954145735,-0.19005346235382,-0.1262798924883411,6.3846431236,12.5139005222,35,local_max_drop,mp-2779,FeS,Hexagonal,P-62c,190,0.299531570416666,-0.457909460833332,False,0.0,True,5.094471969029963,24,343.850331201194,14.327097133383084,173.79758028645583,0.5054454351674398,50.54454351674398
d-block,Hf-O,O,HfO2_1244885_POSCAR,-0.1581966049088147,15.8250651942,-0.51248685383251,-0.3542902489236953,14.7700608479,25.8476064839,35,local_max_drop,mp-1244885,HfO2,Triclinic,P1,1,0.254510453382351,-3.7653005874509793,False,3.4783,False,8.847975226452482,102,1343.114719871292,13.167791371287176,845.1658242810619,0.6292581056382529,62.925810563825294
d-block,Hf-O,O,HfO2_1245112_POSCAR,-0.1581690717104457,15.8236662236,-0.50844260805045,-0.3502735363400043,14.768755142,25.8453214985,35,local_max_drop,mp-1245112,HfO2,Triclinic,P1,1,0.209907856519606,-3.809903184313724,False,3.620099999999999,False,8.934776811162463,102,1330.066326344325,13.039865944552206,845.1658242810619,0.6354313371754868,63.543133717548685
d-block,Hf-O,O,HfO2_1245226_POSCAR,-0.1579507441897535,16.1172993856,-0.50852208333587,-0.3505713391461164,15.0428127599,26.3249223298,35,local_max_drop,mp-1245226,HfO2,Triclinic,P1,1,0.216772667499999,-3.803038373333333,False,3.401,False,8.793253202528755,102,1351.4731672508144,13.249736933831514,845.1658242810619,0.6253663370914793,62.53663370914793
d-block,Hf-O,O,HfO2_1244883_POSCAR,-0.1572269177311728,16.4906920661,-0.50927263143579,-0.3520457137046172,15.3913125951,26.9347970413,35,local_max_drop,mp-1244883,HfO2,Triclinic,P1,1,0.229321330343136,-3.790489710490195,False,3.7691,False,8.957833639278316,102,1326.6428294040993,13.006302249059797,845.1658242810619,0.6370711133008521,63.70711133008521
d-block,Hf-O,O,HfO2_1245107_POSCAR,-0.1549939248725766,16.3695302672,-0.51036404042911,-0.3553701155565333,15.2782282494,26.7368994364,35,local_max_drop,mp-1245107,HfO2,Triclinic,P1,1,0.22711691504902,-3.792694125784312,False,3.7499,False,8.93962545120878,102,1329.3449294990103,13.032793426460884,845.1658242810619,0.6357761672883344,63.57761672883344
d-block,Hf-O,O,HfO2_776097_POSCAR,-0.0549962214987101,7.21492713,-0.18525934251305,-0.1302631210143399,6.733931988,11.784380979,35,local_max_drop,mp-776097,HfO2,Orthorhombic,Pbcn,60,0.039298047777778,-3.980512993055552,False,4.264,False,9.471347955396345,36,442.840715548976,12.301130987471556,298.293820334491,0.6735916772347939,67.35916772347939
d-block,Hf-O,O,HfO2_1858_POSCAR,-0.0492597365851369,7.304741328,-0.15991149622255,-0.110651759637413,7.052853696,12.342493968,35,local_max_drop,mp-1858,HfO2,Orthorhombic,Pbca,61,0.01638392625,-4.003427114583332,False,4.2272,False,10.698913663127213,24,261.3535440977401,10.889731004072503,198.86254688966062,0.7608947779001255,76.08947779001255
d-block,Hf-O,O,HfO2_775757_POSCAR,-0.0425218887428238,14.6359104575,-0.14417780614424,-0.1016559174014161,14.13122389,24.7296418075,35,local_max_drop,mp-775757,HfO2,Orthorhombic,Pbca,61,0.00992863875,-4.00988240208333,False,4.1083,False,10.2455682122362,24,272.91790420316113,11.37157934179838,198.86254688966062,0.7286533562914458,72.86533562914458
d-block,Mn-O,O,Mn2O3_778470_POSCAR,-0.5650836296435212,11.4689797155,-1.2182071874956,-0.6531235578520788,10.194648636,20.8140742985,35,local_max_drop,mp-778470,Mn2O3,Tetragonal,P4_12_12,92,0.078851421625,-1.935068421922413,False,0.0,True,4.442862741381253,160,1888.1982463422953,11.801239039639345,835.576653059916,0.4425259130912472,44.252591309124725
d-block,Mn-O,O,Mn2O3_565203_POSCAR,-0.3904642848396677,12.4786779,-0.72994475268894,-0.3394804678492722,11.5187796,23.51750835,35,local_max_drop,mp-565203,Mn2O3,Orthorhombic,Pbca,61,0.0001606345,-2.013759209047413,False,0.0,True,4.7211794529325015,80,888.4438433922353,11.10554804240294,417.78832652995555,0.47024730897426903,47.024730897426906
d-block,Mn-O,O,Mn2O3_510604_POSCAR,-0.3882897864959043,12.7154629305,-0.71329783941133,-0.3250080529154256,11.7735767875,23.0762105035,35,local_max_drop,mp-510604,Mn2O3,Cubic,Ia-3,206,0.006783344624999,-2.007136498922413,False,0.0,True,5.018577144710987,80,835.795225929392,10.4474403241174,417.78832652995555,0.49986924257120646,49.98692425712065
d-block,Mn-O,O,Mn2O3_1172875_POSCAR,-0.3809237315340661,12.4543497,-0.71924377535252,-0.3383200438184539,11.4963228,23.47165905,35,local_max_drop,mp-1172875,Mn2O3,Orthorhombic,Pbca,61,0.0,-2.013919843547413,True,0.0721,False,4.717691499808666,80,889.1007007723838,11.113758759654797,417.78832652995555,0.4698998956665004,46.989989566650046
d-block,Mn-O,O,Mn2O3_1204718_POSCAR,-0.3246782312700588,14.2502523635,-0.72567992911292,-0.4010016978428612,13.1946781144,25.8615691042,35,local_max_drop,mp-1204718,Mn2O3,Triclinic,P-1,2,0.076886719624999,-1.937033123922412,False,0.127999999999999,False,4.98265037522671,80,841.8216215010336,10.52277026876292,417.78832652995555,0.4962908006389838,49.62908006389838
d-block,Mn-O,O,Mn2O3_1203190_POSCAR,-0.3244483586930519,12.348482681,-0.72435308484506,-0.3999047261520081,11.4337802602,22.41020931,35,local_max_drop,mp-1203190,Mn2O3,Trigonal,R-3,148,0.076406079249998,-1.937513764297413,False,0.2188,False,5.003428008135471,80,838.3258064022893,10.479072580028618,417.78832652995555,0.49836033119738,49.836033119738
d-block,Mn-O,O,MnO2_705430_POSCAR,-0.1921685756640354,8.187505984,-0.37435977798597,-0.1821912023219345,7.3102732,14.328135472,35,local_max_drop,mp-705430,MnO2,Trigonal,P3m1,156,0.111724348611112,-1.710803575421456,False,0.0,True,4.084483868593693,72,848.2561742949578,11.781335754096636,327.79237004204964,0.3864308683806513,38.64308683806513
d-block,Mn-O,O,Mn2O3_771717_POSCAR,-0.1816033199276973,6.8955497,-0.3508760149185,-0.1692726949908026,6.3651228,12.99545905,35,local_max_drop,mp-771717,Mn2O3,Orthorhombic,Pna2_1,33,0.088202734374998,-1.925717109172413,False,0.0,True,4.658923556506842,40,450.15793537217303,11.253948384304326,208.89416326497772,0.4640463865027108,46.40463865027108
d-block,Mn-O,O,Mn21O40_766493_POSCAR,-0.1795467574692288,13.5265726197,-0.352083843629,-0.1725370861597711,12.5246042775,24.5482243839,35,local_max_drop,mp-766493,Mn21O40,Tetragonal,I-4,82,0.067233391386613,-1.786670257156586,False,0.0,True,4.151273859551081,61,717.4827352209874,11.76201205280307,284.4098029293629,0.3963995075669154,39.63995075669154
d-block,Mn-O,O,Mn21O40_849596_POSCAR,-0.1756656369494806,7.8889881274,-0.3476639787411,-0.1719983417916193,7.3046186364,14.3170525274,35,local_max_drop,mp-849596,Mn21O40,Monoclinic,C2,5,0.057628469911204,-1.796275178631996,False,0.129599999999999,False,4.135748875875307,61,720.1760564919923,11.806164860524465,284.4098029293629,0.3949170489154207,39.49170489154207
d-block,Mn-O,O,Mn20O43_1222372_POSCAR,-0.1598765867793684,10.7423062491,-0.32433194530912,-0.1644553585297516,9.9749986598,18.7990359358,35,local_max_drop,mp-1222372,Mn20O43,Triclinic,P-1,2,0.1481496255291,-1.587591254501915,False,0.052,False,4.084623945045255,63,726.3688103431087,11.529663656239821,276.7730896545205,0.38103658322524,38.103658322524
d-block,Mn-O,O,Mn5O7_1046066_POSCAR,-0.1241510070400706,6.98656764,-0.22215896872503,-0.0980079616849593,6.18042522,13.16699286,35,local_max_drop,mp-1046066,Mn5O7,Orthorhombic,Cmcm,63,0.234434443072915,-1.8007708820545991,False,0.0,True,4.353892651716696,24,294.9577781385848,12.289907422441033,129.354591611896,0.4385529089221687,43.85529089221687
d-block,Mn-O,O,Mn15O32_776603_POSCAR,-0.1202460492170193,8.051055353,-0.22983220301664,-0.1095861537996206,7.4759799706,14.0893468677,35,local_max_drop,mp-776603,Mn15O32,Monoclinic,C2/m,12,0.13769114324468,-1.6072824010418212,False,0.0346,False,3.978051832994468,47,557.701549435355,11.865990413518192,207.27875213371158,0.37166608617740254,37.16660861774025
d-block,Mn-O,O,Mn15O32_867971_POSCAR,-0.1184590220276265,11.5380823021,-0.2287999698797,-0.1103409478520734,10.7139335663,20.1916440287,35,local_max_drop,mp-867971,Mn15O32,Monoclinic,C2/m,12,0.117386878563829,-1.6275866657226712,False,0.0,True,3.961701768714472,47,560.0031996690071,11.914961695085259,207.27875213371158,0.37013851395175024,37.013851395175024
d-block,Mn-O,O,Mn3O4_1279995_POSCAR,-0.1116471123160836,3.990231603,-0.29745268888164,-0.1858055765655563,3.8367611568,7.5200518673,35,local_max_drop,mp-1279995,Mn3O4,Orthorhombic,Pmc2_1,26,0.055026327857143,-1.995382912684729,False,0.831199999999999,False,5.08604825311055,28,298.81810501346064,10.672075179052166,154.2621015913028,0.5162408134016976,51.62408134016976
d-block,Mn-O,O,Mn3O4_20141_POSCAR,-0.1104867004065065,3.990805,-0.29584085296341,-0.1853541525569035,3.8373125,7.5211325,35,local_max_drop,mp-20141,Mn3O4,Orthorhombic,Pbcm,57,0.052537243571428,-1.997871996970443,False,0.0,True,5.114619784469388,28,297.14883285574314,10.612458316276541,154.2621015913028,0.519140863212451,51.9140863212451
d-block,Mn-O,O,Mn2O3_1349371_POSCAR,-0.106812399227982,15.221878408,-0.36808414844575,-0.2612717492177679,13.6472013313,25.7197255859,35,local_max_drop,mp-1349371,Mn2O3,Triclinic,P-1,2,2.870379208249998,0.8564593647025851,False,0.0,True,4.982650479128582,80,841.8216038593839,10.522770048242299,417.78832652995555,0.49629081103951095,49.629081103951094
d-block,Mn-O,O,Mn9O13_1045833_POSCAR,-0.1028822957513108,6.9047012863,-0.1906802059626,-0.0877979102112891,6.3735704181,13.0127062703,35,local_max_drop,mp-1045833,Mn9O13,Monoclinic,C2/m,12,0.228090068210224,-1.7974400380172422,False,0.0,True,4.361003645566057,22,267.465977619115,12.1575444372325,116.90083662219254,0.4370680624982711,43.70680624982711
d-block,Mn-O,O,MnO2_1354468_POSCAR,-0.0970388227030001,7.0719786756,-0.18814565329797,-0.0911068305949698,6.3142666747,12.3759626823,35,local_max_drop,mp-1354468,MnO2,Trigonal,P3m1,156,0.113316328333333,-1.7092115956992342,False,0.0,True,4.125804352092269,36,419.8803877959636,11.663344105443434,163.89618502102488,0.390340177309421,39.0340177309421
d-block,Mn-O,O,MnO2_1350912_POSCAR,-0.0965617061122175,7.9100691825,-0.23279890278154,-0.1362371966693224,7.0625617701,13.8426210694,35,local_max_drop,mp-1350912,MnO2,Monoclinic,Cm,8,0.262951867847222,-1.559576056185346,False,0.0,True,4.108121265524473,48,562.250306029873,11.71354804228902,218.5282466946998,0.38866719030845515,38.866719030845516
d-block,Mn-O,O,Mn2O3_1043363_POSCAR,-0.0916828115769772,6.943213927,-0.16858216309324,-0.0768993515162627,6.409120548,13.0852877855,35,local_max_drop,mp-1043363,Mn2O3,Orthorhombic,Cmcm,63,0.227346481874999,-1.7865733616724122,False,0.0,True,4.382243548995705,20,239.28969119930142,11.96448455996507,104.44708163248904,0.43648801212040667,43.64880121204067
d-block,Mn-O,O,Mn3O4_1180464_POSCAR,-0.0903646620567713,3.8974728,-0.16582940213341,-0.0754647400766386,3.5976672,7.3452372,35,local_max_drop,mp-1180464,Mn3O4,Orthorhombic,Pbcm,57,0.5794239267857131,-1.4709853137561582,False,0.0,True,3.310253593166713,28,459.11990023767487,16.397139294202674,154.2621015913028,0.33599524113732643,33.59952411373264
d-block,Mn-O,O,MnO2_1041066_POSCAR,-0.0862427013320223,7.107495948,-0.1813142261446,-0.0950715248125776,6.345978525,12.438117909,35,local_max_drop,mp-1041066,MnO2,Trigonal,P3m1,156,0.168680411111113,-1.653847512921455,False,0.0,True,4.029481814189597,36,429.9173958786536,11.942149885518155,163.89618502102488,0.3812271533838687,38.12271533838687
d-block,Mn-O,O,Mn3O4_1180876_POSCAR,-0.085056336247977,15.52410495,-0.15263190900393,-0.0675755727559529,13.7992044,28.17337565,35,local_max_drop,mp-1180876,Mn3O4,Monoclinic,P2_1,4,0.186082833928571,-1.864326406613301,False,0.0,True,3.064849749585875,28,495.88182900383856,17.71006532156566,154.2621015913028,0.31108641730469355,31.108641730469355
d-block,Mn-O,O,MnO_1232659_POSCAR,-0.0789162254936269,3.9432566119,-0.12457054999797,-0.045654324504343,3.6277960829,7.7287829593,35,local_max_drop,mp-1232659,MnO,Orthorhombic,Pmmn,59,0.0,-2.032569766465519,True,1.3104999999999989,False,5.4848291586156375,8,85.90561011081735,10.738201263852169,49.81501995881394,0.579880870347735,57.98808703477349
d-block,Mn-O,O,MnO2_755489_POSCAR,-0.0716429387775884,7.9045869352,-0.14028637731148,-0.0686434385338915,7.3399735827,13.8330271365,35,local_max_drop,mp-755489,MnO2,Hexagonal,P6_3mc,186,0.045345237222221,-1.777182686810347,False,0.8718,False,4.8295562895215145,24,239.13091561438844,9.963788150599518,109.26412334735014,0.4569217788784134,45.69217788784134
d-block,Mn-O,O,MnO2_1354190_POSCAR,-0.0705376479714122,3.985622928,-0.13843724254958,-0.0678995945781677,3.700935576,6.974840124,35,local_max_drop,mp-1354190,MnO2,Orthorhombic,Pnma,62,0.040930121805555,-1.781597802227012,False,0.617499999999999,False,4.704655817614493,24,245.47942811705704,10.228309504877377,109.26412334735014,0.44510501016503695,44.510501016503696
d-block,Mn-O,O,Mn7O12_754430_POSCAR,-0.0699916918345097,8.2558021069,-0.14247422910401,-0.0724825372695002,7.3712518812,14.4476536871,35,local_max_drop,mp-754430,Mn7O12,Cubic,Im-3,204,0.055782125065789,-1.867478388185118,False,0.0,True,5.082418833312119,19,188.37466307351437,9.9144559512376,93.19758707150082,0.49474587267147435,49.474587267147434
d-block,Mn-O,O,Mn3O4_18759_POSCAR,-0.0672775592599477,7.7528029121,-0.12906588778235,-0.0617883285224022,6.8913803663,14.0699015812,35,local_max_drop,mp-18759,Mn3O4,Tetragonal,I4_1/amd,141,0.0,-2.050409240541872,True,0.8134999999999991,False,4.886374081713801,14,155.51442358903404,11.108173113502431,77.1310507956515,0.4959736146370563,49.59736146370563
d-block,Mn-O,O,Mn8O17_1221945_POSCAR,-0.0653380268267693,8.0007371772,-0.13044538825229,-0.0651073614255206,7.4292559502,14.00129006,35,local_max_drop,mp-1221945,Mn8O17,Triclinic,P-1,2,0.108686611933334,-1.6409401951379312,False,0.3141,False,4.107996444443779,25,287.600990939456,11.50403963757824,110.46838377606541,0.38410293168746606,38.410293168746605
d-block,Mn-O,O,MnO_2831286_POSCAR,-0.0593755998704282,4.334932375,-0.10073666511183,-0.0413610652414017,3.988137785,8.496467455,35,local_max_drop,mp-2831286,MnO,Orthorhombic,Cmc2_1,36,0.055364538750001,-1.9772052277155168,False,0.9851,False,4.231658355789189,8,111.34584950178106,13.918231187722633,49.81501995881394,0.44739000314526417,44.739000314526415
d-block,Mn-O,O,Mn3O4_638270_POSCAR,-0.0306495091038103,4.2661566,-0.19380065832357,-0.1631511492197596,4.1081508,7.7422842,35,local_max_drop,mp-638270,Mn3O4,Monoclinic,Pm,6,0.218697328571428,-1.831711911970444,False,0.0,True,3.746703958101553,28,405.6374127026314,14.487050453665407,154.2621015913028,0.38029554661515097,38.0295546615151
d-block,Mn-O,O,Mn3O4_1194100_POSCAR,-0.0300963122820623,4.27809195,-0.19092582683694,-0.1608295145548777,4.1196441,7.76394465,35,local_max_drop,mp-1194100,Mn3O4,Orthorhombic,Cmcm,63,0.222679115,-1.827730125541872,False,0.0,True,3.683272828814417,28,412.6230583753159,14.736537799118425,154.2621015913028,0.3738572008038103,37.38572008038103
d-block,Mn-O,O,Mn3O4_1193728_POSCAR,-0.0295446086034763,4.28301,-0.19498506081442,-0.1654404522109436,4.12438,7.77287,35,local_max_drop,mp-1193728,Mn3O4,Orthorhombic,Pbcm,57,0.218974626785714,-1.831434613756158,False,0.0,True,3.762579513540525,28,403.9258955157591,14.42592483984854,154.2621015913028,0.3819069371482876,38.19069371482876
d-block,Mo-O,O,Mo4O5_543061_POSCAR,-0.095623290981335,8.4220595164,-0.26802953127154,-0.1724062402902049,7.8204838367,14.7386041537,35,local_max_drop,mp-543061,Mo4O5,Tetragonal,I4_1md,109,0.6811400525,-1.003489271111111,False,0.0,True,6.336928520439955,36,486.09455773154417,13.502626603654004,268.86229127020863,0.553106976809013,55.3106976809013
d-block,Mo-S,S,Mo15S19_31257_POSCAR,-0.1586130006063377,13.477614048,-0.47916344269779,-0.3205504420914523,12.548123424,22.772520288,35,local_max_drop,mp-31257,Mo15S19,Hexagonal,P6_3/m,176,0.082155104411764,-0.727699676130511,False,0.0,True,4.73431668957399,68,1436.8875221033404,21.13069885446089,643.2208639658204,0.44764872272275197,44.7648722722752
d-block,Mo-S,S,Mo21S8_1210708_POSCAR,-0.1530735442009091,17.0490915845,-0.45045281086321,-0.2973792666623008,15.8732921649,28.8070857808,35,local_max_drop,mp-1210708,Mo21S8,Tetragonal,I4/m,87,0.277015786551725,-0.122767335603451,False,0.0,True,8.750497420880023,29,431.0058940812407,14.862272209697954,360.06230712489986,0.835399961043297,83.53999610432969
d-block,Mo-S,S,MoS2_990083_POSCAR,-0.072560007486092,4.58632245,-0.31376257782807,-0.2412025703419779,4.27002435,7.74930345,35,local_max_drop,mp-990083,MoS2,Orthorhombic,Pmmn,59,0.166356818703704,-0.7997857265046291,False,0.0,True,2.67200365789618,54,1790.583174125959,33.15894766899924,449.9399554222614,0.2512812372661167,25.12812372661167
d-block,Mo-S,S,Mo7S8_673645_POSCAR,-0.065983674271478,9.3130183255,-0.23571454026172,-0.1697308659902419,8.6707411996,15.7357895844,35,local_max_drop,mp-673645,Mo7S8,Triclinic,P1,1,0.123421140333334,-0.649492895833333,False,0.0,True,5.689602949477235,30,541.741250453034,18.0580416817678,291.76471953196886,0.5385684019593838,53.85684019593838
d-block,Nb-O,O,NbO2_1245189_POSCAR,-0.2345078647211213,16.1746495812,-0.56235690020162,-0.3278490354804986,15.0963396091,26.4185943159,35,local_max_drop,mp-1245189,NbO2,Triclinic,P1,1,0.259058149656862,-2.6385700445098053,False,0.0,True,5.185082685730055,102,1360.0434315204948,13.33375913255387,710.0913558687256,0.5221093234315768,52.21093234315768
d-block,Nb-O,O,NbO2_1244881_POSCAR,-0.2227402871332395,17.1751214819,-0.50942294017835,-0.2866826530451105,16.0301133831,28.0526984205,35,local_max_drop,mp-1244881,NbO2,Triclinic,P1,1,0.207866370735294,-2.689761823431373,False,0.042699999999999,False,4.561569565446023,102,1545.9454363165682,15.156327807025178,710.0913558687256,0.4593249795158475,45.93249795158475
d-block,Nb-O,O,NbO2_1244973_POSCAR,-0.2093230937452945,16.9462967144,-0.51128182262518,-0.3019587288798854,15.8165436001,27.6789513002,35,local_max_drop,mp-1244973,NbO2,Triclinic,P1,1,0.259663862009803,-2.637964332156863,False,0.0518,False,4.796344135355287,102,1470.2734947403524,14.4144460268662,710.0913558687256,0.48296548799182865,48.296548799182865
d-block,Nb-O,O,NbO2_821_POSCAR,-0.1237442364842791,8.6576784311,-0.27914021811934,-0.1553959816350608,8.080499869,14.1408747708,35,local_max_drop,mp-821,NbO2,Tetragonal,I4_1/a,88,0.002364360416665,-2.89526383375,False,0.426,False,5.728621222714797,48,579.2945226736205,12.068635889033759,334.160638055869,0.5768406656317343,57.68406656317343
d-block,Nb-O,O,Nb4O5_28212_POSCAR,-0.1214641516816376,7.020640276,-0.20435161721472,-0.0828874655330823,6.0522761,11.862461156,35,local_max_drop,mp-28212,Nb4O5,Tetragonal,P4_2/nmc,137,0.023646288611111,-2.467337063333334,False,0.0,True,6.868690142200689,18,218.36385753050266,12.131325418361259,159.85475645564296,0.7320568443123115,73.20568443123115
d-block,Nb-O,O,Nb2O5_581967_POSCAR,-0.1207308340310666,5.807859,-0.33254724592498,-0.2118164118939133,5.6142637,9.4861697,35,local_max_drop,mp-581967,Nb2O5,Monoclinic,P2,3,0.0,-3.034205274693879,True,1.7731,False,4.300420662212256,98,1436.9349786309215,14.662601822764504,601.6407625997882,0.4186972768754072,41.86972768754072
d-block,Nb-O,O,Nb12O29_1470_POSCAR,-0.1177194801896801,16.129663815,-0.29814452368421,-0.1804250434945299,15.054352894,26.3451175645,35,local_max_drop,mp-1470,Nb12O29,Orthorhombic,Cmcm,63,0.0,-3.039089709756097,True,0.0,True,4.348856317923932,82,1205.7226663521865,14.70393495551447,513.283561370956,0.42570615589723687,42.57061558972369
d-block,Nb-O,O,Nb2O5_766361_POSCAR,-0.096989929722968,17.262906551,-0.25139179996831,-0.154401870245342,16.6874763326,28.1960807,35,local_max_drop,mp-766361,Nb2O5,Triclinic,P-1,2,0.011876653408162,-3.022328621285716,False,2.2152,False,4.479979717347137,70,985.2443953517693,14.074919933596703,429.7434018569888,0.43617949402650924,43.61794940265092
d-block,Nb-O,O,NbO2_649729_POSCAR,-0.0948187142242821,17.3951693115,-0.2130756080169,-0.1182568937926178,16.2354913574,28.4121098754,35,local_max_drop,mp-649729,NbO2,Tetragonal,I4_1/a,88,0.310908042499999,-2.586720151666667,False,0.1889,False,3.968281835030951,48,836.2709681684275,17.42231183684224,334.160638055869,0.3995841668254207,39.95841668254207
d-block,Nb-O,O,NbO2_776975_POSCAR,-0.0825697190276663,7.3315451,-0.18405705249879,-0.1014873334711236,6.8259213,12.3877831,35,local_max_drop,mp-776975,NbO2,Orthorhombic,Pbca,61,0.072067247499999,-2.8255609466666662,False,0.0,True,6.153278652770998,24,269.65777786423155,11.235740744342982,167.0803190279345,0.6196013345183643,61.96013345183643
d-block,Nb-O,O,Nb2O5_1364247_POSCAR,-0.0764474279097878,5.7473204262,-0.1959696334873,-0.1195222055775122,5.3641657311,9.3872900295,35,local_max_drop,mp-1364247,Nb2O5,Triclinic,P1,1,0.181660162193878,-2.8525451125,False,0.9797999999999992,False,4.260513597569688,56,828.7967737919456,14.799942389141886,343.7947214855911,0.4148118481598898,41.48118481598898
d-block,Nb-O,O,Nb2O5_1201852_POSCAR,-0.0711292662668138,5.7109627894,-0.18805534975236,-0.1169260834855461,5.5205973631,9.3279058894,35,local_max_drop,mp-1201852,Nb2O5,Monoclinic,C2/m,12,0.005506140765309,-3.028699133928571,False,1.9717,False,4.341061036091466,56,813.4186310473931,14.525332697274877,343.7947214855911,0.42265410252886154,42.265410252886156
d-block,Nb-O,O,Nb2O5_680944_POSCAR,-0.0708580504887527,5.7486203467,-0.18992939208418,-0.1190713415954272,5.5569996685,9.389413233,35,local_max_drop,mp-680944,Nb2O5,Triclinic,P1,1,0.000372539336735,-3.033832735357143,False,1.764,False,4.259981562208794,56,828.9002834218118,14.801790775389495,343.7947214855911,0.41476004817655543,41.47600481765554
d-block,Nb-O,O,Nb2O5_556048_POSCAR,-0.0687781734671811,22.799248372,-0.18050212786957,-0.1117239544023888,21.3283291222,36.0375216203,35,local_max_drop,mp-556048,Nb2O5,Tetragonal,I4/mmm,139,0.006534566301022,-3.027670708392857,False,1.5566,False,4.32188433489156,56,817.0278635356057,14.58978327742153,343.7947214855911,0.42078702187444883,42.07870218744488
d-block,Nb-O,O,NbO2_557057_POSCAR,-0.0624448286839001,8.3029826576,-0.14056680333736,-0.0781219746534598,7.7494504805,13.5615383408,35,local_max_drop,mp-557057,NbO2,Tetragonal,I4_1/a,88,0.0,-2.897628194166666,True,0.2824,False,5.748749527899252,24,288.6331085457813,12.026379522740887,167.0803190279345,0.5788674759792265,57.88674759792265
d-block,Nb-O,O,Nb12O29_510554_POSCAR,-0.0593780019443679,14.8639712612,-0.1497853037708,-0.090407301826432,13.8730398438,24.2778197266,35,local_max_drop,mp-510554,Nb12O29,Monoclinic,C2/m,12,0.000529339878047,-3.038560369878048,False,0.0,True,4.352814068895341,41,602.3131873748325,14.690565545727623,256.6417806854781,0.42609357733647696,42.6093577336477
d-block,Nb-S,S,Nb14S5_683941_POSCAR,-1.0842023921852435,4.9286324035,-1.697372122885,-0.6131697306997566,4.2488210375,8.3276892335,35,local_max_drop,mp-683941,Nb14S5,Orthorhombic,Pnma,62,0.0,-0.6590267005263141,True,0.0,True,7.693319009397218,76,1261.391268064481,16.597253527164224,1131.66603039575,0.897157019433165,89.71570194331649
d-block,Nb-S,S,Nb21S8_31381_POSCAR,-0.4079346343707893,4.8525851872,-0.63820988505848,-0.2302752506876906,4.1832630925,8.1991956612,35,local_max_drop,mp-31381,Nb21S8,Tetragonal,I4/m,87,0.009129852813289,-0.679891663448273,False,0.0,True,7.5673995622454,29,484.41074001956815,16.70381862136442,426.7992855288138,0.8810689984114988,88.10689984114988
d-block,Nb-S,S,Nb11S12_684971_POSCAR,-0.3338526542147733,12.3614413043,-0.62660388622397,-0.2927512320091966,10.595521118,17.306017826,35,local_max_drop,mp-684971,Nb11S12,Trigonal,R-3c,167,0.174435414342523,-1.09510688347826,False,0.0,True,10.289910533083733,46,454.02992025549156,9.870215657728078,522.8605767229285,1.151599384526695,115.1599384526695
d-block,Nb-S,S,Nb11S12_1173629_POSCAR,-0.2927567809484648,8.2983767111,-0.5331113709531,-0.2403545900046351,7.1537730268,14.0213951325,35,local_max_drop,mp-1173629,Nb11S12,Monoclinic,C2/c,15,0.561380196299045,-0.7081621015217391,False,0.0,True,4.825665315666877,46,968.1415846210915,21.04655618741503,522.8605767229285,0.5400662310436383,54.006623104363825
d-block,Nb-S,S,Nb25S48_684620_POSCAR,-0.2227652343389367,17.3510431702,-0.5727554200181,-0.3499901856791632,16.1544195033,29.3172798393,35,local_max_drop,mp-684620,Nb25S48,Monoclinic,Cm,8,0.0,-1.3650697605479452,True,0.0,True,4.282901789608942,73,1497.2642480557936,20.51046915144923,694.6672920456923,0.4639577101688776,46.39577101688776
d-block,Nb-S,S,Nb5S8_1220654_POSCAR,-0.1430446119851555,8.446288338,-0.35313464259937,-0.2100900306142144,7.863785694,14.271314778,35,local_max_drop,mp-1220654,Nb5S8,Trigonal,P312,149,0.010622922692307,-1.40351744051282,False,0.0,True,4.815034847738142,39,745.9976216925791,19.128144145963567,393.5249435754995,0.5275150109495506,52.75150109495505
d-block,Nb-S,S,Nb3S5_32983_POSCAR,-0.1299769463492968,11.4546519347,-0.2894586224019,-0.1594816760526031,9.8746999437,19.3544118897,35,local_max_drop,mp-32983,Nb3S5,Triclinic,P1,1,0.0,-1.420107923749999,True,0.0,True,4.896630350356049,32,595.5523649996869,18.611011406240216,318.6991934690523,0.5351321096159527,53.51321096159527
d-block,Nb-S,S,Nb7S8_1220475_POSCAR,-0.0825215485136361,9.7697431405,-0.18533070466347,-0.1028091561498338,9.0959677515,16.5074970305,35,local_max_drop,mp-1220475,Nb7S8,Trigonal,P3m1,156,0.069394411162601,-1.227522037333333,False,0.0,True,5.92676073653602,15,254.0821645263409,16.938810968422725,168.12801923395574,0.6617072849146236,66.17072849146236
d-block,Nb-S,S,Nb3S4_12627_POSCAR,-0.0758806840318891,14.0282615965,-0.14673216623859,-0.0708514822067008,12.0933289625,23.7029247665,35,local_max_drop,mp-12627,Nb3S4,Hexagonal,P6_3/m,176,0.0,-1.386860086428572,True,0.0,True,4.889994234425116,14,276.40309125943287,19.743077947102346,149.6515002128945,0.5414248427215711,54.14248427215711
d-block,Nb-S,S,Nb3S5_1220657_POSCAR,-0.0649555658660609,8.4320013552,-0.14474915475805,-0.079793588891989,7.2689666855,14.2471747036,35,local_max_drop,mp-1220657,Nb3S5,Triclinic,P1,1,0.000468602187501,-1.419639321562498,False,0.0657,False,4.898179977139635,16,297.68197577182474,18.605123485739046,159.34959673452616,0.5353014616399506,53.53014616399506
d-block,Ni-O,O,Ni15O16_1100319_POSCAR,-0.2641469386601428,7.1154430754,-0.43800694750537,-0.1738600088452271,6.5462076293,13.9462684277,35,local_max_drop,mp-1100319,Ni15O16,Trigonal,R-3m,166,0.026814349838709,-1.152582349677418,False,0.0,True,6.359212670811757,31,296.7383561307991,9.57220503647739,139.06488589060396,0.4686447943699791,46.86447943699791
d-block,Ni-O,O,Ni15O16_705519_POSCAR,-0.2630261974409217,8.5757738126,-0.4371026438945,-0.1740764464535782,7.8897119076,16.8085166728,35,local_max_drop,mp-705519,Ni15O16,Cubic,Im-3m,229,0.038222333064516,-1.141174366451612,False,0.0,True,6.361803161821139,31,296.61752560376635,9.56830727754085,139.06488589060396,0.4688357021640469,46.88357021640469
d-block,Ni-O,O,Ni15O16_33255_POSCAR,-0.2393996394607156,7.0932960802,-0.42304065461219,-0.1836410151514743,6.5258323938,13.9028603173,35,local_max_drop,mp-33255,Ni15O16,Trigonal,R-3m,166,0.099992452096775,-1.079404247419354,False,0.0,True,6.166903981199319,31,305.99184308082795,9.87070461551058,139.06488589060396,0.4544725260989061,45.44725260989061
d-block,Ni-O,O,Ni6O7_766450_POSCAR,-0.1769853746531678,6.5545461223,-0.30560094020648,-0.1286155655533122,5.798252339,12.3527984613,35,local_max_drop,mp-766450,Ni6O7,Triclinic,P-1,2,0.05691689423077,-1.068910973846152,False,0.0,True,6.148872081506998,26,250.69622265368153,9.642162409756981,112.69702122694159,0.44953617583071553,44.953617583071555
d-block,Ni-O,O,Ni9O10_656884_POSCAR,-0.1527195838597728,6.311011728,-0.25514584576419,-0.1024262619044172,5.8061307898,12.3695829869,35,local_max_drop,mp-656884,Ni9O10,Triclinic,P-1,2,0.046652373421052,-1.108309420526316,False,0.0,True,6.286449985817969,19,181.79424671657378,9.568118248240726,83.92063570584854,0.46162426601258155,46.162426601258154
d-block,Ni-O,O,Ni5O7_1046095_POSCAR,-0.1289935829469803,3.6336275,-0.23963363838691,-0.1106400554399296,3.3429373,7.1219099,35,local_max_drop,mp-1046095,Ni5O7,Orthorhombic,Cmcm,63,0.192225265138889,-0.8254484133333321,False,0.0,True,5.548953462447889,24,242.67164011670252,10.111318338195938,96.72412535612028,0.398580259768323,39.8580259768323
d-block,Ni-O,O,Ni9O13_1045896_POSCAR,-0.1116554361334349,3.657991065,-0.20990468982703,-0.098249253693595,3.3653517798,7.1696624875,35,local_max_drop,mp-1045896,Ni9O13,Monoclinic,C2/m,12,0.199607824090908,-0.7995626965909091,False,0.0,True,5.417649807181886,22,225.65934850251648,10.257243113750748,87.53341699199436,0.38790069001292987,38.790069001292984
d-block,Ni-O,O,NiO2_1042045_POSCAR,-0.1023640054183453,7.3753070738,-0.25544851210748,-0.1530845066891346,6.8079757604,13.8996171775,35,local_max_drop,mp-1042045,NiO2,Monoclinic,Cm,8,0.486627204444444,-0.327511738333332,False,0.0,True,4.556127498326812,48,528.862957117553,11.017978273282354,166.31950068545865,0.3144850635634327,31.44850635634327
d-block,Ni-O,O,Ni2O3_1043875_POSCAR,-0.0998739936890189,3.7735854,-0.18265851019086,-0.082784516501841,3.4833096,7.1117571,35,local_max_drop,mp-1043875,Ni2O3,Orthorhombic,Cmcm,63,0.213807978333332,-0.763158753,False,0.0,True,5.34937079621259,20,205.3536864382142,10.26768432191071,78.34270862786843,0.38150135011790887,38.15013501179089
d-block,Ni-O,O,NiO2_1354141_POSCAR,-0.0938568647581375,6.5920578098,-0.1988773516625,-0.1050204869043625,6.1037572313,11.9633641733,35,local_max_drop,mp-1354141,NiO2,Trigonal,P3m1,156,0.207266227777777,-0.6068727150000001,False,0.0,True,4.7487227316953255,36,380.5602884858207,10.571119124606131,124.73962551409431,0.32777888100308705,32.77788810030871
d-block,Ni-O,O,Ni5O4_1220234_POSCAR,-0.093074539723584,6.2836879623,-0.1506281698485,-0.0575536301249159,5.7809929253,12.3160284061,35,local_max_drop,mp-1220234,Ni5O4,Tetragonal,I4/m,87,0.350721638888889,-0.7320208499999991,False,0.0,True,6.646184948751412,9,89.31197935873585,9.92355326208176,44.749281391914295,0.5010445599035673,50.10445599035673
d-block,Ni-O,O,NiO2_1041256_POSCAR,-0.0885909347793237,7.574784066,-0.19407591692732,-0.1054849821479962,6.733141392,13.746830342,35,local_max_drop,mp-1041256,NiO2,Trigonal,P3m1,156,0.287716617222222,-0.526422325555555,False,0.0,True,4.677997361788056,36,386.31387636499784,10.730941010138828,124.73962551409431,0.3228970874352895,32.28970874352895
d-block,Ni-O,O,Ni4O3_1094096_POSCAR,-0.0758750014157261,5.20504875,-0.1191686925992,-0.0432936911834738,4.5804429,10.20189555,35,local_max_drop,mp-1094096,Ni4O3,Cubic,Pm-3m,221,0.430992375,-0.613080739285713,False,0.0,True,6.503405419459091,7,72.20119161383238,10.314455944833197,35.558573027788384,0.49249288319191725,49.24928831919173
d-block,Ni-O,O,Ni5O6_754806_POSCAR,-0.0728981071368301,6.4677513107,-0.12628745524423,-0.0533893481073998,5.7214723134,12.1892236241,35,local_max_drop,mp-754806,Ni5O6,Monoclinic,C2/m,12,0.040714679545455,-1.06833911,False,0.0,True,6.200943768911236,11,104.29367112110675,9.481242829191523,47.157802249344826,0.4521636043915336,45.216360439153355
d-block,Ni-O,O,Ni3O4_754800_POSCAR,-0.0724682875379509,12.6503694514,-0.1326871789778,-0.060218891439849,11.1907114378,23.8410808892,35,local_max_drop,mp-754800,Ni3O4,Monoclinic,C2/m,12,0.041206718571428,-1.005543350714285,False,0.0,True,5.603808633155922,14,142.2812919267834,10.162949423341672,57.552771042186,0.404499918877614,40.4499918877614
d-block,Ni-O,O,Ni4O_1094082_POSCAR,-0.0711053207466718,5.0214138,-0.11125368296011,-0.0401483622134381,4.2488886,9.4634337,35,local_max_drop,mp-1094082,Ni4O,Cubic,Pm-3m,221,1.389964321000001,0.9027302010000012,False,0.0,True,7.225732745193388,5,57.629914921152654,11.52598298423053,33.15005217035785,0.5752229934004355,57.522299340043546
d-block,Ni-O,O,NiO2_1369444_POSCAR,-0.0706757629119243,3.78503145,-0.14570550974503,-0.0750297468331056,3.50465875,6.86913115,35,local_max_drop,mp-1369444,NiO2,Orthorhombic,Pnma,62,0.212661544027778,-0.6014773987499991,False,0.0194,False,5.232594222178278,24,230.24593116369422,9.593580465153925,83.15975034272952,0.3611779366628928,36.11779366628928
d-block,Ni-O,O,Ni3O4_656887_POSCAR,-0.0690637576269993,6.8243491084,-0.12685779731418,-0.0577940396871806,5.8133344257,12.3849298634,35,local_max_drop,mp-656887,Ni3O4,Orthorhombic,Cmmm,65,0.0,-1.046750069285714,True,0.0,True,5.744078133199698,14,138.8068047019693,9.914771764426378,57.552771042186,0.4146249974254287,41.46249974254287
d-block,Ni-O,O,Ni5O4_1094094_POSCAR,-0.0548140802716701,5.69939875,-0.11027809600502,-0.0554640157333498,5.24344685,11.17082155,35,local_max_drop,mp-1094094,Ni5O4,Cubic,P-43m,215,0.8089165733333331,-0.273825915555554,False,0.0,True,6.26217280475596,9,94.78881400010718,10.532090444456353,44.749281391914295,0.4720945384110798,47.20945384110798
d-block,Ni-S,S,Ni9S8_1202035_POSCAR,-0.3366414857509834,12.4269911722,-0.70338415140536,-0.3667426656543766,11.0955278323,21.7472345513,35,local_max_drop,mp-1202035,Ni9S8,Tetragonal,I-42d,122,0.102290545882351,-0.508689904705881,False,0.0,True,5.163521011747226,68,1009.4860705889429,14.845383391013867,442.68167002088984,0.43852182107141463,43.852182107141466
d-block,Ni-S,S,Ni17S18_28105_POSCAR,-0.1867732851825731,10.517651828,-0.40742522489184,-0.2206519397092669,9.7385665074,19.0875903546,35,local_max_drop,mp-28105,Ni17S18,Trigonal,R-3m,166,0.086869037238094,-0.5447124821428561,False,0.0,True,5.516740775250005,35,474.06232432952436,13.54463783798641,223.05248359666604,0.4705129940712617,47.051299407126166
d-block,Ni-S,S,Ni9S8_976920_POSCAR,-0.1645110610243132,10.08150668,-0.36033375185264,-0.1958226908283267,9.00134525,17.64263669,35,local_max_drop,mp-976920,Ni9S8,Orthorhombic,C222,21,0.0,-0.610980450588233,True,0.0,True,5.489332024506321,34,474.78477439894573,13.964258070557227,221.340835010445,0.4661919398966651,46.619193989666506
d-block,Ni-S,S,Ni3S_976881_POSCAR,-0.099674615917652,6.611705438,-0.17084851342682,-0.0711738975091679,6.103112712,12.460521787,35,local_max_drop,mp-976881,Ni3S,Hexagonal,P6_3/mmc,194,0.370738363750001,0.013581580624999,False,0.0,True,7.684043267514061,8,89.96129343133894,11.245161678917368,57.616784134095575,0.6404619357554076,64.04619357554076
d-block,Ni-S,S,Ni9S10_767469_POSCAR,-0.0953017572571681,7.4901808628,-0.21226887952399,-0.1169671222668218,6.9353526507,13.5932911954,35,local_max_drop,mp-767469,Ni9S10,Triclinic,P-1,2,0.089023022631577,-0.54823004605263,False,0.0,True,5.419284329152718,19,260.1110991443003,13.690057849700015,120.3685140268543,0.46275808461398327,46.27580846139833
d-block,Ni-S,S,Ni3S2_850086_POSCAR,-0.0833111801199243,7.79647626,-0.15621676735008,-0.0729055872301556,7.2189595,14.14916062,35,local_max_drop,mp-850086,Ni3S2,Orthorhombic,Cmcm,63,0.134021547,-0.437429305999999,False,0.0,True,6.533838826018222,10,122.09619259145038,12.209619259145038,67.31488065572726,0.5513266157362625,55.13266157362625
d-block,Pd-O,O,Pd7O8_684657_POSCAR,-0.3659186590475132,7.23243375,-1.0339057598992,-0.6679871008516869,6.9431364,14.17557015,35,local_max_drop,mp-684657,Pd7O8,Monoclinic,P2/m,10,0.047401987222222,-0.729964483777778,False,0.0,True,7.6063421192978655,90,1143.4218808169962,12.704687564633291,530.2832721398388,0.46376869380962127,46.37686938096213
d-block,Pd-O,O,Pd7O8_1219936_POSCAR,-0.0571638749003818,7.1951275,-0.17195602551199,-0.1147921506116081,6.9073224,14.1024499,35,local_max_drop,mp-1219936,Pd7O8,Cubic,Pm-3,200,0.056279377666666,-0.7210870933333321,False,0.0,True,7.600561197375426,15,190.71525964567334,12.71435064304489,88.38054535663973,0.4634162233312659,46.341622333126594
d-block,Pd-S,S,Pd16S7_393_POSCAR,-0.1654040371581073,9.5449700676,-0.41245486494577,-0.2470508277876626,8.8107416008,17.988597435,35,local_max_drop,mp-393,Pd16S7,Cubic,I-43m,217,0.0,-0.306646519551629,True,0.0,True,8.801763986477079,23,363.5804572308826,15.807845966560112,213.93525080152236,0.5884124037658828,58.841240376588274
d-block,Pd-S,S,Pd4S_7819_POSCAR,-0.1139820992748849,6.701033651,-0.23554909158592,-0.1215669923110351,6.185569524,12.6288711115,35,local_max_drop,mp-7819,Pd4S,Tetragonal,P-42_1c,114,0.002573407999999,-0.207092109562498,False,0.0,True,10.165853472077288,10,149.54050973262704,14.954050973262705,99.69405300953747,0.6666692068108286,66.66692068108287
d-block,Pd-S,S,Pd3S_558378_POSCAR,-0.0703960055736158,5.919125043,-0.15752797080641,-0.0871319652327941,5.463807732,11.1552741195,35,local_max_drop,mp-558378,Pd3S,Orthorhombic,Cmcm,63,0.0,-0.262081896953123,True,0.0,True,9.224573992911775,8,126.48581687569181,15.810727109461476,77.19506388756102,0.6103060864399292,61.03060864399292
d-block,Rh-O,O,Rh2O3_613620_POSCAR,-0.1432233008240765,6.9711779115,-0.3812321494183,-0.2380088485942235,6.4547943625,12.6513969505,35,local_max_drop,mp-613620,Rh2O3,Orthorhombic,Pbca,61,0.027034013249998,-1.070025242249999,False,0.567599999999999,False,8.115138528847908,40,415.4803672802636,10.38700918200659,220.8016539352848,0.5314370336693728,53.14370336693728
d-block,Rh-O,O,Rh2O3_1179690_POSCAR,-0.0768288043646811,3.9812435,-0.2006161969243,-0.1237873925596188,3.82811875,7.50311275,35,local_max_drop,mp-1179690,Rh2O3,Orthorhombic,Pnma,62,0.152761093499999,-0.944298161999999,False,0.2942,False,7.720601927473621,20,218.35607949827573,10.917803974913786,110.40082696764257,0.5055999687359947,50.55999687359947
d-block,Rh-O,O,Rh2O3_1716_POSCAR,-0.0728633001377654,7.004331684,-0.19746616567793,-0.1246028655401645,6.4854923,12.711564908,35,local_max_drop,mp-1716,Rh2O3,Orthorhombic,Pbcn,60,0.025638011999998,-1.0714212435,False,0.5597000000000001,False,8.286979112170076,20,203.43243845929118,10.171621922964558,110.40082696764257,0.5426903782099376,54.26903782099376
d-block,Rh-O,O,Rh2O3_1189664_POSCAR,-0.0685411233742755,3.75801795,-0.17160266370137,-0.1030615403270945,3.47964625,6.82010665,35,local_max_drop,mp-1189664,Rh2O3,Orthorhombic,Pnma,62,0.298614513499998,-0.798444742,False,0.0,True,7.184581499400283,20,234.64698234555382,11.73234911727769,110.40082696764257,0.47049753576229825,47.049753576229826
d-block,Rh-S,S,Rh17S15_21991_POSCAR,-0.2544271733254264,13.9242096,-0.72864553689384,-0.4742183635684136,12.9296232,24.3673668,35,local_max_drop,mp-21991,Rh17S15,Cubic,Pm-3m,221,0.0,-0.541647407412106,True,0.0,True,7.528841716620978,64,983.8469625381532,15.372608789658644,553.2576805724774,0.5623411990266954,56.23411990266954
d-block,Sc-O,O,Sc20O19_684697_POSCAR,-0.4387089915759971,11.6485315668,-0.60177178216492,-0.1630627905889229,10.8451845622,19.6820016129,35,local_max_drop,mp-684697,Sc20O19,Tetragonal,I4/m,87,0.060336121506407,-3.162139099615384,False,0.0,True,4.442346388167345,39,449.71862475460057,11.531246788579502,434.47147366790057,0.9660962427450721,96.60962427450721
d-block,Sc-O,O,Sc16O15_759946_POSCAR,-0.3493941276164091,8.8020989185,-0.47935847648775,-0.1299643488713409,8.1950576138,14.8725119658,35,local_max_drop,mp-759946,Sc16O15,Trigonal,R-3m,166,0.054016009798385,-3.146574829516129,False,0.0,True,4.411340190460114,31,361.0991519296183,11.648359739665107,347.3363268485774,0.9618862990746558,96.18862990746558
d-block,Sc-O,O,Sc2O3_216_POSCAR,-0.2334291810674431,11.6769937915,-0.34701631804527,-0.1135871369778268,10.8716838748,19.730092958,35,local_max_drop,mp-216,Sc2O3,Cubic,Ia-3,206,0.0,-3.968732640749999,True,3.8235,False,3.818904932303188,40,479.72910859565826,11.993227714891457,358.17467070701474,0.7466185901362592,74.66185901362591
d-block,Sc-O,O,Sc2O3_775837_POSCAR,-0.2062311133974364,7.91391295,-0.31572657530381,-0.1094954619063735,7.36812585,13.37178395,35,local_max_drop,mp-775837,Sc2O3,Orthorhombic,Pna2_1,33,0.081779980749999,-3.88695266,False,4.2135,False,3.617317351504225,40,506.46368073293684,12.661592018323422,358.17467070701474,0.7072070206271783,70.72070206271783
d-block,Sc-O,O,Sc2O3_558748_POSCAR,-0.0955642098776537,4.642051982,-0.1431275893153,-0.0475633794376462,4.321910466,7.843467142,35,local_max_drop,mp-558748,Sc2O3,Monoclinic,C2/m,12,0.065858427083332,-3.9028742136666654,False,3.4806,False,4.104120169376197,15,167.39640164973147,11.159760109982098,134.31550151513056,0.8023798611643933,80.23798611643933
d-block,Sc-O,O,Sc2O3_755313_POSCAR,-0.0589824124061376,6.7158773353,-0.087549483758748,-0.0285670713526103,6.2527133811,11.3475168768,35,local_max_drop,mp-755313,Sc2O3,Trigonal,R-3c,167,0.036392894749999,-3.932339745999999,False,4.127599999999999,False,3.891656453292744,10,117.69023566245467,11.769023566245467,89.54366767675377,0.7608419438769111,76.08419438769111
d-block,Sc-O,O,Sc2O3_754455_POSCAR,-0.0558396062275589,6.7811818876,-0.082398583697323,-0.026558977469764,6.3135141712,11.4578590514,35,local_max_drop,mp-754455,Sc2O3,Trigonal,R-3,148,0.09726974075,-3.8714628999999983,False,4.053,False,3.694187737244951,10,123.98123686990779,12.398123686990779,89.54366767675377,0.7222356377256585,72.22356377256585
d-block,Sc-S,S,Sc29S42_684978_POSCAR,-0.277944709160809,8.8928752884,-0.52072728758656,-0.2427825784257509,8.2576699106,15.5625317547,35,local_max_drop,mp-684978,Sc29S42,Monoclinic,Cm,8,0.231371499542254,-1.932120495220066,False,0.0,True,2.934623785965033,71,1499.741874863549,21.123124998078154,800.4662889616155,0.5337360397664728,53.373603976647274
d-block,Sc-S,S,Sc2S3_401_POSCAR,-0.0679041333359399,8.8068773466,-0.13385221607918,-0.06594808274324,8.4923460128,15.4120353566,35,local_max_drop,mp-401,Sc2S3,Orthorhombic,Fddd,70,0.0,-2.171633972687499,True,1.034999999999999,False,2.883972633977312,20,428.62771810036963,21.43138590501848,222.82478933871428,0.5198562293783728,51.985622937837284
d-block,Sc-S,S,Sc2S3_1105836_POSCAR,-0.0646852634887339,8.67482,-0.13466562799008,-0.069980364501346,8.05519,15.180935,35,local_max_drop,mp-1105836,Sc2S3,Orthorhombic,Pnma,62,0.093005298999999,-2.078628673687498,False,1.3929,False,3.092459446386907,20,399.73057971565817,19.986528985782908,222.82478933871428,0.5574374357278772,55.74374357278772
d-block,Ta-O,O,Ta11O2_673681_POSCAR,-0.2558979205585986,13.7340285324,-0.43627836545709,-0.1803804448984913,11.8396797693,23.2057723478,35,local_max_drop,mp-673681,Ta11O2,Triclinic,P1,1,0.2274914344,-0.493306778512819,False,0.0,True,15.182657699249075,26,442.3884913464455,17.014941974863287,457.56661978940275,1.0343095011282084,103.43095011282084
d-block,Ta-O,O,Ta6O_1218065_POSCAR,-0.1518329181254975,7.089789761,-0.25350033503167,-0.1016674169061725,6.111887725,11.979299941,35,local_max_drop,mp-1218065,Ta6O,Monoclinic,C2/m,12,0.03125975427619,-0.638052871999998,False,0.0,True,15.785084753384506,14,231.7876399364565,16.55625999546118,249.3628361708169,1.0758245618238254,107.58245618238253
d-block,Ta-O,O,Ta22O21_684943_POSCAR,-0.1155898215724018,4.2447995409,-0.32856205361643,-0.2129722320440281,3.952054745,7.1722475001,35,local_max_drop,mp-684943,Ta22O21,Triclinic,P1,1,0.563254326424806,-1.7248609308449612,False,0.0,True,10.95059549097501,43,654.6020934431671,15.223304498678305,478.03904707756215,0.7302742412006444,73.02742412006444
d-block,Ta-O,O,Ta10O9_685006_POSCAR,-0.0935290488347484,23.388281563,-0.19353274065326,-0.1000036918185115,20.1623116922,39.5181309168,35,local_max_drop,mp-685006,Ta10O9,Monoclinic,Cm,8,0.665210534582456,-1.554089226228069,False,0.0,True,14.033192586538236,19,231.15330840081876,12.165963600043092,216.63360661959265,0.9371858361808562,93.71858361808562
d-block,Ta-O,O,TaO2_510_POSCAR,-0.0582325198047619,14.774155769,-0.22338728687536,-0.165154767070598,14.2647021218,24.9632287132,35,local_max_drop,mp-510,TaO2,Tetragonal,I4_1/a,88,0.068790372052777,-3.054668550569444,False,0.4284,False,9.831712364160078,48,575.4542339814828,11.988629874614226,367.8087541367368,0.6391624779470686,63.91624779470686
d-block,Ta-O,O,TaO2_683983_POSCAR,-0.0552771738854162,17.1691344152,-0.17736851712931,-0.1220913432438937,16.0245254542,28.0429195449,35,local_max_drop,mp-683983,TaO2,Tetragonal,I4_1/a,88,0.37150345413611,-2.751955468486111,False,0.77,False,7.717491571565016,48,733.1009634679137,15.27293673891487,367.8087541367368,0.5017163698664747,50.17163698664747
d-block,Ta-S,S,Ta6S_27467_POSCAR,-0.2798808034141286,7.7662169259,-0.48513689027867,-0.2052560868645414,6.4718474383,12.684820979,35,local_max_drop,mp-27467,Ta6S,Monoclinic,C2/c,15,0.01147559564286,-0.328782736285711,False,0.0,True,15.10459401275156,28,491.5249831174158,17.55446368276485,513.3048236700362,1.0443107498106918,104.43107498106919
d-block,Ta-S,S,Ta2S_555935_POSCAR,-0.2414254999743079,8.1496527465,-0.46433483395467,-0.222909333980362,7.0255627125,13.7701029165,35,local_max_drop,mp-555935,Ta2S,Orthorhombic,Pbcm,57,0.027611913499999,-0.7663241943333311,False,0.0,True,12.376803853291774,36,634.2709220653313,17.618636724036982,552.0972097565628,0.8704438285753475,87.04438285753476
d-block,Ta-S,S,Ta27S50_530018_POSCAR,-0.1428106150897239,15.1540861499,-0.45645532624522,-0.313644711155496,13.0638673706,25.6051800464,35,local_max_drop,mp-530018,Ta27S50,Triclinic,P1,1,0.0,-1.394484447961036,True,0.0,True,7.171891119357857,77,1502.3899157876467,19.511557347891515,798.0996224959111,0.5312200342329224,53.12200342329224
d-block,Ta-S,S,Ta6S_558552_POSCAR,-0.1403832261406703,7.7892988123,-0.24369032694418,-0.1033071008035096,6.4910823436,12.7225213935,35,local_max_drop,mp-558552,Ta6S,Triclinic,P-1,2,0.012509170285712,-0.327749161642858,False,0.0,True,15.14380845286598,14,245.12609682899992,17.509006916357137,256.6524118350181,1.0470219823801907,104.70219823801908
d-block,Ta-S,S,Ta3S2_1826_POSCAR,-0.112687211608369,7.7894299665,-0.22416607575297,-0.1114788641446009,6.7150258332,13.1614506331,35,local_max_drop,mp-1826,Ta3S2,Orthorhombic,Aem2,39,0.0,-0.952723329399997,True,0.0,True,10.976451272663605,20,367.2966486092808,18.36483243046404,285.7467013999131,0.7779725257005595,77.79725257005595
d-block,Tc-O,O,Tc2O7_27485_POSCAR,-0.3130755057089796,4.687697691,-0.37474705355392,-0.0616715478449404,8.27240769,13.511599227,35,local_max_drop,mp-27485,Tc2O7,Orthorhombic,Pbca,61,0.0,-1.799278561388888,True,2.6664,False,3.708062960045716,36,551.7048267620728,15.325134076724245,140.16559942545692,0.25405904140458874,25.405904140458873
d-block,Ti-O,O,Ti3O_1245140_POSCAR,-1.6057661461466,15.6594515541,-2.1655940549633,-0.5598279088167002,14.0395082899,26.4590733156,35,local_max_drop,mp-1245140,Ti3O,Triclinic,P1,1,0.282594412849999,-1.28731954965,False,0.0,True,4.64002642331426,100,1427.9158947723556,14.279158947723555,1316.9028616282621,0.9222552017590703,92.22552017590702
d-block,Ti-O,O,Ti3O_1245176_POSCAR,-1.602777455891307,15.8280423853,-2.1683140458917,-0.5655365900003927,14.1906586902,26.7439336855,35,local_max_drop,mp-1245176,Ti3O,Triclinic,P1,1,0.291027196049999,-1.278886766449999,False,0.0,True,4.616475057069482,100,1435.200537034429,14.35200537034429,1316.9028616282621,0.9175741143111563,91.75741143111563
d-block,Ti-O,O,Ti3O_1244956_POSCAR,-1.531324829410181,16.5855760455,-2.1044900212952,-0.5731651918850189,14.8698267994,28.0239043528,35,local_max_drop,mp-1244956,Ti3O,Triclinic,P1,1,0.350795468849999,-1.219118493649999,False,0.0,True,4.553156436256109,100,1455.1592022075927,14.551592022075926,1316.9028616282621,0.9049888559481433,90.49888559481433
d-block,Ti-O,O,Ti2O_1245186_POSCAR,-1.3910837705758354,15.7968916122,-1.8991198357901,-0.5080360652142646,14.1627304109,26.6912996206,35,local_max_drop,mp-1245186,Ti2O,Triclinic,P1,1,0.319926355980394,-1.7156359779084962,False,0.0,True,4.546801819173397,102,1387.4105855380749,13.602064564098773,1207.640212735064,0.8704274173219667,87.04274173219667
d-block,Ti-O,O,Ti2O_1245309_POSCAR,-1.3818686716856257,16.1719757344,-1.9120784416738,-0.5302097699881742,15.0168346105,28.3009575352,35,local_max_drop,mp-1245309,Ti2O,Triclinic,P1,1,0.323517166274511,-1.712045167614379,False,0.0,True,4.525877121113308,102,1393.8250664500329,13.664951631863067,1207.640212735064,0.8664216491749804,86.64216491749805
d-block,Ti-O,O,Ti2O_1245066_POSCAR,-1.3776148011834228,15.3345602303,-1.8988272218312,-0.5212124206477771,13.7482264134,25.9101190098,35,local_max_drop,mp-1245066,Ti2O,Triclinic,P1,1,0.323232188333335,-1.712330145555555,False,0.0,True,4.5929926067904265,102,1373.457680467098,13.465271377128412,1207.640212735064,0.8792700568133696,87.92700568133695
d-block,Ti-O,O,Ti2O_1245206_POSCAR,-1.3504474473914758,15.7002614937,-1.8797256284916,-0.529278181100124,14.5788142442,27.475457614,35,local_max_drop,mp-1245206,Ti2O,Triclinic,P1,1,0.342542138137256,-1.693020195751633,False,0.0,True,4.492401777896594,102,1404.2112185820336,13.766776652765035,1207.640212735064,0.8600132207706858,86.00132207706858
d-block,Ti-O,O,Ti2O_1244955_POSCAR,-1.3375795218558078,16.1623987106,-1.8838729405441,-0.5462934186882922,15.0079416598,28.2841977435,35,local_max_drop,mp-1244955,Ti2O,Triclinic,P1,1,0.336488564705884,-1.699073769183006,False,0.0,True,4.52673664745124,102,1393.5604092611468,13.662356953540655,1207.640212735064,0.8665861951225667,86.65861951225668
d-block,Ti-O,O,TiO_1245294_POSCAR,-0.8772661798674313,15.31471241,-1.2608821403681,-0.3836159605006687,13.7304318158,25.8765830375,35,local_max_drop,mp-1245294,TiO,Triclinic,P1,1,0.315432533299999,-2.592523745866667,False,0.0,True,4.4920109044322345,100,1180.458534743053,11.80458534743053,918.077255376018,0.7777293554625816,77.77293554625815
d-block,Ti-O,O,TiO_1244944_POSCAR,-0.8729756938612376,15.463252883,-1.2584854593046,-0.3855097654433623,13.8636060331,26.1275652161,35,local_max_drop,mp-1244944,TiO,Triclinic,P1,1,0.301948754899999,-2.606007524266667,False,0.0,True,4.454019641484404,100,1190.5274426493918,11.905274426493918,918.077255376018,0.7711516950276551,77.11516950276551
d-block,Ti-O,O,TiO_1245141_POSCAR,-0.8661566572037951,15.6586610308,-1.244778833053,-0.3786221758492049,14.0387995448,26.4577376037,35,local_max_drop,mp-1245141,TiO,Triclinic,P1,1,0.311705076599999,-2.596251202566668,False,0.0163,False,4.399293330819819,100,1205.3373605052047,12.053373605052048,918.077255376018,0.7616765940045328,76.16765940045327
d-block,Ti-O,O,TiO_1244926_POSCAR,-0.8644467268983845,15.1174301533,-1.2543197941453,-0.3898730672469154,13.5535580685,25.5432440521,35,local_max_drop,mp-1244926,TiO,Triclinic,P1,1,0.325092709399999,-2.5828635697666678,False,0.006899999999999,False,4.433549138365065,100,1196.024325041512,11.96024325041512,918.077255376018,0.7676075111132485,76.76075111132485
d-block,Ti-O,O,TiO_1245324_POSCAR,-0.8495392792618922,15.0616903486,-1.2216638263225,-0.3721245470606077,13.5035844505,25.4490630028,35,local_max_drop,mp-1245324,TiO,Triclinic,P1,1,0.335287655199998,-2.572668623966668,False,0.0007,False,4.347487057898251,100,1219.7006098580598,12.197006098580598,918.077255376018,0.7527070561052334,75.27070561052334
d-block,Ti-O,O,Ti3O_557812_POSCAR,-0.466574558045589,7.189477806,-0.60816939941919,-0.141594841373601,6.675943677,12.5815861605,35,local_max_drop,mp-557812,Ti3O,Trigonal,P312,149,0.004301608958332,-1.565612353541665,False,0.0,True,4.890996522584021,24,325.1149714692351,13.546457144551463,316.0566867907827,0.9721382111764435,97.21382111764434
d-block,Ti-O,O,Ti3O5_1245135_POSCAR,-0.4603636032974053,16.607863865,-0.74089057873095,-0.2805269754335446,15.4624939433,28.0615630823,35,local_max_drop,mp-1245135,Ti3O5,Triclinic,P1,1,0.19723261076923,-3.18490112735577,False,0.066399999999999,False,3.925101746047003,104,1229.7290870682818,11.824318144887325,747.4110303398926,0.6077851115335876,60.778511153358764
d-block,Ti-O,O,Ti3O5_1245086_POSCAR,-0.4377853185733085,15.8866752578,-0.69601615288077,-0.2582308343074614,14.7910424814,26.8430030217,35,local_max_drop,mp-1245086,Ti3O5,Triclinic,P1,1,0.1961982275,-3.185935510625,False,0.018299999999999,False,3.7821199325276993,104,1276.2185942114838,12.271332636648882,747.4110303398926,0.5856449935221976,58.564499352219755
d-block,Ti-O,O,Ti3O5_1245051_POSCAR,-0.437537025884674,15.5452976882,-0.6908505982888,-0.253313572404126,14.4732081925,26.2661926456,35,local_max_drop,mp-1245051,Ti3O5,Triclinic,P1,1,0.194980261346152,-3.187153476778847,False,0.0,True,3.725965859733513,104,1295.4524989306403,12.456274028179234,747.4110303398926,0.5769497769751183,57.69497769751183
d-block,Ti-O,O,TiO_673667_POSCAR,-0.4297257731035961,5.9924302009,-0.608607270089,-0.1788814969854038,5.5643994723,10.4867528516,35,local_max_drop,mp-673667,TiO,Triclinic,P-1,2,0.196094875714285,-2.711861403452382,False,0.0,True,4.941999386573826,42,450.6487196913136,10.729731421221752,385.5924472579268,0.8556386169743271,85.56386169743271
d-block,Ti-O,O,Ti3O5_1245292_POSCAR,-0.426448938516299,15.7309488723,-0.69320069322609,-0.266751754709791,14.6460558467,26.5798791291,35,local_max_drop,mp-1245292,Ti3O5,Triclinic,P1,1,0.201427904134614,-3.180705833990385,False,0.035099999999999,False,3.75868273683066,104,1284.176430759782,12.347850295767135,747.4110303398926,0.5820158448926581,58.20158448926581
d-block,Ti-O,O,Ti9O8_32544_POSCAR,-0.425923939979353,8.4824307237,-0.5920895133535,-0.166165573374147,7.8765428149,14.8442537665,35,local_max_drop,mp-32544,Ti9O8,Triclinic,P-1,2,0.162450305588235,-2.591554100882353,False,0.0,True,5.315399503894045,34,349.138852583329,10.268789781862619,328.0992910779353,0.9397386989453652,93.97386989453652
d-block,Ti-O,O,Ti3O5_1245031_POSCAR,-0.4212435977005029,15.7673411194,-0.67048845655028,-0.2492448588497771,14.6799382836,26.6413694776,35,local_max_drop,mp-1245031,Ti3O5,Triclinic,P1,1,0.212679461730768,-3.169454276394231,False,0.018399999999999,False,3.613824616799446,104,1335.6519186295607,12.842806909899622,747.4110303398926,0.5595851882627999,55.95851882627999
d-block,Ti-O,O,Ti10O11_684733_POSCAR,-0.4076150624070537,9.0425672833,-0.58911293109816,-0.1814978686911062,8.3966696202,15.8244927458,35,local_max_drop,mp-684733,Ti10O11,Triclinic,P-1,2,0.146003483809524,-2.8561154989682533,False,0.0,True,5.116204652109295,42,424.96116745598465,10.1181230346663,369.63942300783697,0.86981929483268,86.98192948326799
d-block,Ti-O,O,Ti13O22_656852_POSCAR,-0.3550966903369376,11.0093718649,-0.53720568617587,-0.1821089958389323,10.2501048398,18.6020421166,35,local_max_drop,mp-656852,Ti13O22,Orthorhombic,Cmce,64,0.012943973071429,-3.379983054809523,False,0.0,True,3.990344253257271,70,810.8539190345202,11.58362741477886,499.0768605124031,0.6154954040385615,61.54954040385615
d-block,Ti-O,O,Ti6O_882_POSCAR,-0.3139482101054585,7.14670649,-0.40377568948832,-0.0898274793828614,6.636227455,12.5067363575,35,local_max_drop,mp-882,Ti6O,Trigonal,P-31m,162,0.011734072857143,-0.9049613478571412,False,0.0,True,4.716091494120648,14,213.51484408901936,15.251060292072811,208.29593700309127,0.9755571697687108,97.55571697687108
d-block,Ti-O,O,Ti6O_554098_POSCAR,-0.3129083109925228,7.147420504,-0.40259973004758,-0.0896914190550571,6.636890468,12.507985882,35,local_max_drop,mp-554098,Ti6O,Trigonal,P-31c,163,0.0,-0.916695420714284,True,0.0,True,4.718230249800664,14,213.41805858064112,15.244147041474365,208.29593700309127,0.9759995868596357,97.59995868596357
d-block,Ti-O,O,Ti3O_2591_POSCAR,-0.3106229432313659,7.192284764,-0.40500213268747,-0.094379189456104,6.678550138,12.586498337,35,local_max_drop,mp-2591,Ti3O,Trigonal,P-31c,163,0.0,-1.569913962499999,True,0.0,True,4.890993432307026,16,216.74345150009358,13.546465718755849,210.70445786052179,0.9721375958637939,97.21375958637938
d-block,Ti-O,O,Ti19O30_760075_POSCAR,-0.2791970389342538,7.3106677496,-0.42626793953177,-0.1470709005975161,6.8064837668,12.3525075768,35,local_max_drop,mp-760075,Ti19O30,Triclinic,P1,1,0.011319550408163,-3.330664134761904,False,0.0,True,4.479745392435078,49,515.0391607747522,10.511003281117391,362.11622175875397,0.703084831868003,70.3084831868003
d-block,Ti-O,O,TiO2_1245308_POSCAR,-0.2640635721117077,15.62876539,-0.46277719520256,-0.1987136230908523,14.065888851,25.5269834704,35,local_max_drop,mp-1245308,TiO2,Triclinic,P1,1,0.170228140944443,-3.337827311,False,2.3002,False,3.717563412087061,90,1070.2193847898882,11.891326497665425,586.9741660870709,0.5484615345500485,54.84615345500485
d-block,Ti-O,O,TiO2_1245134_POSCAR,-0.2469870592846141,15.5434684436,-0.43595502879214,-0.1889679695075258,14.507237214,25.3876651245,35,local_max_drop,mp-1245134,TiO2,Triclinic,P1,1,0.179434900277776,-3.328620551666667,False,2.4383,False,3.507542945745311,90,1134.3007024886022,12.603341138762246,586.9741660870709,0.5174766839157177,51.747668391571764
d-block,Ti-O,O,TiO2_1245098_POSCAR,-0.24275202853251,15.7947194436,-0.41238187258904,-0.16962984405653,14.7417381474,25.7980417579,35,local_max_drop,mp-1245098,TiO2,Triclinic,P1,1,0.16661254061111,-3.341442911333334,False,2.6007,False,3.363887407573496,90,1182.7412601085477,13.141569556761642,586.9741660870709,0.49628281846969685,49.628281846969685
d-block,Ti-O,O,TiO2_1245321_POSCAR,-0.2395429714912539,15.404109505,-0.42673145225516,-0.187188480763906,14.3771688713,25.1600455248,35,local_max_drop,mp-1245321,TiO2,Triclinic,P1,1,0.189298021277776,-3.318757430666667,False,2.4087,False,3.4652433026979352,90,1148.146921420513,12.757188015783479,586.9741660870709,0.5112361102365308,51.12361102365308
d-block,Ti-O,O,Ti9O17_27273_POSCAR,-0.2218913005246682,8.0142048918,-0.36304989203643,-0.1411585915117617,7.4615011061,13.5412427482,35,local_max_drop,mp-27273,Ti9O17,Triclinic,P-1,2,0.020783203846152,-3.448527105384616,False,0.0,True,4.257294795589221,52,548.2424659735696,10.543124345645568,349.77597879480993,0.6379950487302682,63.79950487302683
d-block,Ti-O,O,Ti5O8_759920_POSCAR,-0.2189112724203549,7.8970588645,-0.33491000850185,-0.115998736081495,7.3524341153,13.3433063573,35,local_max_drop,mp-759920,Ti5O8,Triclinic,P1,1,0.013142276923078,-3.338724498205128,False,0.0,True,4.459327275743663,39,410.35302586169263,10.521872457992119,286.26152047124214,0.6975981714040659,69.75981714040658
d-block,Ti-O,O,Ti4O7_12205_POSCAR,-0.2185507642842827,8.0732924114,-0.34457522776168,-0.1260244634773973,7.5165136244,13.6410802813,35,local_max_drop,mp-12205,Ti4O7,Triclinic,P-1,2,0.007957332499998,-3.4085186912121213,False,0.0,True,4.329452258742414,44,465.56789613958483,10.581088548626928,308.23584686490824,0.6620642218261847,66.20642218261847
d-block,Ti-O,O,Ti11O14_1101463_POSCAR,-0.2107505647901126,15.4584078355,-0.30141266743203,-0.0906621026419173,13.8592621973,26.1193787565,35,local_max_drop,mp-1101463,Ti11O14,Monoclinic,C2/m,12,0.0479849304,-3.097261361866666,False,0.0,True,4.875781602508978,25,255.60662111546796,10.224264844618718,205.5897774688693,0.8043210170834972,80.43210170834972
d-block,Ti-O,O,Ti11O14_759754_POSCAR,-0.2085253559607899,7.1525743555,-0.30050630607618,-0.09198095011539,6.6592933654,12.0853842558,35,local_max_drop,mp-759754,Ti11O14,Triclinic,P1,1,0.047012608799999,-3.098233683466666,False,0.0,True,4.892722402020869,25,254.72159639530864,10.188863855812345,205.5897774688693,0.8071156131960225,80.71156131960225
d-block,Ti-O,O,Ti11O14_2739250_POSCAR,-0.2073694273327124,7.1350206623,-0.29724033182038,-0.0898709044876675,6.6429502718,12.0557245673,35,local_max_drop,mp-2739250,Ti11O14,Triclinic,P-1,2,0.058591720799999,-2.952311218633332,False,0.0,True,4.946530019412183,25,251.95077269095603,10.078030907638242,205.5897774688693,0.8159918513964896,81.59918513964895
d-block,Ti-O,O,Ti2O3_776456_POSCAR,-0.2031457850032429,18.9572718469,-0.31209640890404,-0.1089506239007971,16.9961747593,32.0312524309,35,local_max_drop,mp-776456,Ti2O3,Monoclinic,P2_1/m,11,0.047594817333333,-3.255844817000002,False,0.0,True,4.775431857524981,30,299.87604106935703,9.995868035645234,227.5641038625354,0.7588605713582269,75.8860571358227
d-block,Ti-O,O,Ti4O7_778663_POSCAR,-0.1994050302816906,8.5645154943,-0.31599603931737,-0.1165910090356793,7.9738592533,14.4710779042,35,local_max_drop,mp-778663,Ti4O7,Triclinic,P-1,2,0.09385985681818,-3.322616166893939,False,0.0,True,4.081721445489121,44,493.82448268605543,11.22328369741035,308.23584686490824,0.6241809745606851,62.41809745606851
d-block,Ti-O,O,Ti8O15_565700_POSCAR,-0.1990489490075695,7.9794720118,-0.32452411827747,-0.1254751692699004,7.4291635972,13.4825561579,35,local_max_drop,mp-565700,Ti8O15,Triclinic,P-1,2,0.018989677065215,-3.445266917898551,False,0.0,True,4.260392017286201,46,485.58659106092176,10.556230240454822,310.64436772233876,0.6397301190785255,63.97301190785255
d-block,Ti-O,O,Ti10O13_753593_POSCAR,-0.1864596995770576,17.4648793332,-0.26738742366678,-0.0809277240897223,16.2604048965,29.509623701,35,local_max_drop,mp-753593,Ti10O13,Monoclinic,C2/m,12,0.028242871739129,-3.137637334710146,False,0.0,True,4.945096213045504,23,230.5778008782284,10.02512177731428,187.22823236134897,0.8119959148202086,81.19959148202086
d-block,Ti-O,O,Ti7O13_556724_POSCAR,-0.1766933843228429,8.0452008666,-0.2866045419327,-0.109911157609857,7.4903594275,13.5936152573,35,local_max_drop,mp-556724,Ti7O13,Triclinic,P-1,2,0.016614970249998,-3.441071796166667,False,0.0,True,4.268804508092429,40,422.4950268747917,10.562375671869791,271.51275664986764,0.6426413078948068,64.26413078948067
d-block,Ti-O,O,TiO2_1201727_POSCAR,-0.1719664592713408,4.3024646645,-0.28141338705904,-0.1094469277876991,4.154103814,7.2696816745,35,local_max_drop,mp-1201727,TiO2,Orthorhombic,Pnma,62,0.066588627708334,-3.44146682423611,False,2.4439,False,3.821223363943821,48,555.2997806373174,11.568745429944114,313.0528885797693,0.5637547492283871,56.375474922838706
d-block,Ti-O,O,Ti9O10_32813_POSCAR,-0.1663199369369037,6.5310481565,-0.24291255751826,-0.0765926205813562,5.8554224852,11.035219299,35,local_max_drop,mp-32813,Ti9O10,Triclinic,P-1,2,0.196354488947367,-2.815676357368421,False,0.0,True,4.805299460465542,19,204.15824395204635,10.74517073431823,166.45816639639813,0.8153389408830173,81.53389408830172
d-block,Ti-O,O,Ti5O7_1045759_POSCAR,-0.1656156793697717,7.4908732315,-0.2447005228681,-0.0790848434983282,6.715955311,12.6569927015,35,local_max_drop,mp-1045759,Ti5O7,Orthorhombic,Cmcm,63,0.155007673333335,-3.08251806847222,False,0.0,True,4.209782158855519,24,277.1632816867964,11.548470070283182,188.43249279006423,0.6798609528768647,67.98609528768647
d-block,Ti-O,O,Ti9O10_1217149_POSCAR,-0.1621387312124421,7.3995547904,-0.22937112561636,-0.0672323944039179,6.6340836052,12.5026960252,35,local_max_drop,mp-1217149,Ti9O10,Monoclinic,C2/m,12,0.244662513157893,-2.7673683331578958,False,0.0,True,4.48376594575372,19,218.7985528454293,11.515713307654174,166.45816639639813,0.7607827576171989,76.0782757617199
d-block,Ti-O,O,Ti11O18_760747_POSCAR,-0.1575992544636519,7.8877123153,-0.24228892678604,-0.084689672322388,7.3437321556,13.3275139121,35,local_max_drop,mp-760747,Ti11O18,Triclinic,P1,1,0.019436048275862,-3.34912974091954,False,0.0,True,4.4100423076306825,29,306.69832183808256,10.575804201313192,210.40681918373033,0.6860383777867943,68.60383777867943
d-block,Ti-O,O,Ti3O_554032_POSCAR,-0.1568278542545606,7.177583336,-0.2040326749797,-0.0472048207251393,6.664898812,12.560770838,35,local_max_drop,mp-554032,Ti3O,Hexagonal,P6_3/mcm,193,0.108002497499999,-1.461911465,False,0.0,True,4.741277982385064,8,111.79378226416311,13.97422278302039,105.35222893026089,0.9423800393596027,94.23800393596026
d-block,Ti-O,O,Ti3O2_978968_POSCAR,-0.1556681630981829,6.4046480962,-0.20784325718653,-0.052175094088347,5.9471732322,11.2081341683,35,local_max_drop,mp-978968,Ti3O2,Trigonal,R-3c,167,0.031906659999998,-2.352613252000002,False,0.0,True,5.221608301232395,10,111.68602131480426,11.168602131480426,107.76074978769144,0.9648544062998821,96.4854406299882
d-block,Ti-O,O,Ti2O3_1188323_POSCAR,-0.1552643867849285,4.1151663085,-0.23192455772525,-0.0766601709403214,3.8313617355,6.9532120385,35,local_max_drop,mp-1188323,Ti2O3,Orthorhombic,Pnma,62,0.001529219,-3.301910415333334,False,0.116299999999998,False,5.275291036997773,20,180.974229898941,9.04871149494705,151.70940257502357,0.8382928478808316,83.82928478808316
d-block,Ti-O,O,Ti6O11_30524_POSCAR,-0.1543619191000535,7.9324341218,-0.24870993130241,-0.0943480122023564,7.3853696996,13.4030783437,35,local_max_drop,mp-30524,Ti6O11,Triclinic,P-1,2,0.013827577794117,-3.434970597058823,False,0.0,True,4.280497253732013,34,359.3760310962347,10.569883267536316,232.38114557739644,0.6466239411363769,64.66239411363769
d-block,Ti-O,O,Ti9O13_1045643_POSCAR,-0.1457484353987708,7.3488087705,-0.21669219008442,-0.0709437546856492,6.5885871736,12.4169527502,35,local_max_drop,mp-1045643,Ti9O13,Monoclinic,C2/m,12,0.140704077272729,-3.126782524772727,False,0.0,True,4.217889352569987,22,251.48701100905686,11.431227773138948,170.0709476825439,0.6762613583904701,67.62613583904701
d-block,Ti-O,O,Ti2O_1217152_POSCAR,-0.139388964249716,4.2596842415,-0.18914159464571,-0.049752630395994,3.6721415875,7.1973975115,35,local_max_drop,mp-1217152,Ti2O,Monoclinic,P2/m,10,0.06440852,-1.971153813888889,False,0.0,True,4.970669312336571,9,111.97949251233226,12.442165834703584,106.55648935897617,0.9515714615981238,95.15714615981238
d-block,Ti-O,O,TiO2_775938_POSCAR,-0.1383391378585381,6.589172766,-0.23517662539986,-0.0968374875413218,6.361959912,11.133429846,35,local_max_drop,mp-775938,TiO2,Orthorhombic,Pbcn,60,0.012246891111111,-3.495808560833333,False,2.1536,False,4.260613991086743,36,373.5244204596958,10.375678346102662,234.78966643482696,0.6285791599539108,62.85791599539108
d-block,Ti-O,O,Ti6O11_559964_POSCAR,-0.1383340757291538,5.446225143,-0.22149367495097,-0.0831595992218161,5.070623409,9.202242483,35,local_max_drop,mp-559964,Ti6O11,Monoclinic,C2/m,12,0.010498075441178,-3.438300099411763,False,0.0,True,3.975412048314062,34,386.95564034558976,11.381048245458523,232.38114557739644,0.6005369126286854,60.05369126286853
d-block,Ti-O,O,TiO2_1350429_POSCAR,-0.137070117424972,8.7745206929,-0.23655841087038,-0.099488293445408,7.8970686236,14.3317171317,35,local_max_drop,mp-1350429,TiO2,Monoclinic,Cm,8,0.185550241458333,-3.322505210486111,False,1.0603,False,3.5407515408020043,48,599.286470453992,12.485134801124834,313.0528885797693,0.5223760321881031,52.237603218810314
d-block,Ti-O,O,Ti5O9_748_POSCAR,-0.1320103528774551,7.8346501955,-0.21076382988784,-0.0787534770103849,7.2943294923,13.2378572269,35,local_max_drop,mp-748,Ti5O9,Triclinic,P-1,2,0.010780146071427,-3.425320040833333,False,0.0,True,4.296741959530481,28,296.28671305334495,10.581668323333748,193.24953450492526,0.6522382745868582,65.22382745868582
d-block,Ti-O,O,Ti7O8_779692_POSCAR,-0.1267121965629639,7.1877874823,-0.18108803126116,-0.054375834698196,6.44422326,12.1448822977,35,local_max_drop,mp-779692,Ti7O8,Monoclinic,Cm,8,0.115783338666666,-2.924000725555555,False,0.0,True,4.644334253226848,15,165.56435262865423,11.03762350857695,129.73507618135756,0.7835930508081139,78.3593050808114
d-block,Ti-O,O,Ti2O3_1046793_POSCAR,-0.1221742399928477,7.4143864855,-0.18503344965207,-0.0628592096592222,6.9030494865,12.5277564755,35,local_max_drop,mp-1046793,Ti2O3,Orthorhombic,Cmcm,63,0.129788909000001,-3.173650725333333,False,0.0,True,4.15581604179206,20,229.72425270467846,11.486212635233922,151.70940257502357,0.6603978499825758,66.03978499825757
d-block,Ti-O,O,TiO_685151_POSCAR,-0.1199094275476163,3.937202091,-0.16953364037092,-0.0496242128233036,3.6559733703,6.8901036593,35,local_max_drop,mp-685151,TiO,Tetragonal,I4/mmm,139,0.182072509999999,-2.725883769166666,False,0.0,True,4.56078467913637,12,139.5189552771957,11.626579606432975,110.16927064512198,0.78963657967649,78.963657967649
d-block,Ti-O,O,Ti2O3_776655_POSCAR,-0.1197468608789861,7.4689601209,-0.17971005935235,-0.0599631984733638,6.953859423,12.6199671009,35,local_max_drop,mp-776655,Ti2O3,Trigonal,P-31c,163,0.0846152525,-3.218824381833335,False,0.0,True,4.384148726776235,20,217.75988740924421,10.887994370462211,151.70940257502357,0.6966820399291926,69.66820399291926
d-block,Ti-O,O,TiO2_1380335_POSCAR,-0.1174454077269396,9.031272885,-0.18665466879603,-0.0692092610690903,8.1281455965,14.7510790455,35,local_max_drop,mp-1380335,TiO2,Trigonal,P3m1,156,0.177490463333333,-3.33056498861111,False,1.7183000000000002,False,3.428841920170264,36,464.1343665218598,12.892621292273883,234.78966643482696,0.5058657220198944,50.58657220198944
d-block,Ti-O,O,TiO2_1190753_POSCAR,-0.1163528905687952,7.0235564,-0.19092640372659,-0.0745735131577947,6.5391732,11.8673884,35,local_max_drop,mp-1190753,TiO2,Orthorhombic,Pbca,61,0.123919274583332,-3.3841361773611123,False,2.0744,False,4.643207506446049,24,228.49770259226855,9.52073760801119,156.5264442898846,0.685024149101361,68.5024149101361
d-block,Ti-O,O,Ti8O13_752989_POSCAR,-0.1118851639454043,8.9874275251,-0.16869470036884,-0.0568095364234356,8.3676049372,15.1856534045,35,local_max_drop,mp-752989,Ti8O13,Trigonal,R-3,148,0.009953984761905,-3.353443061984128,False,0.111399999999999,False,4.05272694356993,21,242.12323595981178,11.52967790284818,152.91366300373883,0.6315530287606095,63.15530287606095
d-block,Ti-O,O,TiO2_1044853_POSCAR,-0.1118524264867592,9.04229751,-0.18171755456389,-0.0698651280771307,8.439477676,14.769085933,35,local_max_drop,mp-1044853,TiO2,Trigonal,P3m1,156,0.177784685277778,-3.330270766666665,False,1.7851,False,3.459893086806675,36,459.9689446492411,12.776915129145586,234.78966643482696,0.5104467794317521,51.04467794317521
d-block,Ti-O,O,TiO_1203_POSCAR,-0.1006119435375718,5.9939589758,-0.14152494575843,-0.0409130022208581,5.5805824947,10.1277237866,35,local_max_drop,mp-1203,TiO,Monoclinic,C2/m,12,0.052573148,-2.855383131166665,False,0.0,True,4.934842399291236,10,107.45292710257004,10.745292710257004,91.80772553760166,0.8543994846223767,85.43994846223767
d-block,Ti-O,O,Ti4O3_1217135_POSCAR,-0.1004437048518849,5.4270967376,-0.13656582130751,-0.036122116455625,5.0394469706,9.4974192908,35,local_max_drop,mp-1217135,Ti4O3,Tetragonal,I4/mmm,139,0.099068487142856,-2.435004672619048,False,0.0,True,5.313966025182834,7,74.82979345030391,10.689970492900558,72.24192000136605,0.9654165362536178,96.54165362536177
d-block,Ti-O,O,TiO2_756587_POSCAR,-0.0938903536105106,8.623247382,-0.14812784456,-0.0542374909494893,8.028540666,14.570314542,35,local_max_drop,mp-756587,TiO2,Hexagonal,P6_3mc,186,0.117958436249999,-3.390097015694445,False,2.3165,False,3.819763262577428,24,277.75602145250065,11.57316756052086,156.5264442898846,0.5635393374060564,56.35393374060564
d-block,Ti-O,O,TiO2_754769_POSCAR,-0.0897534952009153,27.1980840865,-0.14924601088638,-0.0594925156854647,26.260219118,45.9553834565,35,local_max_drop,mp-754769,TiO2,Orthorhombic,Pnma,62,0.036293397500001,-3.471762054444443,False,2.2868999999999997,False,4.074066977099461,24,260.4184599433002,10.850769164304175,156.5264442898846,0.6010574070822953,60.105740708229526
d-block,Ti-O,O,TiO2_1341203_POSCAR,-0.0877807607132419,7.5175743,-0.13280802362638,-0.045027262913138,6.9991209,12.7021083,35,local_max_drop,mp-1341203,TiO2,Orthorhombic,Pmmn,59,0.157399472916667,-3.350655979027777,False,2.513699999999999,False,3.201204358899244,24,331.4259662719306,13.809415261330441,156.5264442898846,0.4722817769850198,47.22817769850198
d-block,Ti-O,O,TiO2_1840_POSCAR,-0.0869900230024033,7.466222666,-0.14496225554598,-0.0579722325435766,7.208766712,12.615341746,35,local_max_drop,mp-1840,TiO2,Orthorhombic,Pbca,61,0.0030413275,-3.505014124444444,False,2.2862,False,4.105159895594103,24,258.44602277752557,10.7685842823969,156.5264442898846,0.6056446240019141,60.56446240019141
d-block,Ti-O,O,TiO2_756655_POSCAR,-0.0862580190146844,12.8801811185,-0.14109146288839,-0.0548334438737055,12.436036942,21.7630646485,35,local_max_drop,mp-756655,TiO2,Orthorhombic,Pnma,62,0.074462540416666,-3.433592911527778,False,2.4804,False,3.772811763485229,24,281.2126112811967,11.717192136716529,156.5264442898846,0.556612463348477,55.661246334847704
d-block,Ti-O,O,Ti3O5_556754_POSCAR,-0.0861543241916412,7.3170435914,-0.13276601147539,-0.0466116872837487,6.8124198955,12.363280551,35,local_max_drop,mp-556754,Ti3O5,Monoclinic,C2/c,15,0.001519018749998,-3.380614719375001,False,0.0,True,4.335937953421416,16,171.26315836782078,10.703947397988799,114.98631235998307,0.6714013303026195,67.14013303026195
d-block,Ti-O,O,TiO2_2901430_POSCAR,-0.0860687644315874,7.4808417255,-0.13247251107486,-0.0464037466432725,6.9649216065,12.6400429155,35,local_max_drop,mp-2901430,TiO2,Orthorhombic,Pmmn,59,0.178545862916665,-3.329509589027778,False,2.9417,False,3.366734161788899,24,315.13098358747766,13.130457649478236,156.5264442898846,0.49670280753727986,49.67028075372799
d-block,Ti-O,O,TiO2_2739239_POSCAR,-0.0842831570480295,4.504016655,-0.13700173979113,-0.0527185827431004,4.203748878,7.3565605365,35,local_max_drop,mp-2739239,TiO2,Orthorhombic,Pnma,62,0.091534996666666,-3.416520455277778,False,2.709999999999999,False,3.87153446342509,24,274.0417934814095,11.418408061725396,156.5264442898846,0.5711772730041743,57.11772730041743
d-block,Ti-O,O,Ti3O5_1147_POSCAR,-0.0829926610675766,5.563584837,-0.12684382088225,-0.0438511598146733,5.179889331,9.400539897,35,local_max_drop,mp-1147,Ti3O5,Monoclinic,C2/m,12,0.002190746249999,-3.379942991875,False,0.0,True,4.273518581031359,16,173.76464253252473,10.860290158282796,114.98631235998307,0.6617359589621938,66.17359589621938
d-block,Ti-O,O,TiO2_849533_POSCAR,-0.0804261340186137,4.3743687,-0.13218149074583,-0.0517553567272162,4.2235284,7.3911747,35,local_max_drop,mp-849533,TiO2,Orthorhombic,Pnma,62,0.096698458749999,-3.411356993194444,False,2.786299999999999,False,3.317152933846912,24,319.84122198782586,13.326717582826078,156.5264442898846,0.48938796355599995,48.9387963556
d-block,Ti-O,O,Ti3O5_556480_POSCAR,-0.0781736698269578,7.6005197209,-0.12064661296407,-0.0424729431371121,7.076345947,12.8422574594,35,local_max_drop,mp-556480,Ti3O5,Monoclinic,C2/m,12,0.008188011249998,-3.373945726875001,False,0.0,True,4.027309286618516,16,184.38773241651595,11.524233276032247,114.98631235998307,0.6236115106629705,62.36115106629705
d-block,Ti-O,O,Ti3O5_8057_POSCAR,-0.0779804394506183,5.4686062845,-0.12027485273454,-0.0422944132839216,5.0914610235,9.2400588944,35,local_max_drop,mp-8057,Ti3O5,Orthorhombic,Cmcm,63,0.0,-3.382133738125,True,0.0,True,4.002186371332832,16,185.54518966642635,11.596574354151647,114.98631235998307,0.6197213334751808,61.972133347518074
d-block,Ti-O,O,Ti4O5_10734_POSCAR,-0.0767316696492443,5.5008270422,-0.10990566943229,-0.0331739997830457,5.12145966,9.2945008644,35,local_max_drop,mp-10734,Ti4O5,Tetragonal,I4/m,87,0.036609422222221,-3.091059832037038,False,0.0,True,4.967927931675921,9,90.73767649571904,10.081964055079894,74.6504408587966,0.8227061099841869,82.27061099841869
d-block,Ti-O,O,TiO2_1102255_POSCAR,-0.0720286480590409,4.4341164,-0.1184388337989,-0.046410185739859,4.2757551,7.7597037,35,local_max_drop,mp-1102255,TiO2,Orthorhombic,Pnma,62,0.2975914725,-3.210463979444444,False,1.7550999999999992,False,5.06992852094833,12,104.63286055201081,8.719405046000901,78.26322214494242,0.747979379824366,74.79793798243661
d-block,Ti-O,O,TiO2_777129_POSCAR,-0.067148507302368,13.47408441,-0.11581050857586,-0.048662001273492,12.575812116,22.007671203,35,local_max_drop,mp-777129,TiO2,Triclinic,P1,1,0.053828319166665,-3.454227132777779,False,3.3487,False,2.238874651374489,54,1066.2343498463047,19.745080552709346,352.18449965224045,0.3303068408019373,33.03068408019373
d-block,Ti-O,O,TiO_1071163_POSCAR,-0.0662408626229792,4.022638816,-0.094854489527307,-0.0286136269043277,3.735307472,7.039617928,35,local_max_drop,mp-1071163,TiO,Hexagonal,P-62m,189,0.0,-2.907956279166666,True,0.0,True,5.136733950019456,6,61.93779156394612,10.322965260657687,55.08463532256098,0.8893542041402982,88.93542041402982
d-block,Ti-O,O,Ti2O3_458_POSCAR,-0.0612735525322879,6.5443756459,-0.092690955437696,-0.031417402905408,6.0930393944,11.0577381603,35,local_max_drop,mp-458,Ti2O3,Trigonal,R-3c,167,0.0,-3.303439634333334,True,0.0,True,4.602205288902889,10,103.72111545820289,10.372111545820289,75.85470128751187,0.7313332579621118,73.13332579621118
d-block,Ti-O,O,Ti2O3_1101295_POSCAR,-0.0601010911258599,4.371702585,-0.089331863186214,-0.029230772060354,4.070205855,7.386669885,35,local_max_drop,mp-1101295,Ti2O3,Monoclinic,P2_1/m,11,0.117261258,-3.186178376333333,False,0.1775,False,4.337641995960086,10,110.04731772229745,11.004731772229745,75.85470128751187,0.6892916870443851,68.92916870443851
d-block,Ti-O,O,Ti3O4_755875_POSCAR,-0.0568109042758657,7.2651647815,-0.08093511212647,-0.0241242078506042,6.7641189345,12.2756232515,35,local_max_drop,mp-755875,Ti3O4,Orthorhombic,Cmmm,65,0.057754788571429,-3.132689601428573,False,0.0,True,4.809434818707178,7,71.67694297087627,10.239563281553753,56.28889575127624,0.7853138459622575,78.53138459622575
d-block,Ti-O,O,Ti3O4_1217157_POSCAR,-0.0565558409344054,5.4615299985,-0.080694061697224,-0.0241382207628185,5.0848727572,9.2281024112,35,local_max_drop,mp-1217157,Ti3O4,Tetragonal,I4/mmm,139,0.02662257285714,-3.16382181714286,False,0.0,True,4.938099734889216,7,69.80936070452383,9.972765814931975,56.28889575127624,0.8063230372431784,80.63230372431785
d-block,Ti-O,O,TiO_755300_POSCAR,-0.0563121827017811,5.9256686,-0.079127348966655,-0.0228151662648738,5.5170018,10.0123366,35,local_max_drop,mp-755300,TiO,Cubic,Pm-3m,221,0.112576613333333,-2.795379665833334,False,0.0,True,4.661596912023335,6,68.2508510996959,11.375141849949316,55.08463532256098,0.8070908191620546,80.70908191620546
d-block,Ti-O,O,TiO2_430_POSCAR,-0.0555676716501322,6.978414681,-0.091009563137045,-0.0354418914869127,6.497144703,11.791114461,35,local_max_drop,mp-430,TiO2,Monoclinic,P2_1/c,14,0.039483500833334,-3.46857195111111,False,2.2317,False,4.555389330254649,12,116.45132506159356,9.70427708846613,78.26322214494242,0.6720681117501012,67.20681117501012
d-block,Ti-O,O,TiO2_1079207_POSCAR,-0.0547230504491017,7.46401663,-0.090251430662302,-0.0355283802132002,7.1974446075,13.0620291025,35,local_max_drop,mp-1079207,TiO2,Hexagonal,P-62m,189,0.332816929722222,-3.175238522222222,False,0.8879999999999991,False,5.161167512722676,9,77.0873725316958,8.565263614632867,58.697416608706774,0.7614400994737798,76.14400994737798
d-block,Ti-O,O,TiO2_1102591_POSCAR,-0.0544986636469582,7.1078043,-0.091337491247716,-0.0368388276007577,6.6176109,12.0097383,35,local_max_drop,mp-1102591,TiO2,Cubic,Pa-3,205,0.256583777499999,-3.251471674444444,False,1.149599999999999,False,4.503680324526368,12,117.78836101046703,9.815696750872252,78.26322214494242,0.6644393509982511,66.44393509982511
d-block,Ti-O,O,Ti2O_1215_POSCAR,-0.0514449279103111,4.135711216,-0.068111906466237,-0.0166669785559258,3.840303272,7.237494628,35,local_max_drop,mp-1215,Ti2O,Trigonal,P-3m1,164,0.0,-2.035562333888889,True,0.0,True,5.09095651040831,3,36.44456111186841,12.14818703728947,35.518829786325384,0.9745989168945828,97.45989168945827
d-block,Ti-S,S,Ti8S3_680850_POSCAR,-0.7069226199479104,14.8723153251,-0.9825625335827,-0.2756399136347896,13.8100070876,26.0265518189,35,local_max_drop,mp-680850,Ti8S3,Monoclinic,C2/m,12,0.007596891666665,-1.018810084696969,False,0.0,True,4.732975207820129,44,672.4022068776571,15.281868338128572,607.221688851552,0.9030632003294947,90.30632003294947
d-block,Ti-S,S,Ti2S_616559_POSCAR,-0.5026299189969784,4.645610662,-0.72145411810024,-0.2188241991032615,4.313781329,8.1298186585,35,local_max_drop,mp-616559,Ti2S,Orthorhombic,Pnnm,58,0.0,-1.254497415555554,True,0.0,True,4.828433316784582,36,527.413887485313,14.650385763480918,469.9634114211116,0.8910713626861005,89.10713626861005
d-block,Ti-S,S,Ti9S10_673637_POSCAR,-0.3698917692425229,11.95071599,-0.64774106561061,-0.277849296368087,11.0970934193,20.9137529825,35,local_max_drop,mp-673637,Ti9S10,Triclinic,P1,1,0.039519474122807,-1.676394082719297,False,0.0,True,4.163818216876962,57,899.0428964109641,15.772682393174808,608.7181341522119,0.6770735151595692,67.70735151595692
d-block,Ti-S,S,Ti5S8_1217445_POSCAR,-0.1516036401041194,4.7859784,-0.29676760847419,-0.1451639683700705,4.6150506,8.3754622,35,local_max_drop,mp-1217445,Ti5S8,Monoclinic,Pm,6,0.031617440512821,-1.664435762307691,False,0.0,True,3.429577789391487,39,720.2518642564844,18.467996519397037,373.73642844165596,0.5188968567647706,51.88968567647706
d-block,Ti-S,S,Ti7S12_673657_POSCAR,-0.1259521794043679,9.5900013104,-0.25847337127467,-0.1325211918703021,9.2475012636,16.7825022933,35,local_max_drop,mp-673657,Ti7S12,Triclinic,P-1,2,0.0,-1.672311393333331,True,0.0,True,3.390550591130881,38,705.0992784874054,18.555244170721195,356.57914376285095,0.5057148044851109,50.57148044851109
d-block,Ti-S,S,Ti13S24_684731_POSCAR,-0.1043606923885679,11.6449851061,-0.22556722829102,-0.121206535902452,11.2290927809,20.3787239357,35,local_max_drop,mp-684731,Ti13S24,Triclinic,P-1,2,0.001580217567565,-1.6392080771171171,False,0.0,True,3.246731468609211,37,711.8512175792906,19.239222096737585,339.4218590840459,0.47681573157699747,47.681573157699745
d-block,Ti-S,S,Ti2S3_1217192_POSCAR,-0.0762136315057669,8.1025801913,-0.15107884547058,-0.0748652139648131,7.8132023273,14.1795153347,35,local_max_drop,mp-1217192,Ti2S3,Monoclinic,C2/c,15,0.025767256499999,-1.680487956333333,False,0.0,True,3.654237267616948,20,348.8614219073141,17.443071095365703,195.4468565602305,0.5602421026998997,56.02421026998997
d-block,Ti-S,S,Ti3S2_1217073_POSCAR,-0.0528628078659885,6.064699081,-0.078868891616864,-0.0260060837508754,5.6315062895,10.6132233917,35,local_max_drop,mp-1217073,Ti3S2,Trigonal,R32,155,0.298872062499999,-1.141571572999999,False,0.0,True,4.178284977229527,5,82.55670522286181,16.51134104457236,61.16995055804688,0.740944668187988,74.0944668187988
d-block,V-O,O,V16O3_30064_POSCAR,-0.6891613514457486,12.8122574755,-0.91470191704659,-0.2255405656008413,10.9141452569,23.2518746777,35,local_max_drop,mp-30064,V16O3,Tetragonal,I4/mmm,139,1.396071090065791,0.7290848549999991,False,0.0,True,4.469497007704616,38,641.3019169804188,16.87636623632681,487.3047515415147,0.759867916559485,75.98679165594851
d-block,V-O,O,V25O32_685164_POSCAR,-0.3665499337152788,12.0841165345,-0.57588443914064,-0.2093345054253612,10.7893897629,21.1472039354,35,local_max_drop,mp-685164,V25O32,Monoclinic,C2,5,0.077790833918131,-2.293715779649123,False,0.232699999999999,False,4.585246072420838,57,646.6224156460461,11.344252906070984,413.59820010109394,0.6396286149280247,63.96286149280247
d-block,V-O,O,V8O_714972_POSCAR,-0.3225506272064739,12.8817739,-0.44275366825966,-0.120203041053186,11.5491766,21.7657559,35,local_max_drop,mp-714972,V8O,Tetragonal,P4_2/mnm,136,1.378093473379627,0.908732789444442,False,0.0,True,5.889081685415719,18,238.84553592574076,13.26919644031893,242.44811534204223,1.0150833022787646,101.50833022787647
d-block,V-O,O,V13O16_30065_POSCAR,-0.2405167532139144,15.8294033601,-0.3934547587266,-0.1529380055126856,14.1333958572,27.7014558801,35,local_max_drop,mp-30065,V13O16,Tetragonal,I4_1/amd,141,0.6766213945402301,-1.653997173965518,False,0.0,True,3.324379532660804,58,917.3180173696626,15.815827885683838,428.60067475638215,0.46723237376865323,46.72323737686532
d-block,V-O,O,V2O3_780654_POSCAR,-0.2210723609117295,7.1886584,-0.36245100615686,-0.1413786452451304,6.6751828,12.5801522,35,local_max_drop,mp-780654,V2O3,Orthorhombic,Pbca,61,0.030721300500001,-2.503826392749999,False,0.620899999999999,False,4.704386877724395,40,423.2365992301684,10.58091498075421,268.9418447737779,0.6354408982185388,63.54408982185388
d-block,V-O,O,V2O3_21579_POSCAR,-0.2159924036663782,10.9441193147,-0.35486271620418,-0.1388703125378017,10.1623965065,19.1522088007,35,local_max_drop,mp-21579,V2O3,Cubic,Ia-3,206,0.0,-2.53454769325,True,0.0,True,4.537545604148263,40,438.798610220309,10.969965255507725,268.9418447737779,0.6129049602931729,61.29049602931729
d-block,V-O,O,V10O9_705541_POSCAR,-0.2147640142396791,7.1213004752,-0.30411979158521,-0.0893557773455309,6.3300448668,12.9238416031,35,local_max_drop,mp-705541,V10O9,Triclinic,P-1,2,0.212360722302632,-1.788597982894736,False,1.2156,False,5.165344527226439,19,210.05610786949595,11.055584624710313,160.8630904113196,0.7658101068465999,76.58101068465999
d-block,V-O,O,VO2_1245059_POSCAR,-0.1761703043203723,15.303997472,-0.38358835496539,-0.2074180506450177,13.7735977248,24.9965292043,35,local_max_drop,mp-1245059,VO2,Triclinic,P1,1,0.257524156960769,-2.264944019705882,False,0.679299999999999,False,3.429951642627723,102,1365.2293600632834,13.384601569247875,591.973847432441,0.433607615503523,43.3607615503523
d-block,V-O,O,V9O17_559485_POSCAR,-0.175748085477318,8.0685693825,-0.31581747666785,-0.1400693911905319,7.5121163216,13.6330999911,35,local_max_drop,mp-559485,V9O17,Triclinic,P-1,2,0.056927131394232,-2.46786402923077,False,0.0,True,4.409420404356642,52,550.1688368620956,10.580169939655686,310.989398371507,0.5652617479122305,56.52617479122305
d-block,V-O,O,V2O3_776630_POSCAR,-0.1744575958509243,4.3545782,-0.28252908832726,-0.1080714924763356,4.0435369,7.62051185,35,local_max_drop,mp-776630,V2O3,Monoclinic,P2_1/m,11,0.060644026250001,-2.473903667000001,False,0.945299999999999,False,4.740151748367431,30,315.0324307882871,10.501081026276237,201.7063835803334,0.6402718065426324,64.02718065426323
d-block,V-O,O,V9O17_716723_POSCAR,-0.1720896473571638,8.0280697193,-0.31333556007769,-0.1412459127205261,7.4744097386,13.5646695257,35,local_max_drop,mp-716723,V9O17,Triclinic,P1,1,0.054375948125002,-2.4704152125,False,0.5838999999999991,False,4.41329694917235,52,549.6855794529615,10.570876527941568,310.989398371507,0.5657586991476087,56.575869914760865
d-block,V-O,O,VO2_1245047_POSCAR,-0.1667587600510846,16.4458238516,-0.37159472895452,-0.2048359689034353,14.8012414664,26.8615122909,35,local_max_drop,mp-1245047,VO2,Triclinic,P1,1,0.617124615980376,-1.905343560686275,False,0.5321,False,3.480896640778031,102,1345.248414237181,13.188709943501774,591.973847432441,0.4400479801108838,44.00479801108838
d-block,V-O,O,V8O15_556566_POSCAR,-0.1536912272560911,7.9822081611,-0.2802991974497,-0.1266079701936089,7.4317110466,13.4871793067,35,local_max_drop,mp-556566,V8O15,Triclinic,P-1,2,0.041522512663044,-2.483571645869564,False,0.6674999999999991,False,4.420959223836546,46,486.42712284697257,10.57450267058636,276.16740734606947,0.567746727875103,56.774672787510305
d-block,V-O,O,V7O3_1100921_POSCAR,-0.1487891051128617,6.7416730296,-0.20322817789317,-0.0544390727803082,5.9637876801,12.7054607097,35,local_max_drop,mp-1100921,V7O3,Triclinic,P-1,2,0.8237026231250011,-0.443571223499999,False,0.821299999999999,False,4.569252337060819,10,147.03397697952278,14.703397697952278,108.6301038731634,0.7388095330393748,73.88095330393747
d-block,V-O,O,V7O3_542910_POSCAR,-0.1454657996357489,7.2566357555,-0.20265768548315,-0.057191885847401,6.719107181,13.1694500748,35,local_max_drop,mp-542910,V7O3,Monoclinic,C2/m,12,0.831080103125,-0.4361937435,False,0.0,True,4.703127828810699,10,142.8486246812607,14.28486246812607,108.6301038731634,0.760456071002088,76.0456071002088
d-block,V-O,O,V7O4_1205504_POSCAR,-0.1443923236856141,7.2524775289,-0.20264042505557,-0.0582481013699558,6.4466466924,13.1619036636,35,local_max_drop,mp-1205504,V7O4,Monoclinic,C2/m,12,0.6480725046969711,-0.8880170063636361,False,0.0,True,4.94362144307234,11,141.2735541902176,12.843050380928872,109.83436430187868,0.7774587744426132,77.74587744426132
d-block,V-O,O,V3O5_30987_POSCAR,-0.1402496237866547,7.2247898505,-0.2364938934104,-0.0962442696237452,6.7265284815,12.2074035405,35,local_max_drop,mp-30987,V3O5,Monoclinic,C2/c,15,0.036715385156252,-2.493302489374999,False,0.0,True,4.749338272156889,32,325.6109999865584,10.17534374957995,204.11490443776393,0.6268673492179012,62.68673492179012
d-block,V-O,O,V7O13_27151_POSCAR,-0.1333812461961361,8.165140934,-0.23788464562225,-0.1045033994261138,7.6207982051,13.3363968589,35,local_max_drop,mp-27151,V7O13,Triclinic,P-1,2,0.045449105312499,-2.4800389505,False,0.0,True,4.695376166544382,40,399.3339814710327,9.983349536775817,241.34541632063195,0.6043698445886928,60.43698445886928
d-block,V-O,O,VO2_1245012_POSCAR,-0.1308028545800428,17.2584553082,-0.30898009471376,-0.1781772401337171,15.5326097774,28.1888103368,35,local_max_drop,mp-1245012,VO2,Triclinic,P1,1,0.278021572941161,-2.24444660372549,False,0.8943000000000001,False,3.118984921087794,102,1501.3444454270436,14.719063190461211,591.973847432441,0.39429582547531883,39.42958254753188
d-block,V-O,O,V7O13_715598_POSCAR,-0.1299852677354218,8.0823426669,-0.24133731378533,-0.1113520460499082,7.5249397243,13.6563720923,35,local_max_drop,mp-715598,V7O13,Triclinic,P1,1,0.0485252448125,-2.476962810999999,False,0.5731,False,4.392326269671944,40,426.88615164394076,10.67215379109852,241.34541632063195,0.5653624869094711,56.53624869094711
d-block,V-O,O,VO2_20593_POSCAR,-0.1280207003064554,11.325153735,-0.23302073469944,-0.1050000343929845,10.570143486,18.4977511005,35,local_max_drop,mp-20593,VO2,Tetragonal,I4/mmm,139,0.016829682083317,-2.505638494583335,False,0.0,True,4.110212713345812,48,536.1303385521281,11.169382053169336,278.5759282035,0.519604857572174,51.9604857572174
d-block,V-O,O,V5O7_1046039_POSCAR,-0.1263959205141787,7.468176184,-0.20694662198243,-0.0805507014682512,6.66801445,13.069308322,35,local_max_drop,mp-1046039,V5O7,Orthorhombic,Cmcm,63,0.181453913993054,-2.2826896766666662,False,0.5427000000000001,False,4.165475627988402,24,292.36764787363194,12.181985328067997,166.8843925548959,0.5708032122180194,57.080321221801945
d-block,V-O,O,V3O5_622497_POSCAR,-0.1240071910127187,7.52452125,-0.22076092241295,-0.0967537314002312,6.7461225,12.71384625,35,local_max_drop,mp-622497,V3O5,Monoclinic,P2/c,13,0.011976644843752,-2.518041229687499,False,0.0,True,4.444064038144065,32,347.97806090230637,10.874314403197074,204.11490443776393,0.5865740613316093,58.657406133160926
d-block,V-O,O,VO2_1178787_POSCAR,-0.1201396305877504,12.910533,-0.21876641211399,-0.0986267815262395,12.0498308,21.0872039,35,local_max_drop,mp-1178787,VO2,Tetragonal,P4/ncc,130,0.08270646541665,-2.439761711250001,False,1.2334,False,3.830507350297454,48,575.2788160965843,11.984975335345505,278.5759282035,0.4842450658859817,48.42450658859817
d-block,V-O,O,V6O11_30518_POSCAR,-0.1129375525439832,7.7834464831,-0.20675971018673,-0.0938221576427467,7.5150517768,13.1513406094,35,local_max_drop,mp-30518,V6O11,Triclinic,P-1,2,0.039274930661765,-2.486746045,False,0.739899999999999,False,4.703070247886312,34,340.11230093249367,10.003302968602755,206.52342529519444,0.6072212758226164,60.72212758226164
d-block,V-O,O,V6O11_849537_POSCAR,-0.1061428713057189,8.506650098,-0.19068311752812,-0.084540246222401,7.919984574,14.373305338,35,local_max_drop,mp-849537,V6O11,Orthorhombic,Cmcm,63,0.074039102426471,-2.451981873235294,False,0.4496,False,4.048801227514153,34,395.072999463809,11.619794101876735,206.52342529519444,0.5227475063481608,52.27475063481608
d-block,V-O,O,VO2_715035_POSCAR,-0.1045260602616009,11.6228745,-0.20981930667179,-0.105293246410189,10.46058705,18.98402835,35,local_max_drop,mp-715035,VO2,Orthorhombic,Pma2,28,0.099881063958317,-2.422587112708335,False,0.7988000000000001,False,3.835291482672382,48,574.5612148344292,11.970025309050607,278.5759282035,0.4848498663171634,48.48498663171634
d-block,V-O,O,VO2_715517_POSCAR,-0.1032196237572552,11.5935306704,-0.20836712743812,-0.1051475036808648,10.4341776033,18.9361000949,35,local_max_drop,mp-715517,VO2,Triclinic,P1,1,0.097846750208317,-2.424621426458335,False,1.0155,False,3.833929492665214,48,574.7653259222342,11.974277623379878,278.5759282035,0.48467768607390094,48.46776860739009
d-block,V-O,O,V2O5_1245156_POSCAR,-0.1007513699274578,18.2185341046,-0.21227396183484,-0.1115225919073821,17.0431448076,28.7970377783,35,local_max_drop,mp-1245156,V2O5,Triclinic,P1,1,0.089973698142857,-2.199048119000001,False,1.8996,False,2.8127922117022197,105,1610.599838532454,15.339046081261467,540.3937718122925,0.3355232993843389,33.552329938433886
d-block,V-O,O,V2O5_1245219_POSCAR,-0.1001677318362183,18.3046704418,-0.21708053020887,-0.1169127983726517,17.1237239617,28.9331887628,35,local_max_drop,mp-1245219,V2O5,Triclinic,P1,1,0.125711480809524,-2.163310336333333,False,0.4488,False,2.831075240719602,105,1600.1986169668082,15.239986828255317,540.3937718122925,0.33770418626946075,33.770418626946075
d-block,V-O,O,V2O5_831269_POSCAR,-0.099280163858357,7.6112347,-0.20215842646315,-0.1028782626047929,7.1201873,12.0306613,35,local_max_drop,mp-831269,V2O5,Monoclinic,P2/c,13,0.025970106530612,-2.263051710612245,False,2.3291,False,2.811388185680432,98,1503.9772371600122,15.346706501632777,504.3675203581384,0.3353558204847201,33.535582048472016
d-block,V-O,O,V5O9_714932_POSCAR,-0.0981942022145615,7.8642600248,-0.17701267124046,-0.0788184690258984,7.3218972645,13.2878876281,35,local_max_drop,mp-714932,V5O9,Triclinic,P1,1,0.039442049732143,-2.487340240000001,False,0.7785000000000001,False,4.414014992771106,28,299.9810442820658,10.713608724359492,171.70143426975693,0.572374280117212,57.23742801172121
d-block,V-O,O,V9O13_1045898_POSCAR,-0.0980625379806874,7.7030988165,-0.16752217375541,-0.0694596357747225,6.9062265251,13.0155807589,35,local_max_drop,mp-1045898,V9O13,Monoclinic,C2/m,12,0.220392138428032,-2.275753317045455,False,0.0,True,4.15978228822031,22,266.0457335149371,12.092987887042597,150.6776574708924,0.5663599843537149,56.63599843537149
d-block,V-O,O,V2O3_776688_POSCAR,-0.0974603439041765,5.288127138,-0.16097383673004,-0.0635134928258634,4.910403771,9.2542224915,35,local_max_drop,mp-776688,V2O3,Monoclinic,P2_1/c,14,0.095382107750001,-2.439165585499999,False,1.433199999999999,False,4.20665056757022,20,236.6572488826495,11.832862444132475,134.47092238688901,0.568209607023568,56.82096070235681
d-block,V-O,O,V5O9_542334_POSCAR,-0.0964770528402765,7.695339689,-0.17738306202815,-0.0809060091878734,7.429983148,13.002470509,35,local_max_drop,mp-542334,V5O9,Triclinic,P-1,2,0.029948650625,-2.496833639107143,False,0.5147,False,4.712901131491857,28,280.95663153086855,10.034165411816733,171.70143426975693,0.6111314523319668,61.113145233196676
d-block,V-O,O,V2O5_1244925_POSCAR,-0.0956055242256668,20.0822227081,-0.19968374908797,-0.1040782248623031,18.7865954366,31.7428681515,35,local_max_drop,mp-1244925,V2O5,Triclinic,P1,1,0.49800979452381,-1.791012022619048,False,0.5285000000000001,False,2.399810883694031,105,1887.7665377377339,17.978728930835562,540.3937718122925,0.286260912570201,28.626091257020096
d-block,V-O,O,V2O5_1245101_POSCAR,-0.093934529418091,18.8350057606,-0.20657776654448,-0.1126432371263889,17.6198440986,29.7714607184,35,local_max_drop,mp-1245101,V2O5,Triclinic,P1,1,0.483080463285713,-1.805941353857144,False,0.7825000000000001,False,2.495114237676296,105,1815.6614295005595,17.292013614291044,540.3937718122925,0.29762915212718954,29.762915212718955
d-block,V-O,O,V2O3_1043388_POSCAR,-0.0932238118524108,7.358150674,-0.15607584717074,-0.0628520353183291,6.832568483,12.8767636795,35,local_max_drop,mp-1043388,V2O3,Orthorhombic,Cmcm,63,0.23553653125,-2.299011162,False,0.0,True,4.10007431531783,20,242.80885503966755,12.140442751983377,134.47092238688901,0.5538139140968338,55.38139140968338
d-block,V-O,O,V2O5_1245153_POSCAR,-0.0927343774825117,19.014956041,-0.19659757264817,-0.1038631951656582,17.7881846835,30.0558982583,35,local_max_drop,mp-1245153,V2O5,Triclinic,P1,1,0.518077708904762,-1.770944108238096,False,0.6525000000000001,False,2.445220456712072,105,1852.7093006737316,17.64485048260697,540.3937718122925,0.29167758353443796,29.167758353443794
d-block,V-O,O,V2O5_1245061_POSCAR,-0.0918641517561832,17.9905830607,-0.20276387064683,-0.1108997188906467,16.2495588935,28.4367280637,35,local_max_drop,mp-1245061,V2O5,Triclinic,P1,1,0.528931059571428,-1.76009075757143,False,0.6666000000000001,False,2.478697744516442,105,1827.6866113451897,17.406539155668472,540.3937718122925,0.29567091450900274,29.567091450900275
d-block,V-O,O,V2O5_1245096_POSCAR,-0.0914587347407842,20.1542837595,-0.20879483713826,-0.1173361023974757,18.854007388,31.8567711038,35,local_max_drop,mp-1245096,V2O5,Triclinic,P1,1,0.507851763,-1.781170054142858,False,0.7321000000000001,False,2.629047739006507,105,1723.1648614845815,16.411093918900775,540.3937718122925,0.3136053803619926,31.36053803619926
d-block,V-O,O,V2O5_1245312_POSCAR,-0.0905279652959201,18.0992963839,-0.19938491201522,-0.1088569467192998,16.931599843,28.6085652519,35,local_max_drop,mp-1245312,V2O5,Triclinic,P1,1,0.5178822798571431,-1.771139537285715,False,0.8909,False,2.592591433576626,105,1747.3955300282385,16.64186219074513,540.3937718122925,0.3092566980548242,30.92566980548242
d-block,V-O,O,V2O5_1245162_POSCAR,-0.0903138313918544,17.7604269187,-0.19435373943973,-0.1040399080478755,16.6145929239,28.0729328714,35,local_max_drop,mp-1245162,V2O5,Triclinic,P1,1,0.087059169190476,-2.201962647952381,False,1.5838,False,2.712395447932591,105,1670.2146735193978,15.906806414470456,540.3937718122925,0.32354749385215265,32.354749385215264
d-block,V-O,O,V2O5_1245325_POSCAR,-0.0900235738325766,19.2997185343,-0.19432486771513,-0.1043012938825533,18.0545754031,30.5060067155,35,local_max_drop,mp-1245325,V2O5,Triclinic,P1,1,0.511939902904762,-1.777081914238096,False,1.073899999999999,False,2.396386060781244,105,1890.4644598210468,18.004423426867113,540.3937718122925,0.2858523835266634,28.58523835266634
d-block,V-O,O,V2O5_1245120_POSCAR,-0.0888497493876785,20.0769220743,-0.18708339417205,-0.0982336447843715,18.7816367792,31.7344897303,35,local_max_drop,mp-1245120,V2O5,Triclinic,P1,1,0.067549162142858,-2.221472655,False,1.8967,False,2.4950660614701072,105,1815.6964858457245,17.292347484244996,540.3937718122925,0.2976234056875343,29.76234056875343
d-block,V-O,O,V2O5_1245137_POSCAR,-0.0887762104775243,19.1929320833,-0.18392919391544,-0.0951529834379156,17.9546784005,30.3372152284,35,local_max_drop,mp-1245137,V2O5,Triclinic,P1,1,0.107828397095239,-2.181193420047619,False,0.3371,False,2.390140342457997,105,1895.4044668455576,18.051471112814834,540.3937718122925,0.28510736429340977,28.510736429340977
d-block,V-O,O,V4O7_21018_POSCAR,-0.0887630595579876,8.8516540552,-0.15950652839745,-0.0707434688394623,7.9359657046,14.9562430588,35,local_max_drop,mp-21018,V4O7,Triclinic,P-1,2,0.220129396931819,-2.30782946909091,False,0.3082,False,4.641027143316334,22,225.95636197505812,10.270743726139004,136.87944324431953,0.6057782221658746,60.577822216587464
d-block,V-O,O,V9O22_849581_POSCAR,-0.0886639989748052,5.6622182,-0.18256564217678,-0.0939016432019748,5.2969138,8.9499578,35,local_max_drop,mp-849581,V9O22,Monoclinic,P2_1/m,11,0.039160695483872,-2.27245270483871,False,0.0,True,3.331486660623212,62,807.9281875631563,13.031099799405746,323.03200265865956,0.39982761788888316,39.98276178888832
d-block,V-O,O,V2O5_1245118_POSCAR,-0.0882350279777104,19.3369240868,-0.19311055141682,-0.1048755234391095,18.0893805974,30.5648154921,35,local_max_drop,mp-1245118,V2O5,Triclinic,P1,1,0.519167017380953,-1.769854799761906,False,0.7675000000000001,False,2.428213774846436,105,1865.6852732837624,17.76843117413107,540.3937718122925,0.28964894537713437,28.964894537713437
d-block,V-O,O,VO2_1361684_POSCAR,-0.0879695862374106,7.7654369153,-0.15883271950158,-0.0708631332641693,6.9888932238,12.6835469616,35,local_max_drop,mp-1361684,VO2,Monoclinic,Cm,8,0.205285628888875,-2.317182547777777,False,0.8791,False,3.677865564501045,36,449.36588084170984,12.482385578936384,208.93194615262496,0.4649483974201008,46.49483974201008
d-block,V-O,O,V2O5_1245284_POSCAR,-0.0878364488496836,20.6203155479,-0.19315713153454,-0.1053206826848563,19.2899726093,32.593401995,35,local_max_drop,mp-1245284,V2O5,Triclinic,P1,1,0.50298275147619,-1.786039065666668,False,1.0438,False,2.388276586040625,105,1896.8835974411818,18.0655580708684,540.3937718122925,0.28488504647373275,28.488504647373276
d-block,V-O,O,V2O5_1244889_POSCAR,-0.0873044701858288,19.005372307,-0.18545015005326,-0.0981456798674311,17.7792192549,30.0407497756,35,local_max_drop,mp-1244889,V2O5,Triclinic,P1,1,0.108118662047619,-2.180903155095238,False,0.5422,False,2.488547907596506,105,1820.452268858695,17.337640655797095,540.3937718122925,0.29684588882469526,29.684588882469527
d-block,V-O,O,V2O5_1244961_POSCAR,-0.0869911322576301,19.5017657459,-0.19461875032626,-0.1076276180686298,17.6144980931,30.8253716629,35,local_max_drop,mp-1244961,V2O5,Triclinic,P1,1,0.513772044142856,-1.775249773000001,False,0.8882,False,2.439309167376228,105,1857.1990557393856,17.687610054660816,540.3937718122925,0.29097245669078353,29.097245669078355
d-block,V-O,O,V2O3_1272087_POSCAR,-0.0863880092842225,4.3558562986,-0.14163318643703,-0.0552451771528074,4.0447237058,7.6227485225,35,local_max_drop,mp-1272087,V2O3,Triclinic,P1,1,0.085874333583333,-2.448673359666667,False,1.520699999999999,False,4.762620363472198,15,156.77310134465537,10.451540089643691,100.85319179016682,0.643306733904866,64.33067339048661
d-block,V-O,O,V2O5_1245174_POSCAR,-0.0861102122332033,17.6974745093,-0.18985649185748,-0.1037462796242766,16.5557019603,27.9734274502,35,local_max_drop,mp-1245174,V2O5,Triclinic,P1,1,0.487889973666666,-1.801131843476191,False,0.7431,False,2.609510498012753,105,1736.0660870968181,16.53396273425541,540.3937718122925,0.3112748851145293,31.127488511452928
d-block,V-O,O,V2O5_1244901_POSCAR,-0.0860819960736884,18.2507824221,-0.20475673988834,-0.1186747438146515,16.4845776716,28.8480109252,35,local_max_drop,mp-1244901,V2O5,Triclinic,P1,1,0.5287774096666671,-1.7602444074761912,False,0.4765,False,2.701749468535555,105,1676.7959922170712,15.969485640162583,540.3937718122925,0.3222775903094688,32.22775903094688
d-block,V-O,O,V2O5_1245142_POSCAR,-0.0859739219436156,19.5227023097,-0.18547744385444,-0.0995035219108243,18.2631731284,30.8584649411,35,local_max_drop,mp-1245142,V2O5,Triclinic,P1,1,0.504644946333333,-1.784376870809525,False,0.409299999999999,False,2.325045025189711,105,1948.4709460712218,18.556866153059254,540.3937718122925,0.27734248380860366,27.734248380860365
d-block,V-O,O,V2O5_1244904_POSCAR,-0.0857873409792348,19.4181018071,-0.18652641212555,-0.1007390711463151,18.1653210453,30.6931286628,35,local_max_drop,mp-1244904,V2O5,Triclinic,P1,1,0.483608308714286,-1.805413508428572,False,0.8101,False,2.398421170984265,105,1888.8603626615645,17.98914631106252,540.3937718122925,0.2860951410144643,28.609514101446432
d-block,V-O,O,V2O3_777698_POSCAR,-0.0852240600167031,4.3144681897,-0.13989017466202,-0.0546661146453168,4.0062918905,7.5503193321,35,local_max_drop,mp-777698,V2O3,Monoclinic,C2/m,12,0.083403238249999,-2.451144455000001,False,0.0,True,4.724242442422593,15,158.0466650000748,10.53644433333832,100.85319179016682,0.638122872065153,63.81228720651529
d-block,V-O,O,VO_1273331_POSCAR,-0.0850358549000097,4.228074693,-0.12198231769263,-0.0369464627926202,3.758288616,7.673172591,35,local_max_drop,mp-1273331,VO,Tetragonal,P4/nmm,129,0.062567065208332,-2.049556012500001,False,0.8225,False,5.163733621982276,8,86.10667227032731,10.763334033790914,64.82694033601398,0.7528677932471163,75.28677932471163
d-block,V-O,O,V4O7_555597_POSCAR,-0.0849967991619217,7.5770448626,-0.15001802624385,-0.0650212270819282,7.0544900445,12.8025930437,35,local_max_drop,mp-555597,V4O7,Triclinic,P-1,2,0.037108528750001,-2.490850337272725,False,0.5857,False,4.733955600761849,22,221.52079498595424,10.069127044816101,136.87944324431953,0.6179078729516049,61.790787295160484
d-block,V-O,O,V2O5_1245058_POSCAR,-0.0843357170127442,20.6012150515,-0.18654792577815,-0.1022122087654057,19.2721044031,32.5632108879,35,local_max_drop,mp-1245058,V2O5,Triclinic,P1,1,0.512848865190476,-1.776172951952382,False,0.7725000000000001,False,2.370115977969179,105,1911.418143270784,18.20398231686461,540.3937718122925,0.2827187623570322,28.271876235703218
d-block,V-O,O,V2O5_1245283_POSCAR,-0.0842118474082268,19.8712600222,-0.19094942555718,-0.1067375781489531,18.5892432466,31.4094110028,35,local_max_drop,mp-1245283,V2O5,Triclinic,P1,1,0.537399236238095,-1.751622580904762,False,0.8613000000000001,False,2.373903537307231,105,1908.3684791334317,18.174937896508872,540.3937718122925,0.28317056046622563,28.317056046622564
d-block,V-O,O,V3O7_760992_POSCAR,-0.083980131555224,16.690599206,-0.15578827431486,-0.071808142759636,15.613786354,26.381914874,35,local_max_drop,mp-760992,V3O7,Trigonal,P-31c,163,0.130992134333334,-2.228063590666666,False,0.312,False,2.75028193686942,60,959.3440901698052,15.989068169496754,320.62348180122905,0.33421113976370903,33.421113976370904
d-block,V-O,O,V2O5_1244985_POSCAR,-0.0832276203809426,19.6315294725,-0.18492859709893,-0.1017009767179873,18.364979184,31.0304820695,35,local_max_drop,mp-1244985,V2O5,Triclinic,P1,1,0.524596626809524,-1.764425190333334,False,0.5233,False,2.4618513986763872,105,1840.1933936447065,17.525651368044823,540.3937718122925,0.2936614019366643,29.36614019366643
d-block,V-O,O,V2O5_1244942_POSCAR,-0.0831315150995697,18.987021721,-0.18711882066746,-0.1039873055678902,17.1495680061,30.0117440106,35,local_max_drop,mp-1244942,V2O5,Triclinic,P1,1,0.519327439761905,-1.769694377380953,False,0.1626,False,2.421179949474257,105,1871.105319572354,17.820050662593847,540.3937718122925,0.2888099168761922,28.88099168761922
d-block,V-O,O,V2O5_1245272_POSCAR,-0.0827370509932546,19.5279138795,-0.1918395766556,-0.1091025256623453,18.2680484679,30.8667025837,35,local_max_drop,mp-1245272,V2O5,Triclinic,P1,1,0.5204448286190471,-1.7685769885238112,False,0.95,False,2.515967712903512,105,1800.612408648971,17.148689606180678,540.3937718122925,0.3001166543208256,30.011665432082562
d-block,V-O,O,VO2_1040910_POSCAR,-0.0825368277767187,9.0160913362,-0.1543818024605,-0.0718449746837812,8.1144822026,14.7262825158,35,local_max_drop,mp-1040910,VO2,Triclinic,P1,1,0.205257699166653,-2.317210477499999,False,0.9781,False,3.706569650458726,36,445.8859420163638,12.385720611565661,208.93194615262496,0.4685771101187964,46.85771101187964
d-block,V-O,O,V9O22_776583_POSCAR,-0.0825242988261184,8.697611212,-0.18418446261541,-0.1016601637892915,8.1364750048,13.747837077,35,local_max_drop,mp-776583,V9O22,Triclinic,P1,1,0.094034692741937,-2.217578707580645,False,0.9397,False,3.533727744018146,62,761.6891211678017,12.285308405932286,323.03200265865956,0.42409953573105447,42.40995357310545
d-block,V-O,O,V2O5_1245315_POSCAR,-0.0822274720142247,19.4868008812,-0.1786447576847,-0.0964172856704753,18.2295879212,30.801717522,35,local_max_drop,mp-1245315,V2O5,Triclinic,P1,1,0.474258488904761,-1.814763328238096,False,1.1409,False,2.438372359014706,105,1857.9125807848684,17.69440553128446,540.3937718122925,0.2908607097025012,29.086070970250123
d-block,V-O,O,V2O5_1245198_POSCAR,-0.082219509006203,19.8827002879,-0.18183959503537,-0.0996200860291669,18.5999454306,31.4274940034,35,local_max_drop,mp-1245198,V2O5,Triclinic,P1,1,0.5187974480476191,-1.770224369095239,False,0.2495,False,2.26323296400511,105,2001.6864165468826,19.063680157589356,540.3937718122925,0.26996924560467767,26.996924560467768
d-block,V-O,O,V2O5_1245005_POSCAR,-0.0822162770747175,18.6022847337,-0.18977557652702,-0.1075592994523024,16.8020636304,29.4036113533,35,local_max_drop,mp-1245005,V2O5,Triclinic,P1,1,0.510205219285714,-1.7788165978571442,False,0.6144000000000001,False,2.5271615526972653,105,1792.6367547644134,17.072730997756317,540.3937718122925,0.3014519089693163,30.145190896931627
d-block,V-O,O,V2O5_1245160_POSCAR,-0.0816423440908299,19.8227911296,-0.18793453363736,-0.1062921895465301,18.5439013793,31.3327988823,35,local_max_drop,mp-1245160,V2O5,Triclinic,P1,1,0.483543981952381,-1.805477835190477,False,0.5126000000000001,False,2.447735842001453,105,1850.8053861112817,17.626717962964587,540.3937718122925,0.2919776308559979,29.197763085599792
d-block,V-O,O,VO2_1353031_POSCAR,-0.0816176825466622,9.0207594903,-0.18487281560373,-0.1032551330570677,7.5657982822,14.2586198395,35,local_max_drop,mp-1353031,VO2,Triclinic,P1,1,0.181836435624985,-2.3406317410416677,False,0.6626999999999991,False,3.74848344198844,48,587.8670048040875,12.247229266751823,278.5759282035,0.47387576769398404,47.38757676939841
d-block,V-O,O,VO_1287184_POSCAR,-0.0815606205986253,4.1854721049,-0.1197716891446,-0.0382110685459746,3.8865098117,7.3245761836,35,local_max_drop,mp-1287184,VO,Monoclinic,C2/m,12,0.026801248958333,-2.085321828749999,False,1.9785,False,5.594731491792294,8,79.47332576712505,9.93416572089063,64.82694033601398,0.8157069017845269,81.5706901784527
d-block,V-O,O,V4O7_1179536_POSCAR,-0.0813043366522343,6.5949177604,-0.14363939075771,-0.0623350541054756,6.1238522061,11.5411060808,35,local_max_drop,mp-1179536,V4O7,Triclinic,P-1,2,0.515559956931818,-2.01239890909091,False,1.3076,False,4.055526276655942,22,258.57793475268375,11.753542488758352,136.87944324431953,0.529354692910041,52.9354692910041
d-block,V-O,O,V9O22_1101328_POSCAR,-0.08039976863125,15.1282232,-0.18053550198524,-0.10013573335399,14.1522088,23.9123528,35,local_max_drop,mp-1101328,V9O22,Monoclinic,P2_1,4,0.087785557096776,-2.223827843225806,False,1.0977,False,3.508229581918317,62,767.2251536542263,12.374599252487522,323.03200265865956,0.4210393795355723,42.10393795355723
d-block,V-O,O,V2O5_1245171_POSCAR,-0.0803158930002229,18.1164470214,-0.18935612848363,-0.109040235483407,16.9476439878,28.6356743242,35,local_max_drop,mp-1245171,V2O5,Triclinic,P1,1,0.510945807857143,-1.778076009285714,False,0.9141999999999992,False,2.486934393323737,105,1821.6333701815236,17.348889239824032,540.3937718122925,0.2966534214063299,29.665342140632987
d-block,V-O,O,V2O5_1245097_POSCAR,-0.0802975190999514,19.3460053393,-0.17995285003724,-0.0996553309372885,18.0978759625,30.5791697298,35,local_max_drop,mp-1245097,V2O5,Triclinic,P1,1,0.490775203095237,-1.79824661404762,False,0.466699999999999,False,2.36788544798304,105,1913.2186851195647,18.221130334472043,540.3937718122925,0.28245269399432044,28.245269399432043
d-block,V-O,O,V2O5_1245049_POSCAR,-0.0802494380013166,19.8456620784,-0.18464372899842,-0.1043942909971033,18.5652967831,31.3689497369,35,local_max_drop,mp-1245049,V2O5,Triclinic,P1,1,0.504379885666667,-1.784641931476191,False,0.7883,False,2.404227013225731,105,1884.2990521830554,17.945705258886242,540.3937718122925,0.2867876896643444,28.678768966434443
d-block,V-O,O,V2O5_1245040_POSCAR,-0.0802397132440955,19.7485510966,-0.18269264564051,-0.1024529323964144,18.4744510258,31.2154517333,35,local_max_drop,mp-1245040,V2O5,Triclinic,P1,1,0.5244888929047611,-1.764532924238096,False,0.705199999999999,False,2.46424646065279,105,1838.4048639300504,17.508617751714766,540.3937718122925,0.29394709642851224,29.394709642851225
d-block,V-O,O,V5O14_1204545_POSCAR,-0.0795941612428575,16.3196843443,-0.15824072247284,-0.0786465612299824,15.2668014834,25.7956300926,35,local_max_drop,mp-1204545,V5O14,Triclinic,P-1,2,0.203922899078947,-1.904386669342105,False,0.0,True,1.734166922263201,76,1833.499523669715,24.12499373249625,367.4880771138191,0.2004298732395079,20.04298732395079
d-block,V-O,O,V2O5_1245275_POSCAR,-0.0788798732854856,20.1739129168,-0.1676537231544,-0.0887738498689143,18.872370148,31.8877978362,35,local_max_drop,mp-1245275,V2O5,Triclinic,P1,1,0.490511339952381,-1.798510477190476,False,0.9927999999999992,False,2.253662027512913,105,2010.1872533314781,19.14464050791884,540.3937718122925,0.26882757858338785,26.882757858338785
d-block,V-O,O,V2O5_1244920_POSCAR,-0.0787507923379989,19.1796252158,-0.1752451043596,-0.096494312021601,17.9422300406,30.3161817928,35,local_max_drop,mp-1244920,V2O5,Triclinic,P1,1,0.480857393857142,-1.808164423285716,False,0.9453,False,2.346417893848437,105,1930.7228654732394,18.38783681403085,540.3937718122925,0.27989194175718046,27.989194175718048
d-block,V-O,O,V2O5_1245221_POSCAR,-0.0782155242889145,18.7817378119,-0.17400920368776,-0.0957936793988454,17.5700127918,29.687262993,35,local_max_drop,mp-1245221,V2O5,Triclinic,P1,1,0.479891181476191,-1.809130635666667,False,0.926099999999999,False,2.359376096543632,105,1920.1189199033422,18.286846856222308,540.3937718122925,0.28143765795479775,28.143765795479776
d-block,V-O,O,V2O5_1244996_POSCAR,-0.0775455110869739,19.7556454533,-0.16441323667869,-0.086867725591716,18.4810876822,31.226665394,35,local_max_drop,mp-1244996,V2O5,Triclinic,P1,1,0.118052153476192,-2.170969663666667,False,0.9218,False,2.297726220799555,105,1971.6372832381194,18.777497935601136,540.3937718122925,0.2740837660184517,27.40837660184517
d-block,V-O,O,V2O5_1245000_POSCAR,-0.0771886774736536,19.8015431981,-0.16417155158296,-0.0869828741093064,18.5240242821,31.2992134421,35,local_max_drop,mp-1245000,V2O5,Triclinic,P1,1,0.104578884714285,-2.184442932428572,False,0.033399999999999,False,2.178502631804714,105,2079.5396880107955,19.805139885817102,540.3937718122925,0.25986220649109687,25.986220649109686
d-block,V-O,O,V4O9_27412_POSCAR,-0.0771465325994107,5.5553565,-0.16636763379695,-0.0892211011975392,5.1849994,9.07374895,35,local_max_drop,mp-27412,V4O9,Orthorhombic,Pnma,62,0.04474085923077,-2.352025431538462,False,0.4062,False,3.5871388240264253,52,643.9338876504008,12.38334399327694,283.392969918361,0.44009637534749274,44.009637534749274
d-block,V-O,O,V6O13_554064_POSCAR,-0.0768244921522705,5.647968,-0.14837613558157,-0.0715516434292994,5.2714368,9.2250144,35,local_max_drop,mp-554064,V6O13,Orthorhombic,Fmmm,69,0.070474006842106,-2.365987616315789,False,0.0,True,3.749842713501682,38,454.9104290382283,11.971327079953376,211.34046701005548,0.46457599896505236,46.457599896505236
d-block,V-O,O,V2O5_1245240_POSCAR,-0.0766053412203347,18.6995671933,-0.17058175076268,-0.0939764095423452,17.4931435035,29.5573804024,35,local_max_drop,mp-1245240,V2O5,Triclinic,P1,1,0.5070591328095241,-1.781962684333334,False,0.3435,False,2.239855088876282,105,2022.5784702730123,19.262652097838213,540.3937718122925,0.2671806210511817,26.718062105118168
d-block,V-O,O,V2O5_1244978_POSCAR,-0.0755658045792557,19.5484606602,-0.18010186827986,-0.1045360637006042,18.2872696499,30.8991797532,35,local_max_drop,mp-1244978,V2O5,Triclinic,P1,1,0.510915689380952,-1.778106127761906,False,0.1205,False,2.338902481238311,105,1936.9267071835948,18.44692102079614,540.3937718122925,0.2789954673081341,27.899546730813412
d-block,V-O,O,VO2_1285335_POSCAR,-0.0735700155575253,4.3719688794,-0.12775240348426,-0.0541823879267346,4.0704537843,7.3871198307,35,local_max_drop,mp-1285335,VO2,Orthorhombic,Pmn2_1,31,0.112969702499984,-2.409498474166668,False,1.4037,False,3.952700613721517,24,278.7473614801545,11.614473395006437,139.28796410175005,0.49969249345402933,49.969249345402936
d-block,V-O,O,VO2_1284510_POSCAR,-0.0735567653456228,4.3741888184,-0.12764317598902,-0.0540864106433972,4.072520624,7.3908707621,35,local_max_drop,mp-1284510,VO2,Orthorhombic,Pmc2_1,26,0.116822026249984,-2.405646150416668,False,1.3725,False,3.9460965968586335,24,279.213861099301,11.633910879137543,139.28796410175005,0.49885762674301104,49.885762674301105
d-block,V-O,O,V3O7_764115_POSCAR,-0.0733605713125682,16.938223455,-0.14791909411129,-0.0745585227987218,15.845434845,26.773320945,35,local_max_drop,mp-764115,V3O7,Trigonal,P31c,159,0.094816403500001,-2.2642393215,False,1.1603,False,2.613221856416101,60,1009.6604376140187,16.827673960233646,320.62348180122905,0.31755575424834026,31.755575424834028
d-block,V-O,O,VO2_1274771_POSCAR,-0.0729977970051916,4.3807420221,-0.12685551885936,-0.0538577218541683,4.0786218827,7.4019434167,35,local_max_drop,mp-1274771,VO2,Monoclinic,Pc,7,0.113782872499983,-2.408685304166668,False,1.447899999999999,False,3.933954408707286,24,280.07565782737424,11.669819076140593,139.28796410175005,0.497322634827482,49.7322634827482
d-block,V-O,O,VO2_1273390_POSCAR,-0.0728181894963851,4.3976168994,-0.12665298036078,-0.0538347908643948,4.0943329753,7.4304561404,35,local_max_drop,mp-1273390,VO2,Monoclinic,P2_1,4,0.108307110416651,-2.414161066250001,False,1.4885000000000002,False,3.930529852363094,24,280.319679084067,11.67998662850279,139.28796410175005,0.49688971019397477,49.68897101939748
d-block,V-O,O,VO2_1289705_POSCAR,-0.0725449165563999,4.3632718134,-0.12605053218895,-0.05350561563255,4.0623565159,7.3724247882,35,local_max_drop,mp-1289705,VO2,Triclinic,P1,1,0.11369570041665,-2.408772476250001,False,1.246,False,3.921268371270814,24,280.98175421286953,11.707573092202898,139.28796410175005,0.4957188928225802,49.57188928225802
d-block,V-O,O,VO2_1342978_POSCAR,-0.0721801190295665,7.5712968,-0.11731623959492,-0.0451361205653534,7.0491384,12.7928808,35,local_max_drop,mp-1342978,VO2,Orthorhombic,Pmmn,59,0.199659007499985,-2.322809169166667,False,0.842,False,3.355777675326844,24,328.33071000654974,13.680446250272906,139.28796410175005,0.42423069136289887,42.42306913628989
d-block,V-O,O,VO2_1446045_POSCAR,-0.0713925676438756,15.6087657,-0.11609212261897,-0.0446995549750943,14.5322991,26.3734317,35,local_max_drop,mp-1446045,VO2,Monoclinic,P2_1/m,11,0.179299856249985,-2.343168320416668,False,1.0737,False,3.325204356312204,24,331.34951984112587,13.806229993380244,139.28796410175005,0.4203656735900365,42.036567359003655
d-block,V-O,O,V3O7_622640_POSCAR,-0.0713924625383806,17.6269217463,-0.16120238445694,-0.0898099219185594,15.9210906095,27.8619085667,35,local_max_drop,mp-622640,V3O7,Monoclinic,C2/c,15,0.020618242333334,-2.338437482666667,False,1.1152,False,3.415487924570939,60,772.5006742564105,12.875011237606843,320.62348180122905,0.41504621612123904,41.504621612123906
d-block,V-O,O,VO2_2214803_POSCAR,-0.0711979664893988,7.6060969341,-0.11576141267518,-0.0445634461857811,7.0815385248,12.8516810265,35,local_max_drop,mp-2214803,VO2,Orthorhombic,Cmcm,63,0.186480459999984,-2.335987716666668,False,0.9444999999999992,False,3.311156896469878,24,332.75525822483263,13.864802426034693,139.28796410175005,0.41858982137447515,41.85898213744751
d-block,V-O,O,V6O13_1196958_POSCAR,-0.0708787477345246,5.6293065,-0.14026491114371,-0.0693861634091853,5.2540194,9.19453395,35,local_max_drop,mp-1196958,V6O13,Monoclinic,Pc,7,0.044938685263158,-2.391522937894737,False,0.0332,False,3.692359329479942,38,461.99256492751226,12.157699077039796,211.34046701005548,0.45745426020701285,45.74542602070129
d-block,V-O,O,VO2_1190609_POSCAR,-0.0703562128297943,4.266147375,-0.12198255760995,-0.0516263447801556,3.98173755,6.9680407125,35,local_max_drop,mp-1190609,VO2,Orthorhombic,Pnma,62,0.079501192499986,-2.442966984166666,False,0.0,True,4.17077375663043,24,264.17277248147275,11.007198853394698,139.28796410175005,0.527260863386361,52.7260863386361
d-block,V-O,O,VO2_1021522_POSCAR,-0.0701900637704328,7.46814235,-0.12787815273364,-0.0576880889632071,6.95309805,12.61858535,35,local_max_drop,mp-1021522,VO2,Monoclinic,P2_1/c,14,0.075412552916651,-2.447055623750001,False,0.9877,False,4.231962906701165,24,260.35314841276454,10.848047850531856,139.28796410175005,0.5349962731425185,53.49962731425185
d-block,V-O,O,V6O13_714921_POSCAR,-0.0699652087452554,5.6148014998,-0.14098183061984,-0.0710166218745845,5.2404813998,9.1708424497,35,local_max_drop,mp-714921,V6O13,Monoclinic,P2_1/m,11,0.043115810263158,-2.393345812894737,False,0.0,True,3.704669799274019,38,460.45738193028825,12.11729952448127,211.34046701005548,0.4589794306784547,45.89794306784547
d-block,V-O,O,V6O13_870306_POSCAR,-0.0699508206903226,5.6148015,-0.14095767459749,-0.0710068539071673,5.2404814,9.17084245,35,local_max_drop,mp-870306,V6O13,Monoclinic,P2_1/m,11,0.043009163421054,-2.393452459736842,False,0.0,True,3.704669984714896,38,460.45735909854443,12.117298923645906,211.34046701005548,0.45897945343691554,45.89794534369155
d-block,V-O,O,V6O13_1201338_POSCAR,-0.0696994201391735,5.632647,-0.13944268561982,-0.0697432654806464,5.2571372,9.1999901,35,local_max_drop,mp-1201338,V6O13,Monoclinic,P2_1/c,14,0.04423242368421,-2.392229199473685,False,0.177299999999999,False,3.705155785080282,38,460.39698629435696,12.115710165640973,211.34046701005548,0.45903964035710254,45.90396403571025
d-block,V-O,O,VO2_1094031_POSCAR,-0.0693818850109883,7.6501836,-0.12510823749338,-0.0557263524823916,7.14017136,12.49529988,35,local_max_drop,mp-1094031,VO2,Orthorhombic,Pbca,61,0.011895987083319,-2.510572189583333,False,0.8860999999999991,False,4.484660840777928,24,245.6829860140295,10.236791083917895,139.28796410175005,0.5669418398138328,56.69418398138328
d-block,V-O,O,V6O13_18896_POSCAR,-0.067880848801902,5.686113434,-0.14104857639744,-0.073167727595538,5.319267406,8.987727686,35,local_max_drop,mp-18896,V6O13,Monoclinic,C2/m,12,0.044744244473685,-2.39171737868421,False,0.5218,False,3.927264190918772,38,434.3590027161176,11.430500071476779,211.34046701005548,0.48655712368918136,48.65571236891814
d-block,V-O,O,V4O7_715457_POSCAR,-0.066425154401124,8.1710090851,-0.12247302102652,-0.0560478666253959,7.6074912171,13.8061877644,35,local_max_drop,mp-715457,V4O7,Triclinic,P-1,2,0.215317125568182,-2.312641740454546,False,0.357799999999999,False,3.9331757941373793,22,266.62159642569,12.119163473894998,136.87944324431953,0.5133846810585322,51.33846810585322
d-block,V-O,O,VO3_1208572_POSCAR,-0.0663795659915017,17.5870305,-0.13955079921091,-0.0731712332194082,16.4145618,28.72548315,35,local_max_drop,mp-1208572,VO3,Tetragonal,P4_2/ncm,138,0.990098839999999,-1.01279525,False,0.9803,False,2.229901106965233,64,1178.8378350914593,18.41934117330405,297.8440950629441,0.2526590903318234,25.26590903318234
d-block,V-O,O,V3O5_1274098_POSCAR,-0.062984800617009,7.5084102141,-0.11140928082292,-0.0484244802059109,6.731678123,12.6866241548,35,local_max_drop,mp-1274098,V3O5,Monoclinic,C2,5,0.030766734531251,-2.49925114,False,0.2384,False,4.444691250883221,16,173.96447803276115,10.872779877047572,102.05745221888209,0.5866568472654661,58.66568472654661
d-block,V-O,O,V4O7_715493_POSCAR,-0.0626521839720679,8.1819988875,-0.11836465676034,-0.055712472788272,7.3355852095,13.8247567409,35,local_max_drop,mp-715493,V4O7,Triclinic,P-1,2,0.213021032840908,-2.314937833181819,False,1.0157,False,4.020495502185292,22,260.83093685083503,11.855951675037955,136.87944324431953,0.5247822397793198,52.47822397793198
d-block,V-O,O,V6O13_715617_POSCAR,-0.0622246807054889,17.60266248,-0.13551756513186,-0.073292884426371,16.429151648,28.751015384,35,local_max_drop,mp-715617,V6O13,Orthorhombic,Cmcm,63,0.062673492894736,-2.373788130263159,False,0.0,True,3.730225802132954,38,457.3027608709901,12.034283180815528,211.34046701005548,0.4621456179436381,46.21456179436381
d-block,V-O,O,V3O5_714911_POSCAR,-0.0621396103100714,7.5338142985,-0.11053610539819,-0.0483964950881185,6.7544541986,12.7295482974,35,local_max_drop,mp-714911,V3O5,Monoclinic,Cc,9,0.010327505781251,-2.51969036875,False,0.9771,False,4.442145998010743,16,174.06415560344527,10.87900972521533,102.05745221888209,0.5863208991252077,58.63208991252077
d-block,V-O,O,V3O5_1272338_POSCAR,-0.0620905044825767,7.5237614275,-0.11059039357055,-0.0484998890879732,6.7454412798,12.7125624119,35,local_max_drop,mp-1272338,V3O5,Triclinic,P-1,2,0.007672148906252,-2.522345725624999,False,1.311799999999999,False,4.442525027641124,16,174.04930455065738,10.878081534416086,102.05745221888209,0.5863709279526484,58.63709279526484
d-block,V-O,O,V4O7_2506981_POSCAR,-0.058520239808415,9.0225809554,-0.10579609274781,-0.0472758529393949,8.0892105118,15.2450505799,35,local_max_drop,mp-2506981,V4O7,Triclinic,P-1,2,0.177349116477273,-2.350609749545454,False,0.947299999999999,False,3.478977717579876,22,301.4303897912991,13.701381354149959,136.87944324431953,0.4540996789974977,45.40996789974977
d-block,V-O,O,V12O29_773019_POSCAR,-0.0581239988082519,21.7277517957,-0.12398248700271,-0.065858488194458,19.6250661381,34.3438657416,35,local_max_drop,mp-773019,V12O29,Monoclinic,C2/m,12,0.039493907195124,-2.283690791829268,False,0.5418000000000001,False,3.389066067264447,41,526.8547166786533,12.850115040942763,214.95324829620125,0.4079934021494366,40.799340214943655
d-block,V-O,O,V9O20_1100929_POSCAR,-0.0578935528731422,8.923905659,-0.11722272223277,-0.0593291693596277,8.0007430047,15.0783233549,35,local_max_drop,mp-1100929,V9O20,Triclinic,P1,1,0.846564473448276,-1.5632054606896562,False,1.2888,False,3.477591384831655,29,371.71294405368104,12.817687725989002,159.1074804718992,0.42803857927778177,42.803857927778175
d-block,V-O,O,V3O8_796383_POSCAR,-0.0576286450752302,5.7092204,-0.11556418076951,-0.0579355356942798,5.3408836,9.0242516,35,local_max_drop,mp-796383,V3O8,Orthorhombic,Pnma,62,0.12811698181818,-2.056858389090909,False,0.6103000000000001,False,3.070832851903326,44,607.4079639103353,13.804726452507621,218.56602958234703,0.35983398731764316,35.98339873176432
d-block,V-O,O,V4O7_1178988_POSCAR,-0.0571187550122598,9.7333964126,-0.11343656537755,-0.0563178103652901,8.7264933354,16.4460835937,35,local_max_drop,mp-1178988,V4O7,Triclinic,P-1,2,0.189510336931817,-2.33844852909091,False,1.037999999999999,False,3.8779611446387774,22,270.41777099724544,12.291716863511157,136.87944324431953,0.5061776921669613,50.61776921669613
d-block,V-O,O,V2O3_715514_POSCAR,-0.0530891820643736,7.1428594205,-0.086785069368852,-0.0336958873044783,6.6326551762,12.500003986,35,local_max_drop,mp-715514,V2O3,Monoclinic,C2/c,15,0.019436027250002,-2.515111666,False,0.0,True,4.635027441819093,10,107.39249811862632,10.739249811862631,67.23546119344452,0.6260722338275051,62.60722338275051
d-block,V-O,O,V2O3_796380_POSCAR,-0.0156082497563143,10.5483839881,-0.20284059056455,-0.1872323408082356,12.1111075419,19.1433635339,35,local_max_drop,mp-796380,V2O3,Triclinic,P-1,2,2.913870370750001,0.3793226775,False,0.0,True,4.537620887630232,40,438.7913296037252,10.96978324009313,268.9418447737779,0.6129151298788441,61.29151298788441
d-block,V-S,S,V3S_555283_POSCAR,-0.4423245653306554,6.944090685,-0.64932503160664,-0.2070004662759846,6.481151306,11.3420147855,35,local_max_drop,mp-555283,V3S,Tetragonal,P4_2/nbc,133,0.0,-0.6714042128125001,True,0.0,True,6.147883712000475,32,399.50819128846524,12.484630977764539,398.85177781344413,0.9983569461419449,99.8356946141945
d-block,V-S,S,V7S8_1100925_POSCAR,-0.2352500171081995,9.2597243455,-0.44756420086826,-0.2123141837600604,8.6211226665,15.6457411355,35,local_max_drop,mp-1100925,V7S8,Trigonal,P3_121,152,0.117307964333328,-1.173721176,False,0.0,True,4.79598108432097,45,636.8419216295601,14.152042702879115,431.42912602063285,0.6774508890945588,67.74508890945587
d-block,V-S,S,V3S_7945_POSCAR,-0.2206463873096055,6.4327312997,-0.32463850051375,-0.1039921132041444,6.0038825463,10.5067944561,35,local_max_drop,mp-7945,V3S,Tetragonal,I-42m,121,0.012825134375001,-0.6585790784374981,False,0.0,True,6.122752172541642,16,200.574009543309,12.535875596456812,199.4258889067221,0.9942758254711013,99.42758254711012
d-block,V-S,S,V5S4_1133_POSCAR,-0.1308734671489979,4.7545684188,-0.21395818274357,-0.0830847155945721,4.4375971909,7.765795084,35,local_max_drop,mp-1133,V5S4,Tetragonal,I4/m,87,0.0,-1.1369394277777771,True,0.0,True,5.01973428414145,18,253.37297082498472,14.076276156943596,188.81713263940895,0.745214187703679,74.5214187703679
d-block,V-S,S,V7S8_1207843_POSCAR,-0.0784669388564986,9.254796941,-0.14889234618017,-0.0704254073236713,8.616535083,15.637415521,35,local_max_drop,mp-1207843,V7S8,Trigonal,P-3m1,164,0.124180541666661,-1.166848598666666,False,0.0,True,4.770096119742724,15,213.43258331197654,14.228838887465104,143.80970867354432,0.673794537094349,67.3794537094349
d-block,V-S,S,V7S8_1216463_POSCAR,-0.0783090267218318,7.5105322784,-0.14884681022374,-0.0705377835019081,6.9925645351,12.6902097118,35,local_max_drop,mp-1216463,V7S8,Monoclinic,C2/m,12,0.118456942999995,-1.172572197333333,False,0.0,True,4.778354221725124,15,213.06372234438356,14.204248156292238,143.80970867354432,0.6749610261717799,67.49610261717798
d-block,V-S,S,V11S16_1100973_POSCAR,-0.0732435221203235,14.4513424896,-0.15248757918693,-0.0792440570666064,13.45469818,24.4177855859,35,local_max_drop,mp-1100973,V11S16,Triclinic,P1,1,0.363324368888884,-0.959058475185184,False,0.0,True,3.264395640503168,27,546.0174011386266,20.222866708838023,242.61199338122387,0.44433014932362547,44.433014932362546
d-block,V-S,S,V3S4_799_POSCAR,-0.0568080103591953,13.163230384,-0.11245349415776,-0.0556454837985646,12.709325888,22.241320304,35,local_max_drop,mp-799,V3S4,Hexagonal,P6_3/m,176,0.056969857857135,-1.300097730714278,False,0.0,True,4.029684720166832,14,231.65673045157808,16.546909317969863,128.80723401825614,0.5560262970437632,55.60262970437632
d-block,Y-O,O,Y2O3_1244949_POSCAR,-0.6326966991093348,16.5300169137,-0.91676023835272,-0.2840635392433852,14.2500145808,27.9300285784,35,local_max_drop,mp-1244949,Y2O3,Triclinic,P1,1,0.225957483349999,-3.7279144394,False,3.0469,False,4.724422757644054,100,1587.352274681768,15.87352274681768,1221.4921063081138,0.7695154539990174,76.95154539990175
d-block,Y-O,O,Y2O3_1245291_POSCAR,-0.6310032613215899,17.1299577322,-0.91433370167584,-0.2833304403542502,14.7672049415,28.9437216854,35,local_max_drop,mp-1245291,Y2O3,Triclinic,P1,1,0.261143806749997,-3.692728116,False,2.9366000000000003,False,4.718233851405909,100,1589.4344056020886,15.894344056020886,1221.4921063081138,0.768507402383431,76.85074023834309
d-block,Y-O,O,Y2O3_1245017_POSCAR,-0.6182789192630584,16.8067582914,-0.89582933175862,-0.2775504124955615,14.488584734,28.3976260786,35,local_max_drop,mp-1245017,Y2O3,Triclinic,P1,1,0.239832037049998,-3.7140398857,False,2.8211,False,4.6489365988935525,100,1613.1265823749268,16.131265823749267,1221.4921063081138,0.7572202452393855,75.72202452393854
d-block,Y-O,O,Y2O3_1244888_POSCAR,-0.6139155154018424,17.852076048,-0.89745771718967,-0.2835422017878276,15.3897207311,30.1638526329,35,local_max_drop,mp-1244888,Y2O3,Triclinic,P1,1,0.242411736649998,-3.7114601861,False,2.9084000000000003,False,4.704693597244767,100,1594.0088463893508,15.940088463893508,1221.4921063081138,0.7663019619213289,76.6301961921329
d-block,Y-O,O,Y2O3_775906_POSCAR,-0.2860015767591571,8.369639221,-0.4138984894324,-0.1278969126732428,7.215206225,14.141804201,35,local_max_drop,mp-775906,Y2O3,Orthorhombic,Pbca,61,0.058289611500001,-3.8955823112499983,False,4.5568,False,5.24683428475605,40,571.7217510214897,14.293043775537242,488.59684252324365,0.8546060065937188,85.46060065937188
d-block,Y-O,O,Y2O3_2652_POSCAR,-0.2750097976059873,12.5588150709,-0.39547654185071,-0.1204667442447226,10.8265647163,21.2200668439,35,local_max_drop,mp-2652,Y2O3,Cubic,Ia-3,206,0.0,-3.953871922749999,True,4.097300000000001,False,5.026122832858722,40,596.8276912015826,14.920692280039566,488.59684252324365,0.8186564560025026,81.86564560025026
d-block,Y-O,O,Y2O3_775907_POSCAR,-0.2293011553807831,20.5237026126,-0.32496175412821,-0.0956605987474269,17.6928470798,34.6779802764,35,local_max_drop,mp-775907,Y2O3,Monoclinic,P2_1/m,11,0.041838798249999,-3.912033124499999,False,3.7011,False,5.363418063602864,30,419.4707437387364,13.982358124624547,366.44763189243275,0.8735952086343151,87.3595208634315
d-block,Y-O,O,Y2O3_1178770_POSCAR,-0.168858029500857,8.74321435,-0.23724633517101,-0.068388305670153,7.53725375,14.77301735,35,local_max_drop,mp-1178770,Y2O3,Orthorhombic,Pnma,62,0.123080430249999,-3.8307914925,False,3.0358,False,5.707503612868075,20,262.78820725029044,13.139410362514521,244.29842126162185,0.9296399705978505,92.96399705978506
d-block,Y-O,O,Y2O3_777514_POSCAR,-0.152938567092309,4.95915515,-0.21744094285905,-0.064502375766741,4.27513375,8.37926215,35,local_max_drop,mp-777514,Y2O3,Monoclinic,P2_1/m,11,0.090226317249998,-3.8636456055,False,2.8013999999999992,False,5.312041951899708,20,282.35180671168285,14.117590335584143,244.29842126162185,0.8652270516939942,86.52270516939942
d-block,Y-O,O,Y2O3_558573_POSCAR,-0.1165153187940653,5.0578934945,-0.16639755424903,-0.0498822354549646,4.3602530125,8.5460959045,35,local_max_drop,mp-558573,Y2O3,Monoclinic,C2/m,12,0.03422779625,-3.919644126499997,False,3.9557,False,5.457599847821435,15,206.11596901550158,13.741064601033438,183.2238159462164,0.8889355677843501,88.89355677843501
d-block,Y-O,O,Y2O3_754759_POSCAR,-0.0699049246792967,7.2609969133,-0.10080957743736,-0.0309046527580632,6.2594800977,12.2685809915,35,local_max_drop,mp-754759,Y2O3,Trigonal,R-3c,167,0.04944110725,-3.904430815499997,False,4.4468,False,5.155299927103416,10,145.46822353397533,14.546822353397534,122.14921063081103,0.8396968606843682,83.96968606843683
d-block,Y-O,O,Y2O3_673247_POSCAR,-0.0677406436488581,7.67443675,-0.099866144207217,-0.0321255005583588,6.61589375,12.96715175,35,local_max_drop,mp-673247,Y2O3,Cubic,Pn-3m,224,0.492873679749999,-3.460998242999999,False,0.0,True,5.058089909619062,10,148.26393649585364,14.826393649585365,122.14921063081103,0.8238632638371035,82.38632638371035
d-block,Y-S,S,Y2S3_32891_POSCAR,-0.2155435175171478,11.1465844451,-0.38910549488486,-0.1735619773677121,9.5542152386,19.5065227788,35,local_max_drop,mp-32891,Y2S3,Tetragonal,I-42d,122,0.03571585675,-2.346931513937499,False,1.901899999999999,False,4.179987681547378,40,870.8137232444473,21.770343081111182,576.0717504936575,0.6615326965075259,66.15326965075259
d-block,Y-S,S,Y2S3_541289_POSCAR,-0.12270453870738,5.646972128,-0.24100868943437,-0.11830415072699,4.840261824,9.882201224,35,local_max_drop,mp-541289,Y2S3,Monoclinic,P2_1/m,11,0.0,-2.382647370687501,True,1.5992000000000002,False,3.8050672458027313,30,717.4624793760122,23.915415979200407,432.0538128702431,0.602197083875392,60.21970838753919
d-block,Y-S,S,Y2S3_1188645_POSCAR,-0.0994782563188775,5.41709203,-0.18789930207713,-0.0884210457582524,4.64322174,9.4799110525,35,local_max_drop,mp-1188645,Y2S3,Orthorhombic,Pnma,62,0.008065812999999,-2.3745815576875,False,0.6665000000000001,False,4.210834171069141,20,432.2172865284038,21.61086432642019,288.03587524682877,0.6664145193274218,66.64145193274219
d-block,Zn-O,O,ZnO_1245109_POSCAR,-0.2045787050979867,12.9011916602,-0.5343376106218,-0.3297589055238132,11.9087923017,24.3137842826,35,local_max_drop,mp-1245109,ZnO,Triclinic,P1,1,0.247046137374999,-1.543852975125,False,1.2176,False,5.110085339072356,80,1058.1571111851138,13.226963889813922,352.41866977984864,0.33304947446334043,33.30494744633404
d-block,Zn-O,O,ZnO_1245255_POSCAR,-0.2042195388612414,13.8219035068,-0.52226286195939,-0.3180433230981485,12.7586801601,26.0489719935,35,local_max_drop,mp-1245255,ZnO,Triclinic,P1,1,0.388355666874999,-1.402543445624999,False,0.93,False,4.982001878640084,80,1085.361523064469,13.567019038305864,352.41866977984864,0.32470164299247545,32.47016429924754
d-block,Zn-O,O,ZnO_1245209_POSCAR,-0.2038882237641298,13.0968704848,-0.52107384334227,-0.3171856195781402,12.0894189091,24.682563606,35,local_max_drop,mp-1245209,ZnO,Triclinic,P1,1,0.244845913874999,-1.546053198625,False,1.2421,False,4.98360330117961,80,1085.0127535804775,13.562659419755969,352.41866977984864,0.32480601598173664,32.48060159817366
d-block,Zn-O,O,ZnO_1245015_POSCAR,-0.1936192320138089,13.5101599385,-0.50671941126993,-0.3131001792561211,12.4709168664,25.4614552688,35,local_max_drop,mp-1245015,ZnO,Triclinic,P1,1,0.248949745874999,-1.541949366625,False,1.2763,False,4.835097081422673,80,1118.3380703947062,13.979225879933827,352.41866977984864,0.3151271329388492,31.51271329388492
d-block,Zn-O,O,ZnO_997630_POSCAR,-0.1136383585203062,3.8193468875,-0.26250185075305,-0.1488634922327437,3.5137991365,7.4859198995,35,local_max_drop,mp-997630,ZnO,Hexagonal,P6_3/mmc,194,0.173243653333332,-1.617655459166667,False,0.5425999999999991,False,6.597744974458736,24,245.86914945500462,10.244547893958526,105.72560093395475,0.43000759212087775,43.00075921208777
d-block,Zn-S,S,ZnS_647075_POSCAR,-0.2049524028841517,5.011672445,-0.72184295674328,-0.5168905538591283,4.8189158125,9.4450749925,35,local_max_drop,mp-647075,ZnS,Trigonal,P3m1,156,0.000859523716517,-0.961838825904019,False,1.9988,False,3.994435334097854,128,2593.357949425802,20.260608979889078,797.1362929021952,0.30737611561824313,30.737611561824313
d-block,Zn-S,S,ZnS_1245068_POSCAR,-0.1523228934457873,15.4192950983,-0.55540357886955,-0.4030806854237627,14.2331954754,29.0594407622,35,local_max_drop,mp-1245068,ZnS,Triclinic,P1,1,0.474199691757142,-0.488498657863392,False,0.8571000000000001,False,3.507317748357403,100,2307.4525405369013,23.074525405369013,622.7627288298398,0.2698918906843191,26.989189068431912
d-block,Zn-S,S,ZnS_1245216_POSCAR,-0.1503653637721468,15.3900402422,-0.55576951137783,-0.4054041476056831,14.2061909928,29.0043066102,35,local_max_drop,mp-1245216,ZnS,Triclinic,P1,1,0.467484143157143,-0.495214206463392,False,0.8635,False,3.538992880607663,100,2286.800092324674,22.86800092324674,622.7627288298398,0.27232932643306085,27.232932643306086
d-block,Zn-S,S,ZnS_1245246_POSCAR,-0.1476936661459279,17.7828643756,-0.54146048354912,-0.3937668174031921,16.4149517313,33.5138597847,35,local_max_drop,mp-1245246,ZnS,Triclinic,P1,1,0.421624679257144,-0.541073670363391,False,1.0438,False,3.478154276570149,100,2326.799965058609,23.267999650586088,622.7627288298398,0.26764773000766023,26.764773000766024
d-block,Zn-S,S,ZnS_1245050_POSCAR,-0.1467412922174904,16.411964237,-0.54638503291512,-0.3996437406976295,15.1495054496,30.9302402929,35,local_max_drop,mp-1245050,ZnS,Triclinic,P1,1,0.484879444057144,-0.477818905563392,False,0.8749,False,3.4851246261333597,100,2322.146297803609,23.221462978036087,622.7627288298398,0.26818410597940234,26.818410597940236
d-block,Zn-S,S,ZnS_1244936_POSCAR,-0.1434062367677546,17.844837669,-0.5396856994853,-0.3962794627175454,17.1584977587,33.630655607,35,local_max_drop,mp-1244936,ZnS,Triclinic,P1,1,0.443013042157144,-0.519685307463391,False,1.2177,False,3.431013214059465,100,2358.76947924725,23.587694792472497,622.7627288298398,0.2640201742090461,26.40201742090461
d-block,Zn-S,S,ZnS_1245082_POSCAR,-0.1428099968719284,17.3601221162,-0.53254102354833,-0.3897310266764016,16.0247281072,32.717153219,35,local_max_drop,mp-1245082,ZnS,Triclinic,P1,1,0.473347185157143,-0.489351164463391,False,0.8792000000000001,False,3.360750598166495,100,2408.083854196136,24.080838541961363,622.7627288298398,0.25861338995511424,25.861338995511424
d-block,Zn-S,S,ZnS_1245213_POSCAR,-0.1411229611522002,17.2625306756,-0.53634565718357,-0.3952226960313698,15.9346437005,32.5332308886,35,local_max_drop,mp-1245213,ZnS,Triclinic,P1,1,0.413130414857143,-0.549567934763392,False,0.8508000000000001,False,3.432845560415247,100,2357.510441977795,23.57510441977795,622.7627288298398,0.26416117517061055,26.416117517061053
d-block,Zn-S,S,ZnS_680087_POSCAR,-0.1396983485060854,5.009476758,-0.49535399665493,-0.3556556481488445,4.816804575,9.440936967,35,local_max_drop,mp-680087,ZnS,Trigonal,P3m1,156,0.00058276478896,-0.962115584831574,False,2.0198,False,3.99853057589585,88,1781.1075381330422,20.23985838787548,548.0312013702589,0.30769124807854414,30.769124807854414
d-block,Zn-S,S,ZnS_1245035_POSCAR,-0.1393947800135228,17.097199718,-0.52858079780035,-0.3891860177868272,15.782030509,32.2216456225,35,local_max_drop,mp-1245035,ZnS,Triclinic,P1,1,0.437000523257143,-0.525697826363392,False,1.2791,False,3.342041642172807,100,2421.56445735612,24.2156445735612,622.7627288298398,0.25717371550364443,25.717371550364444
d-block,Zn-S,S,ZnS_680085_POSCAR,-0.1393684981909497,5.009197154,-0.4950037662467,-0.3556352680557502,4.816535725,9.440410021,35,local_max_drop,mp-680085,ZnS,Trigonal,P3m1,156,0.000461534902598,-0.9622368147179372,False,2.0155,False,3.999541079378795,88,1780.657533394444,20.234744697664137,548.0312013702589,0.3077690072866253,30.776900728662532
d-block,Zn-S,S,ZnS_1245220_POSCAR,-0.136203670702452,17.6545334396,-0.53281019274887,-0.3966065220464179,16.2964924058,33.2720053285,35,local_max_drop,mp-1245220,ZnS,Triclinic,P1,1,0.438002157657143,-0.524696191963391,False,1.0574,False,3.375122418503077,100,2397.8298406436934,23.978298406436934,622.7627288298398,0.259719317139977,25.971931713997698
d-block,Zn-S,S,ZnS_1245004_POSCAR,-0.13596637434747,17.0094096785,-0.53302238106038,-0.39705600671291,15.7009935494,32.0561951633,35,local_max_drop,mp-1245004,ZnS,Triclinic,P1,1,0.450240745157143,-0.5124576044633921,False,0.8065000000000001,False,3.461028215789759,100,2338.3135711460345,23.383135711460344,622.7627288298398,0.2663298611933457,26.632986119334568
d-block,Zn-S,S,ZnS_1244974_POSCAR,-0.1327707674147202,16.0448344942,-0.54646394795689,-0.4136931805421698,14.8106164562,30.2383419314,35,local_max_drop,mp-1244974,ZnS,Triclinic,P1,1,0.465639733257143,-0.497058616363392,False,0.9256,False,3.551954055814996,100,2278.455498029936,22.784554980299358,622.7627288298398,0.2733267028337007,27.33267028337007
d-block,Zn-S,S,ZnS_1245194_POSCAR,-0.1327294354603445,17.5852552674,-0.48187435868562,-0.3491449232252755,16.2826437661,31.9139817815,35,local_max_drop,mp-1245194,ZnS,Triclinic,P1,1,0.399770125357143,-0.5629282242633911,False,1.2387,False,3.202557748065416,100,2527.033041709906,25.270330417099057,622.7627288298398,0.24644027939122243,24.644027939122243
d-block,Zn-S,S,ZnS_1244986_POSCAR,-0.1313655487770185,16.6725729334,-0.51678586414087,-0.3854203153638514,16.0313201283,31.4213874515,35,local_max_drop,mp-1244986,ZnS,Triclinic,P1,1,0.425995372957142,-0.5367029766633921,False,1.4278,False,3.256978307152291,100,2484.809072781902,24.84809072781902,622.7627288298398,0.25062800021597526,25.062800021597525
d-block,Zn-S,S,ZnS_1245062_POSCAR,-0.1287854672425755,17.2367539503,-0.52793731128044,-0.3991518440378644,15.9108498003,32.4846516755,35,local_max_drop,mp-1245062,ZnS,Triclinic,P1,1,0.457765148657143,-0.504933200963391,False,1.2026,False,3.411736314281427,100,2372.0969335882646,23.720969335882646,622.7627288298398,0.2625367960354758,26.25367960354758
d-block,Zn-S,S,ZnS_1245201_POSCAR,-0.1281876376735423,17.6534395846,-0.52514122686922,-0.3969535891956777,16.9744611391,33.2699438326,35,local_max_drop,mp-1245201,ZnS,Triclinic,P1,1,0.447909271157143,-0.5147890784633921,False,0.8819999999999991,False,3.4318423868861743,100,2358.199571996786,23.581995719967857,622.7627288298398,0.26408398009440764,26.408398009440763
d-block,Zn-S,S,ZnS_1244921_POSCAR,-0.1280230943298185,16.83518795,-0.53019519392799,-0.4021720995981714,16.1876807211,31.7278542134,35,local_max_drop,mp-1244921,ZnS,Triclinic,P1,1,0.441077763257142,-0.521620586363392,False,1.0285,False,3.377444849883982,100,2396.181021051935,23.961810210519353,622.7627288298398,0.25989803080755725,25.989803080755724
d-block,Zn-S,S,ZnS_581405_POSCAR,-0.1268940577091036,5.009250207,-0.4503367553291,-0.3234426976199964,4.8165867375,9.4405100055,35,local_max_drop,mp-581405,ZnS,Trigonal,P3m1,156,0.000764768732143,-0.9619335808883932,False,1.8885,False,3.998964907527228,80,1619.0128091164524,20.237660113955656,498.2101830638717,0.3077246704031706,30.772467040317057
d-block,Zn-S,S,ZnS_1245238_POSCAR,-0.1267890515210373,18.351169521,-0.50965030721452,-0.3828612556934826,16.9395410963,34.584896405,35,local_max_drop,mp-1245238,ZnS,Triclinic,P1,1,0.460099743157144,-0.502598606463392,False,1.2996,False,3.344412060118927,100,2419.848124513998,24.198481245139977,622.7627288298398,0.25735612186608425,25.735612186608424
d-block,Zn-S,S,ZnS_1245169_POSCAR,-0.1264416051921975,16.6457018109,-0.53848603362426,-0.4120444284320624,16.0054825105,31.3707457206,35,local_max_drop,mp-1245169,ZnS,Triclinic,P1,1,0.451604389657143,-0.511093959963392,False,0.9117999999999992,False,3.406059766791562,100,2376.0502760601303,23.7605027606013,622.7627288298398,0.26209997957723336,26.209997957723335
d-block,Zn-S,S,ZnS_1244979_POSCAR,-0.1262786956991033,16.8201620963,-0.53531539081421,-0.4090366951151066,16.1732327849,31.6995362585,35,local_max_drop,mp-1244979,ZnS,Triclinic,P1,1,0.481934994057143,-0.480763355563392,False,0.8320999999999991,False,3.421671622698515,100,2365.2092129787247,23.65209212978725,622.7627288298398,0.26330132886872093,26.330132886872093
d-block,Zn-S,S,ZnS_1244989_POSCAR,-0.1255313864029934,16.9658265282,-0.53825471659616,-0.4127233301931665,16.3132947387,31.9740576878,35,local_max_drop,mp-1244989,ZnS,Triclinic,P1,1,0.403431638157144,-0.559266711463392,False,0.9544999999999992,False,3.521333357741026,100,2298.2684196379846,22.982684196379846,622.7627288298398,0.27097040689787455,27.097040689787455
d-block,Zn-S,S,ZnS_1244980_POSCAR,-0.125520559607536,17.5746797272,-0.49842556111808,-0.372905001510544,16.898730507,33.1215117936,35,local_max_drop,mp-1244980,ZnS,Triclinic,P1,1,0.344526581857143,-0.618171767763392,False,1.4016,False,3.337210721784858,100,2425.0698934331213,24.25069893433121,622.7627288298398,0.2568019711581209,25.680197115812092
d-block,Zn-S,S,ZnS_1245222_POSCAR,-0.1253689966137716,17.8688730748,-0.52331172112736,-0.3979427245135883,17.1816087258,33.6759531026,35,local_max_drop,mp-1245222,ZnS,Triclinic,P1,1,0.460168356557144,-0.5025299930633921,False,0.476,False,3.346384158474641,100,2418.422053612143,24.18422053612143,622.7627288298398,0.2575078770472195,25.75078770472195
d-block,Zn-S,S,ZnS_1245070_POSCAR,-0.1240465133499296,17.7208270685,-0.50247186678623,-0.3784253534363004,17.0392567966,33.3969433214,35,local_max_drop,mp-1245070,ZnS,Triclinic,P1,1,0.404888341257143,-0.557810008363392,False,1.3621,False,3.323627900364432,100,2434.9805373025824,24.349805373025823,622.7627288298398,0.25575675833521144,25.575675833521146
d-block,Zn-S,S,ZnS_1245280_POSCAR,-0.1235326099253225,18.08575346,-0.5290889943367,-0.4055563844113774,17.3901475577,34.0846892131,35,local_max_drop,mp-1245280,ZnS,Triclinic,P1,1,0.436564518657142,-0.5261338309633921,False,1.1832,False,3.454425136190244,100,2342.7832209882467,23.427832209882467,622.7627288298398,0.2658217470787341,26.582174707873413
d-block,Zn-S,S,ZnS_1245199_POSCAR,-0.1234085763504462,16.1361221593,-0.5185998101437,-0.3951912337932538,15.5155020763,30.4103840695,35,local_max_drop,mp-1245199,ZnS,Triclinic,P1,1,0.416555033057143,-0.546143316563392,False,1.253299999999999,False,3.402578320417362,100,2378.4814004835052,23.784814004835052,622.7627288298398,0.26183207852844365,26.183207852844365
d-block,Zn-S,S,ZnS_1245054_POSCAR,-0.123205841032511,17.4140160341,-0.51127484701379,-0.3880690059812789,16.7442461866,32.8187225258,35,local_max_drop,mp-1245054,ZnS,Triclinic,P1,1,0.476190066757142,-0.486508282863392,False,0.9214,False,3.318305171842643,100,2438.8863658968967,24.388863658968965,622.7627288298398,0.2553471689119964,25.534716891199636
d-block,Zn-S,S,ZnS_1245034_POSCAR,-0.1222258541122981,17.7127583077,-0.48866718421453,-0.3664413301022318,16.3502384378,33.3817368106,35,local_max_drop,mp-1245034,ZnS,Triclinic,P1,1,0.422883730257144,-0.539814619363392,False,1.2473,False,3.265913848420675,100,2478.010635561748,24.78010635561748,622.7627288298398,0.2513155996558763,25.13155996558763
d-block,Zn-S,S,ZnS_1245310_POSCAR,-0.1219770495560666,18.0603910671,-0.51860289504585,-0.3966258454897833,17.3657606415,34.0368908573,35,local_max_drop,mp-1245310,ZnS,Triclinic,P1,1,0.445775357057142,-0.516922992563393,False,0.585,False,3.328938959102771,100,2431.0957177559217,24.310957177559217,622.7627288298398,0.2561654501225049,25.61654501225049
d-block,Zn-S,S,ZnS_1245117_POSCAR,-0.1219100220882343,17.6746810515,-0.52001148615221,-0.3981014640639757,16.9948856265,33.3099758279,35,local_max_drop,mp-1245117,ZnS,Triclinic,P1,1,0.412470070757143,-0.5502282788633921,False,0.342299999999999,False,3.396601331167333,100,2382.666807141497,23.82666807141497,622.7627288298398,0.26137214274494924,26.137214274494923
d-block,Zn-S,S,ZnS_1245122_POSCAR,-0.1216774348916531,16.5480562718,-0.52655012559866,-0.4048726907070068,15.911592569,31.1867214353,35,local_max_drop,mp-1245122,ZnS,Triclinic,P1,1,0.399689549757143,-0.563008799863391,False,1.273699999999999,False,3.442982948240086,100,2350.5690757376124,23.505690757376122,622.7627288298398,0.26494125837778915,26.494125837778913
d-block,Zn-S,S,ZnS_1245296_POSCAR,-0.1198938128065629,17.3067670932,-0.53779218153706,-0.417898368730497,16.641122205,32.6165995218,35,local_max_drop,mp-1245296,ZnS,Triclinic,P1,1,0.474134783957143,-0.488563565663391,False,0.823399999999999,False,3.427296143919131,100,2361.3276791105322,23.61327679110532,622.7627288298398,0.26373414174538573,26.373414174538574
d-block,Zn-S,S,ZnS_1244969_POSCAR,-0.1196648431356943,17.4190382722,-0.5198664434141,-0.4002016002784057,16.128739141,31.6123287163,35,local_max_drop,mp-1244969,ZnS,Triclinic,P1,1,0.427886107257142,-0.5348122423633921,False,0.1129,False,3.477614935211221,100,2327.160826897659,23.27160826897659,622.7627288298398,0.2676062271381758,26.76062271381758
d-block,Zn-S,S,ZnS_1244922_POSCAR,-0.119441405909606,18.6685380204,-0.51444683950468,-0.3950054335950739,17.9505173273,35.1830139615,35,local_max_drop,mp-1244922,ZnS,Triclinic,P1,1,0.417091351657143,-0.5456069979633921,False,0.6826000000000001,False,3.381236900669817,100,2393.493708806398,23.93493708806398,622.7627288298398,0.26018983318757205,26.018983318757204
d-block,Zn-S,S,ZnS_1244890_POSCAR,-0.1191731903249527,16.0268381479,-0.49109710325511,-0.3719239129301572,15.410421296,30.2044257402,35,local_max_drop,mp-1244890,ZnS,Triclinic,P1,1,0.448918640257144,-0.513779709363392,False,0.9376,False,3.2334152880082963,100,2502.9167389596273,25.029167389596275,622.7627288298398,0.24881480040310888,24.881480040310887
d-block,Zn-S,S,ZnS_1245121_POSCAR,-0.1187208672191121,16.4658038497,-0.50584199937325,-0.3871211321541378,15.8325037016,31.0317072551,35,local_max_drop,mp-1245121,ZnS,Triclinic,P1,1,0.409536382257144,-0.5531619673633911,False,1.0069,False,3.37080819483124,100,2400.8987704372107,24.008987704372107,622.7627288298398,0.2593873329846526,25.938733298465262
d-block,Zn-S,S,ZnS_1245236_POSCAR,-0.1183694290862434,17.6245042025,-0.5065656897787,-0.3881962606924565,16.9466386562,33.2154117662,35,local_max_drop,mp-1245236,ZnS,Triclinic,P1,1,0.429108357157144,-0.533589992463391,False,0.8346,False,3.381851496787245,100,2393.058731774456,23.93058731774456,622.7627288298398,0.26023712688742096,26.023712688742094
d-block,Zn-S,S,ZnS_1245317_POSCAR,-0.1183116602432461,16.9649738638,-0.50747718409842,-0.3891655238551738,16.312474869,31.9724507432,35,local_max_drop,mp-1245317,ZnS,Triclinic,P1,1,0.418789935957143,-0.543908413663392,False,1.170599999999999,False,3.361885434654698,100,2407.270981961596,24.072709819615962,622.7627288298398,0.25870071690989,25.870071690989
d-block,Zn-S,S,ZnS_1245319_POSCAR,-0.1181503728772367,16.5863590878,-0.52113002775114,-0.4029796548739032,15.9484221999,31.2589075117,35,local_max_drop,mp-1245319,ZnS,Triclinic,P1,1,0.435725473457143,-0.5269728761633921,False,1.4226,False,3.4200038690571,100,2366.362601973617,23.66362601973617,622.7627288298398,0.26317299314586745,26.317299314586744
d-block,Zn-S,S,ZnS_1245300_POSCAR,-0.1141320274144488,18.2549272896,-0.50692475038321,-0.3927927229687612,17.5528147015,34.403516815,35,local_max_drop,mp-1245300,ZnS,Triclinic,P1,1,0.402688916257144,-0.560009433363392,False,1.144199999999999,False,3.322576197370245,100,2435.751287955156,24.35751287955156,622.7627288298398,0.2556758286075493,25.56758286075493
d-block,Zn-S,S,ZnS_581425_POSCAR,-0.1138219736750838,5.009491266,-0.40493675809082,-0.2911147844157362,4.816818525,9.440964309,35,local_max_drop,mp-581425,ZnS,Trigonal,P3m1,156,0.000669197162697,-0.962029152457838,False,2.018399999999999,False,4.000432561751981,72,1456.5769520252832,20.2302354447956,448.3891647574844,0.30783760798495824,30.783760798495823
d-block,Zn-S,S,ZnS_1245136_POSCAR,-0.1136124040118017,18.0728018166,-0.51622833405459,-0.4026159300427883,17.3776940544,34.0602803467,35,local_max_drop,mp-1245136,ZnS,Triclinic,P1,1,0.443988527057143,-0.518709822563391,False,1.0437,False,3.402311028375854,100,2378.6682579163007,23.786682579163006,622.7627288298398,0.2618115101831713,26.181151018317127
d-block,Zn-S,S,ZnS_582680_POSCAR,-0.1135109871395122,5.007936193,-0.40476847314265,-0.2912574860031378,4.8153232625,9.4380335945,35,local_max_drop,mp-582680,ZnS,Trigonal,P3m1,156,0.000839547579365,-0.961858802041169,False,1.9845,False,4.001714459107337,72,1456.1103506684547,20.223754870395204,448.3891647574844,0.3079362526003905,30.793625260039047
d-block,Zn-S,S,ZnS_1245248_POSCAR,-0.1127807328386353,17.7317233366,-0.50262295786929,-0.3898422250306547,17.0497339775,33.417478596,35,local_max_drop,mp-1245248,ZnS,Triclinic,P1,1,0.454107809657143,-0.508590539963393,False,0.793199999999999,False,3.374466291188975,100,2398.2960706226195,23.982960706226194,622.7627288298398,0.25966882757230425,25.966882757230426
d-block,Zn-S,S,ZnS_1245316_POSCAR,-0.108444437301424,17.3769823769,-0.51251407599796,-0.4040696386965359,16.7086369009,32.7489283257,35,local_max_drop,mp-1245316,ZnS,Triclinic,P1,1,0.472086533757144,-0.490611815863392,False,0.6392,False,3.332050877034095,100,2428.8252334166345,24.288252334166344,622.7627288298398,0.25640491553762307,25.640491553762306
d-block,Zn-S,S,ZnS_554986_POSCAR,-0.1081999816029838,5.009165707,-0.38317020834357,-0.2749702267405862,4.8165054875,9.4403507555,35,local_max_drop,mp-554986,ZnS,Trigonal,P3m1,156,0.000997358298318,-0.961700991322216,False,2.0291,False,3.997283655978585,68,1376.7396971821258,20.246172017384204,423.4786556042908,0.3075952966788534,30.75952966788534
d-block,Zn-S,S,ZnS_1245197_POSCAR,-0.1076325182298814,18.002581309,-0.50805414353362,-0.4004216253037385,17.3101743356,33.9279416978,35,local_max_drop,mp-1245197,ZnS,Triclinic,P1,1,0.454991557357143,-0.507706792263392,False,0.8638,False,3.336578600438042,100,2425.529327997845,24.25529327997845,622.7627288298398,0.25675332870285256,25.675332870285256
d-block,Zn-S,S,ZnS_555666_POSCAR,-0.1064459717325883,5.1395882535,-0.36177014305682,-0.2553241713242317,4.7588780125,9.3274009045,35,local_max_drop,mp-555666,ZnS,Trigonal,P3m1,156,0.000281377745535,-0.9624169718750012,False,1.858099999999999,False,4.139642475017291,64,1251.1950858848782,19.54992321695122,398.5681464510972,0.31854996151077375,31.854996151077376
d-block,Zn-S,S,ZnS_554004_POSCAR,-0.0931919601542202,5.142769758,-0.3165184580632,-0.2233264979089797,4.76182385,9.333174746,35,local_max_drop,mp-554004,ZnS,Trigonal,P3m1,156,0.00101263142857,-0.961685718191964,False,2.0279,False,4.133526938798199,56,1096.4154462945367,19.578847255259582,348.7471281447101,0.31807936428052114,31.807936428052113
d-block,Zn-S,S,ZnS_554961_POSCAR,-0.0931260481169789,5.143001013,-0.31636491732157,-0.223238869204591,4.762037975,9.333594431,35,local_max_drop,mp-554961,ZnS,Trigonal,P3m1,156,0.000508524285713,-0.9621898253348212,False,2.018,False,4.136811019794761,56,1095.5450360160282,19.563304214571932,348.7471281447101,0.3183320782621006,31.833207826210057
d-block,Zn-S,S,ZnS_554503_POSCAR,-0.0931256993136531,5.1444914535,-0.31623675263444,-0.2231110533207868,4.7634180125,9.3362993045,35,local_max_drop,mp-554503,ZnS,Trigonal,P3m1,156,0.000512708749999,-0.962185640870535,False,2.0191,False,4.133865216379459,56,1096.3257233674094,19.57724506013231,348.7471281447101,0.3181053957883237,31.81053957883237
d-block,Zn-S,S,ZnS_555151_POSCAR,-0.0931254595304119,5.1432301755,-0.31633737048576,-0.2232119109553481,4.7622501625,9.3340103185,35,local_max_drop,mp-555151,ZnS,Trigonal,P3m1,156,0.000506215178571,-0.962192134441963,False,2.0233,False,4.136194083695638,56,1095.708442870946,19.566222194124038,348.7471281447101,0.31828460427933924,31.828460427933926
d-block,Zn-S,S,ZnS_554681_POSCAR,-0.093124835045487,5.14185435,-0.3164652270143,-0.223340391968813,4.76097625,9.33151345,35,local_max_drop,mp-554681,ZnS,Trigonal,P3m1,156,0.000200180892857,-0.9624981687276772,False,2.0164,False,4.13915088132992,56,1094.925725148063,19.5522450919297,348.7471281447101,0.31851213295545705,31.851213295545705
d-block,Zn-S,S,ZnS_555079_POSCAR,-0.0931043025467894,5.144025474,-0.31626331349592,-0.2231590109491306,4.76298655,9.335453638,35,local_max_drop,mp-555079,ZnS,Trigonal,P3m1,156,1.536946428615238e-05,-0.9626829801562492,False,2.018799999999999,False,4.136732567085231,56,1095.5658123720743,19.5636752209299,348.7471281447101,0.31832604139920817,31.832604139920818
d-block,Zn-S,S,ZnS_554820_POSCAR,-0.0931029801924768,5.141862828,-0.31645238697913,-0.2233494067866531,4.7609841,9.331528836,35,local_max_drop,mp-554820,ZnS,Trigonal,P3m1,156,0.0,-0.962698349620534,True,2.0195,False,4.141139565305906,56,1094.3999123482856,19.54285557764796,348.7471281447101,0.31866516454336447,31.86651645433645
d-block,Zn-S,S,ZnS_553880_POSCAR,-0.0864999249768275,5.142757149,-0.29387468912896,-0.2073747641521324,4.761812175,9.333151863,35,local_max_drop,mp-553880,ZnS,Trigonal,P3m1,156,0.000414319175824,-0.962284030444712,False,2.0298,False,4.136631015977919,52,1017.3360867773795,19.564155514949604,323.8366189915165,0.3183182265924876,31.83182265924876
d-block,Zn-S,S,ZnS_554253_POSCAR,-0.0864994409708601,5.1435288225,-0.29381323223776,-0.2073137912668998,4.7625266875,9.3345523075,35,local_max_drop,mp-554253,ZnS,Trigonal,P3m1,156,0.000718873791209,-0.9619794758293272,False,1.9769,False,4.135127728855325,52,1017.7059308495818,19.571267900953497,323.8366189915165,0.31820254670342485,31.820254670342486
d-block,Zn-S,S,ZnS_555311_POSCAR,-0.0864984445957356,5.1436814265,-0.29379596573077,-0.2072975211350343,4.7626679875,9.3348292555,35,local_max_drop,mp-555311,ZnS,Trigonal,P3m1,156,0.000726035714285,-0.96197231390625,False,2.0305,False,4.134737859378411,52,1017.8018915742894,19.573113299505565,323.8366189915165,0.31817254582875737,31.817254582875737
d-block,Zn-S,S,ZnS_554608_POSCAR,-0.0864772052075446,5.143341753,-0.29374923237608,-0.2072720271685353,4.762353475,9.334212811,35,local_max_drop,mp-554608,ZnS,Trigonal,P3m1,156,0.000208595906592,-0.9624897537139432,False,2.015,False,4.136003121754603,52,1017.4905312225577,19.5671256004338,323.8366189915165,0.3182699092073252,31.826990920732516
d-block,Zn-S,S,ZnS_555214_POSCAR,-0.0863941207595394,5.1366117465,-0.29619538799825,-0.2098012672387106,4.7561219875,9.3219990955,35,local_max_drop,mp-555214,ZnS,Trigonal,P3m1,156,0.013718194945054,-0.948980154675481,False,1.596,False,4.149025430112542,52,1014.296988809619,19.505711323261906,323.8366189915165,0.3192719909102479,31.92719909102479
d-block,Zn-S,S,ZnS_555628_POSCAR,-0.0798716393758061,5.139120438,-0.27146029545109,-0.1915886560752838,4.75844485,9.326551906,35,local_max_drop,mp-555628,ZnS,Trigonal,P3m1,156,0.000654478422617,-0.962043871197916,False,2.036,False,4.138630196504454,48,938.6258384378086,19.554704967454345,298.92610983832293,0.31847206586155485,31.847206586155487
d-block,Zn-S,S,ZnS_554889_POSCAR,-0.079871347959894,5.140560996,-0.27133596269414,-0.1914646147342459,4.7597787,9.329166252,35,local_max_drop,mp-554889,ZnS,Trigonal,P3m1,156,0.000642959880952,-0.962055389739583,False,2.0385,False,4.135282873167822,48,939.3856140233422,19.570533625486295,298.92610983832293,0.3182144854848662,31.821448548486618
d-block,Zn-S,S,ZnS_554713_POSCAR,-0.0798708407756061,5.138143254,-0.27150810778083,-0.1916372670052238,4.75754005,9.324778498,35,local_max_drop,mp-554713,ZnS,Trigonal,P3m1,156,0.000686346130951,-0.962012003489583,False,2.034,False,4.1399412200845,48,938.3285976571595,19.548512451190824,298.92610983832293,0.3185729504404838,31.857295044048378
d-block,Zn-S,S,ZnS_554999_POSCAR,-0.0798505726332459,5.139439551,-0.2714026325085,-0.191552059875254,4.758740325,9.327131037,35,local_max_drop,mp-554999,ZnS,Trigonal,P3m1,156,0.000470829672618,-0.962227519947916,False,2.0197,False,4.139692758850113,48,938.384916464983,19.549685759687147,298.92610983832293,0.3185538307290958,31.855383072909582
d-block,Zn-S,S,ZnS_554630_POSCAR,-0.0798496722165504,5.143741839,-0.27110065694118,-0.1912509847246295,4.762723925,9.334938893,35,local_max_drop,mp-554630,ZnS,Trigonal,P3m1,156,0.000765389047618,-0.961932960572916,False,1.9824,False,4.131565763767565,48,940.2307655573713,19.588140949111903,298.92610983832293,0.31792844989614727,31.79284498961473
d-block,Zn-S,S,ZnS_555583_POSCAR,-0.0798494577223513,5.142357036,-0.27125373727657,-0.1914042795542186,4.7614417,9.332425732,35,local_max_drop,mp-555583,ZnS,Trigonal,P3m1,156,0.000447351547618,-0.962250998072916,False,2.03,False,4.135708550404982,48,939.2889264341196,19.568519300710825,298.92610983832293,0.3182472415310532,31.824724153105322
d-block,Zn-S,S,ZnS_554829_POSCAR,-0.0798284925767155,5.1422538825,-0.27118450762347,-0.1913560150467545,4.7613461875,9.3322385275,35,local_max_drop,mp-554829,ZnS,Trigonal,P3m1,156,0.000240964672618,-0.962457384947916,False,2.0216,False,4.13646643797577,48,939.1168266126416,19.564933887763367,298.92610983832293,0.3183055625960169,31.83055625960169
d-block,Zn-S,S,ZnS_555381_POSCAR,-0.0798279335903031,5.140399779,-0.27135078536212,-0.1915228517718168,4.759629425,9.328873673,35,local_max_drop,mp-555381,ZnS,Trigonal,P3m1,156,0.000243997380952,-0.9624543522395832,False,2.0142,False,4.140940447901398,48,938.1021735164419,19.54379528159254,298.92610983832293,0.31864984249829553,31.864984249829554
d-block,Zn-S,S,ZnS_553916_POSCAR,-0.079827754153524,5.14036044,-0.27133264388092,-0.1915048897273959,4.759593,9.32880228,35,local_max_drop,mp-553916,ZnS,Trigonal,P3m1,156,0.000252992589285,-0.9624453570312492,False,2.0251,False,4.140470222531364,48,938.2087138513705,19.54601487190355,298.92610983832293,0.31861365752106874,31.861365752106874
d-block,Zn-S,S,ZnS_555543_POSCAR,-0.0798275734459177,5.141346264,-0.27133047445355,-0.1915029010076323,4.7605058,9.330591368,35,local_max_drop,mp-555543,ZnS,Trigonal,P3m1,156,0.000587033005952,-0.962111316614583,False,2.025,False,4.14039751074205,48,938.2251896935226,19.546358118615053,298.92610983832293,0.31860806245883155,31.860806245883154
d-block,Zn-S,S,ZnS_555594_POSCAR,-0.0798272656767434,5.140809315,-0.27133404383616,-0.1915067781594165,4.760008625,9.329616905,35,local_max_drop,mp-555594,ZnS,Trigonal,P3m1,156,0.000243149880951,-0.962455199739583,False,2.0252,False,4.140512733484914,48,938.1990800894241,19.54581416852967,298.92610983832293,0.3186169291594604,31.861692915946037
d-block,Zn-S,S,ZnS_554115_POSCAR,-0.0798067765121011,5.1435339389,-0.27100182403789,-0.1911950475257889,4.7625314249,9.3345615929,35,local_max_drop,mp-554115,ZnS,Trigonal,P3m1,156,0.000359802380952,-0.9623385472395832,False,2.0169,False,4.134202143606421,48,939.6311796338001,19.57564957570417,298.92610983832293,0.3181313224991348,31.81313224991348
d-block,Zn-S,S,ZnS_555664_POSCAR,-0.0798053377350661,5.1418520685,-0.2712720710719,-0.1914667333368338,4.7609741375,9.3315093095,35,local_max_drop,mp-555664,ZnS,Trigonal,P3m1,156,3.0131339286754152e-05,-0.962668218281249,False,2.0194,False,4.141497669370025,48,937.9759580842473,19.54116579342182,298.92610983832293,0.31869272049238806,31.869272049238806
d-block,Zn-S,S,ZnS_556000_POSCAR,-0.0731784379475573,5.143151862,-0.24859902648034,-0.1754205885327826,4.76217765,9.333868194,35,local_max_drop,mp-556000,ZnS,Trigonal,P3m1,156,0.000610573896103,-0.962087775724432,False,2.0254,False,4.136395195341013,44,860.8719193878266,19.565270895177875,274.01560068512936,0.3183000798539046,31.830007985390463
d-block,Zn-S,S,ZnS_556784_POSCAR,-0.0731572320679636,5.141954331,-0.24864082341104,-0.1754835913430763,4.761068825,9.331694897,35,local_max_drop,mp-556784,ZnS,Trigonal,P3m1,156,7.180753246771587e-05,-0.9626265420880672,False,1.992,False,4.140502680206261,44,860.0179118309572,19.545861632521756,274.01560068512936,0.3186161554493171,31.86161554493171
d-block,Zn-S,S,ZnS_556543_POSCAR,-0.0731562929642424,5.143827159,-0.24850959387744,-0.1753533009131976,4.762802925,9.335093733,35,local_max_drop,mp-556543,ZnS,Trigonal,P3m1,156,0.000116846850648,-0.9625815027698872,False,2.0163,False,4.136662865877198,44,860.8162140757008,19.564004865356836,274.01560068512936,0.31832067775274525,31.832067775274524
d-block,Zn-S,S,ZnS_557062_POSCAR,-0.0665541516749075,5.143220847,-0.22610359435013,-0.1595494426752225,4.762241525,9.333993389,35,local_max_drop,mp-557062,ZnS,Trigonal,P3m1,156,0.000590483714285,-0.96210786590625,False,2.0301,False,4.135878717029721,40,782.7085667183386,19.567714167958464,249.10509153193578,0.3182603361253071,31.826033612530708
d-block,Zn-S,S,ZnS_557009_POSCAR,-0.0665531001674829,5.1395742405,-0.22622453585469,-0.159671435687207,4.7588650375,9.3273754735,35,local_max_drop,mp-557009,ZnS,Trigonal,P3m1,156,0.000592540464285,-0.96210580915625,False,2.0302,False,4.139898632655899,40,781.9485423600879,19.5487135590022,249.10509153193578,0.3185696731144013,31.856967311440133
d-block,Zn-S,S,ZnS_557418_POSCAR,-0.0665530997933119,5.1397281135,-0.22623451264661,-0.159681412853298,4.7590075125,9.3276547245,35,local_max_drop,mp-557418,ZnS,Trigonal,P3m1,156,0.000582661464285,-0.962115688156249,False,2.018199999999999,False,4.140206217097838,40,781.8904488416567,19.547261221041417,249.10509153193578,0.3185933424573433,31.859334245734328
d-block,Zn-S,S,ZnS_556207_POSCAR,-0.0665526389261471,5.138861535,-0.22621603272395,-0.1596633937978029,4.758205125,9.326082045,35,local_max_drop,mp-556207,ZnS,Trigonal,P3m1,156,0.000590806214285,-0.96210754340625,False,2.0276,False,4.139649203780353,40,781.9956562507247,19.549891406268117,249.10509153193578,0.31855047984060325,31.855047984060324
d-block,Zn-S,S,ZnS_556280_POSCAR,-0.0665308098575925,5.139056124,-0.22613751330081,-0.1596067034432174,4.7583853,9.326435188,35,local_max_drop,mp-556280,ZnS,Trigonal,P3m1,156,0.000358706714285,-0.9623396429062512,False,2.0238,False,4.140281995133783,40,781.8761378718784,19.54690344679696,249.10509153193578,0.3185991737897943,31.85991737897943
d-block,Zn-S,S,ZnS_556155_POSCAR,-0.0665306951068586,5.1396304545,-0.22614676265234,-0.1596160675454813,4.7589170875,9.3274774915,35,local_max_drop,mp-556155,ZnS,Trigonal,P3m1,156,0.000348543464285,-0.96234980615625,False,2.0223,False,4.140570387997359,40,781.8216801500442,19.545542003751105,249.10509153193578,0.3186213657878207,31.862136578782067
d-block,Zn-S,S,ZnS_555782_POSCAR,-0.0665306536863412,5.1391984275,-0.22614690850248,-0.1596162548161387,4.7585170625,9.3266934425,35,local_max_drop,mp-555782,ZnS,Trigonal,P3m1,156,0.000363658714285,-0.96233469090625,False,1.9917,False,4.140591107212218,40,781.8177677675948,19.54544419418987,249.10509153193578,0.318622960236925,31.862296023692497
d-block,Zn-S,S,ZnS_556732_POSCAR,-0.0665305138166585,5.139614916,-0.22616202536555,-0.1596315115488915,4.7589027,9.327449292,35,local_max_drop,mp-556732,ZnS,Trigonal,P3m1,156,0.000354132964286,-0.962344216656249,False,2.0239,False,4.141060971932565,40,781.7290587767747,19.543226469419366,249.10509153193578,0.318659116909032,31.865911690903197
d-block,Zn-S,S,ZnS_561286_POSCAR,-0.0665085267863537,5.1417043785,-0.22598729583459,-0.1594787690482362,4.7608373875,9.3312412795,35,local_max_drop,mp-561286,ZnS,Hexagonal,P6_3mc,186,0.000110045464285,-0.96258830415625,False,2.0218,False,4.138610788290733,40,782.191866678108,19.5547966669527,249.10509153193578,0.3184705724311103,31.84705724311103
d-block,Zn-S,S,ZnS_1200568_POSCAR,-0.0609377842922959,5.0375588008,-0.20575696985935,-0.1448191855670541,4.8438065392,9.4938608169,35,local_max_drop,mp-1200568,ZnS,Trigonal,R3m,160,0.012634167579365,-0.950064182041171,False,1.9998999999999991,False,3.959884875138361,36,735.7458673685567,20.43738520468213,224.1945823787422,0.3047174198620902,30.47174198620902
d-block,Zn-S,S,ZnS_1200836_POSCAR,-0.0606169576048068,5.035337184,-0.20542753388038,-0.1448105762755731,4.8416703693,9.4896739238,35,local_max_drop,mp-1200836,ZnS,Trigonal,R3m,160,0.012229034801586,-0.950469314818949,False,1.9881,False,3.963820267619967,36,735.0153980340059,20.417094389833498,224.1945823787422,0.3050202526075103,30.502025260751033
d-block,Zn-S,S,ZnS_1202959_POSCAR,-0.0606034651411449,5.0352516879,-0.20541706156751,-0.144813596426365,4.8415881614,9.4895127963,35,local_max_drop,mp-1202959,ZnS,Trigonal,R3m,160,0.012227005634921,-0.9504713439856152,False,1.992499999999999,False,3.9639726273520193,36,734.9871481914097,20.4163096719836,224.1945823787422,0.3050319763147153,30.50319763147153
d-block,Zn-S,S,ZnS_1198139_POSCAR,-0.0605993200562282,5.0352278318,-0.20541404966531,-0.1448147296090817,4.8415652229,9.4894678369,35,local_max_drop,mp-1198139,ZnS,Trigonal,R3m,160,0.012226781746031,-0.950471567874504,False,1.9919,False,3.96403091117073,36,734.9763401687845,20.416009449132904,224.1945823787422,0.3050364618910818,30.50364618910818
d-block,Zn-S,S,ZnS_1202182_POSCAR,-0.0605750269142206,5.0351137092,-0.20539584563037,-0.1448208187161493,4.8414554896,9.4892527597,35,local_max_drop,mp-1202182,ZnS,Trigonal,R3m,160,0.012223650912698,-0.9504746987078372,False,1.992999999999999,False,3.964315085688287,36,734.9236538787958,20.414545941077662,224.1945823787422,0.3050583297945076,30.50583297945076
d-block,Zn-S,S,ZnS_1201158_POSCAR,-0.0605689475077096,5.0343728809,-0.20548389509059,-0.1449149475828803,4.8407431547,9.4878565832,35,local_max_drop,mp-1201158,ZnS,Trigonal,R3m,160,0.012544932023809,-0.950153417596726,False,2.0046,False,3.964783449262998,36,734.836837693095,20.412134380363753,224.1945823787422,0.3050943704490454,30.50943704490454
d-block,Zn-S,S,ZnS_1202023_POSCAR,-0.0592898469796871,5.0332541583,-0.20441925900897,-0.1451294120292829,4.8396674599,9.4857482213,35,local_max_drop,mp-1202023,ZnS,Trigonal,R3m,160,0.012243527301587,-0.9504548223189492,False,2.0011,False,3.978314512404247,36,732.3375065603344,20.342708515564844,224.1945823787422,0.30613560055355665,30.613560055355666
d-block,Zn-S,S,ZnS_1199343_POSCAR,-0.0592787712643611,5.0330747893,-0.20440992715613,-0.1451311558917688,4.8394949897,9.4854101798,35,local_max_drop,mp-1199343,ZnS,Trigonal,R3m,160,0.012235388412698,-0.950462961207838,False,2.0023,False,3.978425406208524,36,732.3170945528773,20.342141515357703,224.1945823787422,0.3061441335267835,30.614413352678348
d-block,Zn-S,S,ZnS_1201781_POSCAR,-0.0591253703308001,5.0331999387,-0.20419963060049,-0.1450742602696899,4.8396153257,9.4856460384,35,local_max_drop,mp-1201781,ZnS,Trigonal,R3m,160,0.011915514523808,-0.950782835096726,False,1.9874,False,3.979675995253303,36,732.0869676566429,20.335749101573413,224.1945823787422,0.30624036799394583,30.62403679939458
d-block,Zn-S,S,ZnS_1196782_POSCAR,-0.0591086933613166,5.0331996893,-0.20418668455095,-0.1450779911896333,4.8396150858,9.4856455683,35,local_max_drop,mp-1196782,ZnS,Trigonal,R3m,160,0.011916026190476,-0.95078232343006,False,1.986399999999999,False,3.979843096537789,36,732.0562295580811,20.334895265502254,224.1945823787422,0.3062532266327155,30.625322663271547
d-block,Zr-O,O,Zr27O49_684977_POSCAR,-0.3419377176395782,5.2665725065,-0.63581794907297,-0.2938802314333917,4.9033606095,8.8986914765,35,local_max_drop,mp-684977,Zr27O49,Trigonal,P3m1,156,0.116127795493419,-3.578150040592106,False,0.0,True,5.866380137850064,76,919.1019179576534,12.093446288916493,665.1397936090314,0.7236844800487914,72.36844800487914
d-block,Zr-O,O,Zr4O_1215377_POSCAR,-0.2782921193608162,7.9141334349,-0.37394211008083,-0.0956499907200137,6.7835429442,13.849733511,35,local_max_drop,mp-1215377,Zr4O,Trigonal,R-3,148,0.0,-1.240729299,True,0.0,True,6.611601408616027,15,286.9917527803505,19.132783518690033,273.00435133147056,0.9512620090529736,95.12620090529737
d-block,Zr-O,O,Zr3O_561418_POSCAR,-0.2770394624087309,7.9163966705,-0.37093458923765,-0.093895126828919,6.8244798883,13.3759805812,35,local_max_drop,mp-561418,Zr3O,Trigonal,R32,155,0.000898194375,-1.545261101249999,False,0.0,True,6.690771496809814,16,287.5666439157934,17.972915244737088,274.2086117601858,0.9535480472501562,95.35480472501561
d-block,Zr-O,O,ZrO2_1100824_POSCAR,-0.2599469808328252,5.24338995,-0.51139379432953,-0.2514468134967048,4.88177685,8.85952095,35,local_max_drop,mp-1100824,ZrO2,Orthorhombic,Pmm2,25,0.6057422061111091,-3.207875548888889,False,0.0,True,5.482647500825143,72,895.6969344392551,12.44023520054521,596.5876406689848,0.6660597102997504,66.60597102997504
d-block,Zr-O,O,ZrO2_1245318_POSCAR,-0.2526843562127971,15.06609708,-0.54141683959147,-0.2887324833786729,14.546576491,25.4565088593,35,local_max_drop,mp-1245318,ZrO2,Triclinic,P1,1,0.222679637888887,-3.590938117111112,False,2.9114,False,5.262636308408363,90,1166.428352522308,12.960315028025644,745.734550836231,0.6393316393789981,63.933163937899806
d-block,Zr-O,O,Zr2O_753629_POSCAR,-0.250917997451728,8.1930612369,-0.37725351553885,-0.1263355180871219,7.6280225309,13.8434482968,35,local_max_drop,mp-753629,Zr2O,Trigonal,P312,149,0.008804855277775,-1.990846132222222,False,0.0,True,6.854541899733948,18,288.4478626872027,16.02488126040015,276.61713261761633,0.9589848579241657,95.89848579241657
d-block,Zr-O,O,Zr19O40_685070_POSCAR,-0.210852792217753,11.3174968222,-0.41453886819826,-0.2036860759805069,10.9272383111,19.1226670444,35,local_max_drop,mp-685070,Zr19O40,Triclinic,P1,1,0.108496557711864,-3.575846019152542,False,0.1026,False,5.602303597243692,59,703.432861787775,11.922590877758898,474.70706972037465,0.6748434648246406,67.48434648246406
d-block,Zr-O,O,Zr3O_1017_POSCAR,-0.1388850392150176,8.192483557,-0.18584885339118,-0.0469638141761623,7.062485825,13.842472217,35,local_max_drop,mp-1017,Zr3O,Hexagonal,P6_322,182,0.007423523749999,-1.538735771875001,False,0.0,True,6.699842819825176,8,143.588645060299,17.948580632537375,137.10430588009288,0.9548408637919589,95.48408637919589
d-block,Zr-O,O,Zr3O_14024_POSCAR,-0.138472777867018,7.2765934031,-0.1853941437983,-0.0469213659312819,6.2729253475,12.294933681,35,local_max_drop,mp-14024,Zr3O,Trigonal,R-3c,167,0.0,-1.546159295625,True,0.0,True,6.688575555944507,8,143.83052803056555,17.978816003820693,137.10430588009288,0.9532350868583109,95.32350868583109
d-block,Zr-O,O,ZrO2_775910_POSCAR,-0.129005946256626,11.7150175815,-0.24125158946815,-0.112245643211524,11.311051458,19.7943400515,35,local_max_drop,mp-775910,ZrO2,Tetragonal,P4/n,85,0.047335141333332,-3.7662826136666654,False,3.4197,False,6.232379834017383,30,328.31162211737694,10.943720737245899,248.5781836120758,0.7571409809038222,75.71409809038222
d-block,Zr-O,O,ZrO2_775980_POSCAR,-0.1100962648777642,7.317207075,-0.2090175970283,-0.0989213321505357,6.82939327,11.9514382225,35,local_max_drop,mp-775980,ZrO2,Orthorhombic,Pbcn,60,0.062707775555553,-3.750909979444446,False,3.6766,False,5.33759427761455,36,460.01909321729374,12.778308144924827,298.293820334491,0.6484379121055079,64.84379121055079
d-block,Zr-O,O,ZrO2_1190186_POSCAR,-0.0941501747370841,7.392288384,-0.17891968760586,-0.0847695128687758,7.137381888,12.490418304,35,local_max_drop,mp-1190186,ZrO2,Orthorhombic,Pbca,61,0.013256612916665,-3.800361142083333,False,3.579399999999999,False,6.03484036251742,24,271.2466425017191,11.30194343757163,198.86254688966062,0.7331428881682849,73.3142888168285
d-block,Zr-O,O,ZrO2_776404_POSCAR,-0.0835377794002442,14.8137086165,-0.16222961176802,-0.0786918323677757,14.302891078,25.0300593865,35,local_max_drop,mp-776404,ZrO2,Orthorhombic,Pbca,61,0.009497303333333,-3.804120451666666,False,3.54,False,5.781420117936309,24,283.1363493699907,11.797347890416278,198.86254688966062,0.7023561168749668,70.23561168749669
d-block,Zr-O,O,ZrO2_776386_POSCAR,-0.0754782074373283,4.7659122,-0.13949702990947,-0.0640188224721416,4.6015704,8.0527482,35,local_max_drop,mp-776386,ZrO2,Orthorhombic,Pnma,62,0.088289675833333,-3.725328079166665,False,3.617099999999999,False,4.912016432077602,24,333.2501446202098,13.885422692508742,198.86254688966062,0.5967365659099573,59.673656590995726
d-block,Zr-O,O,Zr2O_10735_POSCAR,-0.072585899677223,6.8268886,-0.11323111495126,-0.0406452152740369,6.3392537,11.94705505,35,local_max_drop,mp-10735,Zr2O,Cubic,Pn-3m,224,0.228009072499997,-1.771641915000001,False,0.0,True,5.683818024774703,6,115.95362797641955,19.32560466273659,92.20571087253879,0.7951947039663979,79.51947039663979
d-block,Zr-O,O,Zr6O11_761151_POSCAR,-0.0706828709962452,5.2691289,-0.13563141423033,-0.0649485432340847,4.9057407,8.9030109,35,local_max_drop,mp-761151,Zr6O11,Orthorhombic,Pmm2,25,0.08387070720588,-3.623043120294117,False,0.371,False,5.759799280375676,17,208.53678271832567,12.266869571666216,147.9426497385302,0.7094319180053668,70.94319180053668
d-block,Zr-O,O,ZrO2_776427_POSCAR,-0.0702664224920736,14.97324126,-0.13143516166582,-0.0611687391737463,13.975025176,24.456294058,35,local_max_drop,mp-776427,ZrO2,Orthorhombic,Pbca,61,0.06092109333333,-3.752696661666667,False,3.715499999999999,False,5.105015564475803,24,320.6513605477699,13.36047335615708,198.86254688966062,0.6201830753187605,62.01830753187605
d-block,Zr-O,O,ZrO2_963_POSCAR,-0.0592407180916191,4.9125333,-0.11024021105901,-0.0509994929673908,4.5737379,8.3004873,35,local_max_drop,mp-963,ZrO2,Orthorhombic,Pnma,62,0.103069525833333,-3.710548229166665,False,2.8574,False,6.508923782587941,12,125.74507253761895,10.47875604480158,99.43127344483042,0.7907369365514003,79.07369365514003
d-block,Zr-S,S,Zr9S2_27191_POSCAR,-0.7231444753281236,12.9443538584,-1.0237220959323,-0.3005776206041762,10.7125687104,21.8714944503,35,local_max_drop,mp-27191,Zr9S2,Tetragonal,I4_1/amd,141,0.0,-0.7009283793181821,True,0.0,True,6.32391132544513,44,929.6901477350091,21.129321539432024,846.9670962225013,0.9110208366582728,91.10208366582728
d-block,Zr-S,S,Zr40S27_1100827_POSCAR,-0.5451085061040167,4.913482093,-0.94802752497183,-0.4029190188678132,4.066330008,8.302090433,35,local_max_drop,mp-1100827,Zr40S27,Trigonal,P3m1,156,0.147754525223879,-1.292167270037313,False,0.0,True,5.474755550886056,67,1369.3507551014402,20.438070971663286,1028.8962031931105,0.7513752041688478,75.13752041688478
d-block,Zr-S,S,Zr2S_1197374_POSCAR,-0.4261901895099784,5.127754915,-0.68633053105916,-0.2601403415491816,4.774116645,8.664137615,35,local_max_drop,mp-1197374,Zr2S,Orthorhombic,Pnnm,58,0.0,-1.264283809166663,True,0.0,True,6.357514469225585,36,672.3518478750008,18.67644021875002,596.9717192204397,0.8878858905604209,88.78858905604208
d-block,Zr-S,S,Zr64S127_1096929_POSCAR,-0.4130512267468305,21.5147628169,-0.95637908727125,-0.5433278605244195,20.0309860709,36.3525302768,35,local_max_drop,mp-1096929,Zr64S127,Trigonal,P3m1,156,0.027560166475785,-1.820977061217276,False,0.1044,False,3.245944991099369,191,5069.99458643845,26.544474274546857,2052.5841693653415,0.40484938087620975,40.484938087620975
d-block,Zr-S,S,Zr63S128_1024087_POSCAR,-0.4115384847435833,21.3522259505,-0.98618383364188,-0.5746453488982967,19.8796586436,36.0778990198,35,local_max_drop,mp-1024087,Zr63S128,Trigonal,P-3m1,164,0.029401309528794,-1.8074487296335071,False,0.0,True,3.459885382118344,191,4728.101046370345,24.754455740158875,2034.9839201223804,0.4304019521081494,43.04019521081494
d-block,Zr-S,S,Zr21S8_1193856_POSCAR,-0.3752555337196583,5.0801290269,-0.59480576701688,-0.2195502332972216,4.7297753009,8.5836662868,35,local_max_drop,mp-1193856,Zr21S8,Tetragonal,I4/m,87,0.096460308879308,-0.954136957931035,False,0.0,True,6.311453086111339,29,571.5106752004333,19.707264662083908,510.22763366584513,0.8927700842804105,89.27700842804104
d-block,Zr-S,S,Zr3S4_684749_POSCAR,-0.2468579996847824,9.2261192933,-0.50004372826069,-0.2531857285759076,8.5898352041,15.5889601852,35,local_max_drop,mp-684749,Zr3S4,Triclinic,P-1,2,0.0,-1.86078058625,True,0.0,True,4.81220661073748,56,1109.5513427087433,19.813416834084702,693.9526844367564,0.6254353969259435,62.54353969259435
d-block,Zr-S,S,Zr23S32_673649_POSCAR,-0.2175127554068116,10.5944673634,-0.46002774384014,-0.2425149884333284,9.8638144418,17.9009965795,35,local_max_drop,mp-673649,Zr23S32,Triclinic,P1,1,0.024630879568181,-1.834789135636363,False,0.0,True,4.661589993811543,55,1112.9055308045247,20.23464601462772,671.5033869329793,0.6033786052330482,60.33786052330482
d-block,Zr-S,S,Zr3S4_1329763_POSCAR,-0.2092660048176782,10.9752187561,-0.43805398106038,-0.2287879762427017,10.2435375057,17.926190635,35,local_max_drop,mp-1329763,Zr3S4,Triclinic,P-1,2,0.549957316785713,-1.310823269464286,False,0.0,True,4.766736650354742,56,1120.1353659767392,20.002417249584628,693.9526844367564,0.6195257336881256,61.95257336881256
d-block,Zr-S,S,Zr3S4_684711_POSCAR,-0.1512913225233367,44.441525835,-0.31316337709474,-0.1618720545714033,41.3765930188,75.090853997,35,local_max_drop,mp-684711,Zr3S4,Monoclinic,C2/m,12,0.683334865392857,-1.177445720857142,False,0.0,True,4.798360863709186,35,695.470606783583,19.870588765245227,433.7204277729727,0.6236358856039161,62.36358856039161
d-block,Zr-S,S,Zr3S_1188005_POSCAR,-0.0533113712157117,6.19385045,-0.082180086771927,-0.0288687155562152,5.76668835,10.46547145,35,local_max_drop,mp-1188005,Zr3S,Cubic,Pm-3m,221,0.615779533374999,-0.338658789375,False,0.0,True,6.513568106794313,4,77.9431832570406,19.48579581426015,72.19694077214703,0.9262765229135735,92.62765229135735
