block,chemsys,ligand,source,delta_E,dip_x,dip_y,baseline_y,left_anchor,right_anchor,n_points,dip_method
d-block,Co-O,O,CoO_1245089_POSCAR,-0.3565828424330174,12.6013833719,-0.70614761622615,-0.34956477379313255,11.5932727021,24.6987114089,35,local_max_drop
d-block,Co-O,O,CoO_1245304_POSCAR,-0.3275817646574399,12.8282520109,-0.67318304919288,-0.3456012845354401,11.80199185,25.1433739413,35,local_max_drop
d-block,Co-O,O,CoO_1244939_POSCAR,-0.3274956693999747,13.4604787084,-0.67297930520125,-0.34548363580127534,11.9073465498,25.3678252582,35,local_max_drop
d-block,Co-O,O,CoO_1244882_POSCAR,-0.3076260919169628,12.4927407614,-0.65537407466901,-0.3477479827520472,11.4933215005,24.4857718923,35,local_max_drop
d-block,Co-O,O,Co29O40_705563_POSCAR,-0.2357211218030979,9.905846033,-0.54031480659263,-0.3045936847895321,9.1438578766,18.6687098314,35,local_max_drop
d-block,Co-O,O,Co23O32_2740066_POSCAR,-0.2154522414443121,9.8910394103,-0.43595153022094,-0.22049928877662792,8.4257002384,17.9504048558,35,local_max_drop
d-block,Co-O,O,Co23O32_705564_POSCAR,-0.20435103238642946,9.8040115447,-0.43332187480738,-0.22897084242095053,8.6727794434,18.4767909882,35,local_max_drop
d-block,Co-O,O,Co21O40_850026_POSCAR,-0.14524145151534285,13.0868100095,-0.31046804622078,-0.16522659470543716,12.1174166754,23.7501366839,35,local_max_drop
d-block,Co-O,O,CoO2_1245099_POSCAR,-0.1288889248171587,14.4740555025,-0.36109991202129,-0.2322109872041313,12.8658271133,26.2677303564,35,local_max_drop
d-block,Co-O,O,CoO2_1244948_POSCAR,-0.12160831518381754,12.7197680699,-0.38157742180683,-0.2599691066230125,11.7413243722,23.9718705932,35,local_max_drop
d-block,Co-O,O,CoO2_1245119_POSCAR,-0.11594256953624837,13.3305359192,-0.34326266199667,-0.22732009246042162,12.3051100792,25.1229330784,35,local_max_drop
d-block,Co-O,O,CoO2_1245011_POSCAR,-0.10872384995355322,13.4968241509,-0.34506697884322,-0.2363431288896668,12.4586069085,25.4363224383,35,local_max_drop
d-block,Co-O,O,Co15O28_766681_POSCAR,-0.09868167522830343,9.8993691099,-0.21732010699529,-0.11863843176698657,9.1660825092,17.965521718,35,local_max_drop
d-block,Co-O,O,Co5O7_1046082_POSCAR,-0.09612177955888127,6.680741665,-0.18355617776243,-0.08743439820354873,5.652935255,12.5906285225,35,local_max_drop
d-block,Co-O,O,CoO2_1244867_POSCAR,-0.0959124657646864,14.6982387677,-0.32244037436292,-0.2265279085982336,13.0651011268,26.6745814673,35,local_max_drop
d-block,Co-O,O,CoO2_1349907_POSCAR,-0.08947249538448618,6.6778999083,-0.22520604456196,-0.13573354917747382,6.1832406558,12.1191516854,35,local_max_drop
d-block,Co-O,O,Co9O13_1343966_POSCAR,-0.08227244789027484,6.6116053468,-0.16651703922022,-0.08424459132994515,6.1030203202,12.4603331537,35,local_max_drop
d-block,Co-O,O,CoO2_1359404_POSCAR,-0.07510925049317492,7.6587476265,-0.1689489031644,-0.09383965267122509,7.0914329875,13.8992086555,35,local_max_drop
d-block,Co-O,O,CoO2_1356781_POSCAR,-0.070898439215934,7.63163937,-0.16654330117843,-0.095644861962496,7.06633275,13.85001219,35,local_max_drop
d-block,Co-O,O,Co2O3_1043418_POSCAR,-0.07076259009296232,6.695793312,-0.14459592567031,-0.07383333557734767,6.180732288,12.618995088,35,local_max_drop
d-block,Co-O,O,Co3O4_1271793_POSCAR,-0.05469464021420285,6.5807666898,-0.11750007019985,-0.06280542998564714,6.0745538675,12.4022141462,35,local_max_drop
d-block,Co-O,O,CoO_19275_POSCAR,-0.05412950131705698,4.6241660534,-0.10077043686479,-0.04664093554773301,4.4314924678,9.4410056923,35,local_max_drop
d-block,Co-S,S,Co2S3_684732_POSCAR,-0.08821336890044898,8.9754723879,-0.27861598196128,-0.19040261306083103,8.3343672173,15.7070766788,35,local_max_drop
d-block,Co-S,S,Co3S_1183733_POSCAR,-0.07437767093511932,6.958500048,-0.1416250117928,-0.06724734085768067,6.4430556,12.628388976,35,local_max_drop
d-block,Cr-O,O,Cr2O3_1245208_POSCAR,-0.2536050290405825,13.7587520257,-0.62820538956521,-0.3746003605246275,12.739585209,24.9695870097,35,local_max_drop
d-block,Cr-O,O,Cr2O3_1245247_POSCAR,-0.2517772343700338,13.6163371276,-0.6057048467918,-0.35392761242176624,12.6077195626,24.7111303428,35,local_max_drop
d-block,Cr-O,O,Cr2O3_1245257_POSCAR,-0.23123670781885736,13.2928737664,-0.59865597608984,-0.36741926827098265,12.3082164503,24.1241042427,35,local_max_drop
d-block,Cr-O,O,Cr2O3_1245064_POSCAR,-0.23036423425099367,14.1830061744,-0.59242419339894,-0.36205995914794636,13.1324131244,25.7395297239,35,local_max_drop
d-block,Cr-O,O,Cr2O3_1244912_POSCAR,-0.21499149226120573,13.4011938194,-0.58837731004567,-0.3733858177844642,12.4085127957,24.3206850796,35,local_max_drop
d-block,Cr-O,O,Cr2O3_1244988_POSCAR,-0.21198241523669226,13.7776409009,-0.5684113847102,-0.3564289694735078,12.7570749083,25.0038668202,35,local_max_drop
d-block,Cr-O,O,Cr2O3_1245327_POSCAR,-0.2092457943312902,13.538344552,-0.53606810373723,-0.3268223094059398,12.5355042148,24.5695882611,35,local_max_drop
d-block,Cr-O,O,Cr2O3_1245091_POSCAR,-0.20400533601434895,13.7378450548,-0.56837456719815,-0.3643692311838011,12.7202269026,24.931644729,35,local_max_drop
d-block,Cr-O,O,Cr2O3_776873_POSCAR,-0.1566445703211001,8.861329175,-0.36777093448897,-0.21112636416786992,8.2049344213,16.0816714658,35,local_max_drop
d-block,Cr-O,O,CrO_754983_POSCAR,-0.09622574046413777,7.196225,-0.21050040890763,-0.11427466844349222,6.908376,14.104601,35,local_max_drop
d-block,Cr-O,O,Cr3O_714896_POSCAR,-0.09612544407336363,6.006081655,-0.16874525404604,-0.07261980997267636,5.5255951226,11.7719200438,35,local_max_drop
d-block,Cr-O,O,Cr5O7_1046050_POSCAR,-0.09459139995750948,7.158226905,-0.22124522427484,-0.12665382431733052,6.36286836,12.990856235,35,local_max_drop
d-block,Cr-O,O,Cr6O11_1213798_POSCAR,-0.09043732740846447,7.3810813712,-0.23322958962437,-0.14279226221590552,6.8538612732,12.9168923995,35,local_max_drop
d-block,Cr-O,O,Cr9O13_1045826_POSCAR,-0.0832461624561606,7.0000505953,-0.19586267746696,-0.11261651501079942,6.2222671959,12.7037955249,35,local_max_drop
d-block,Cr-O,O,Cr2O3_755749_POSCAR,-0.08195009046611691,6.8031499725,-0.19578106839912,-0.11383097793300308,6.2992129375,12.3464573575,35,local_max_drop
d-block,Cr-O,O,CrO2_1358572_POSCAR,-0.0748886432548826,7.1874900487,-0.18443893496864,-0.1095502917137574,6.6740979023,12.5781075852,35,local_max_drop
d-block,Cr-O,O,Cr2O3_1043379_POSCAR,-0.07354584038584616,6.9798066525,-0.17057275719949,-0.09702691681364384,6.4627839375,12.6670565175,35,local_max_drop
d-block,Cr-O,O,Cr3O_20609_POSCAR,-0.0716424228569324,6.2615892,-0.14636588050573,-0.07472345764879759,6.00068965,12.78407795,35,local_max_drop
d-block,Cr-O,O,CrO2_1040967_POSCAR,-0.07141389640591737,8.3506360986,-0.18125174095706,-0.10983784455114264,7.7541620916,14.6136131726,35,local_max_drop
d-block,Cr-O,O,CrO_1178414_POSCAR,-0.0707889075514665,20.7674975,-0.15417424141458,-0.0833853338631135,19.9367976,40.7042951,35,local_max_drop
d-block,Cr-O,O,Cr3O4_756253_POSCAR,-0.06276968083982605,7.8945200082,-0.13590016868099,-0.07313048784116395,7.0173511184,14.3270918667,35,local_max_drop
d-block,Cr-O,O,Cr3O4_1310867_POSCAR,-0.06258795302180523,7.9738017486,-0.13573487674993,-0.07314692372812479,7.0878237766,14.4709735438,35,local_max_drop
d-block,Cr-O,O,CrO_755286_POSCAR,-0.06009672478881091,3.75583375,-0.13598409510745,-0.07588737031863908,3.6056004,7.36143415,35,local_max_drop
d-block,Cr-O,O,CrO2_1044871_POSCAR,-0.0548594220890123,7.31283,-0.12291050044974,-0.0680510783607277,6.790485,12.7974525,35,local_max_drop
d-block,Cr-S,S,Cr19S30_1226578_POSCAR,-0.11307563858989522,11.4349697141,-0.36683262880295,-0.25375699021305476,11.0114523173,20.7523524441,35,local_max_drop
d-block,Cr-S,S,Cr19S30_1226930_POSCAR,-0.11290584895768052,11.4318837676,-0.36628290018809,-0.2533770512304095,11.0084806651,20.7467520227,35,local_max_drop
d-block,Cr-S,S,Cr5S8_684674_POSCAR,-0.08858947315791468,11.0348763852,-0.29006654011405,-0.2014770669561353,10.6261772598,20.0262571435,35,local_max_drop
d-block,Cr-S,S,Cr5S6_1311_POSCAR,-0.07782358885293492,8.025549201,-0.21882935513062,-0.14100576627768507,7.431064075,14.564885587,35,local_max_drop
d-block,Cr-S,S,Cr5S8_1181961_POSCAR,-0.05811929291950696,8.0380940678,-0.19436433665406,-0.13624504373455304,7.7403868801,14.5876521971,35,local_max_drop
d-block,Cr-S,S,Cr5S8_849084_POSCAR,-0.05703355117594611,7.9354642408,-0.19504820661818,-0.1380146554422339,7.6415581578,14.4013980666,35,local_max_drop
d-block,Cu-O,O,Cu64O_1213626_POSCAR,-0.4481761697967984,12.461483594,-0.98919511355384,-0.5410189437570416,11.1263246375,21.8075962895,35,local_max_drop
d-block,Cu-S,S,Cu2S_581212_POSCAR,-0.3308447819725019,16.682157534,-1.2258802054789,-0.8950354235063981,14.8947835125,29.1937756845,35,local_max_drop
d-block,Cu-S,S,Cu39S20_685126_POSCAR,-0.13471017394458956,11.6878180989,-0.526620626297,-0.39191045235241045,10.435551874,20.4536816731,35,local_max_drop
d-block,Cu-S,S,Cu7S4_624299_POSCAR,-0.0827002853818326,10.963010856,-0.35162773683073,-0.2689274514488974,10.179938652,19.185268998,35,local_max_drop
d-block,Cu-S,S,Cu9S5_684710_POSCAR,-0.07980728453073083,9.0955301419,-0.25064813549698,-0.17084085096624918,8.1210090552,15.9171777483,35,local_max_drop
d-block,Fe-O,O,Fe38O39_705753_POSCAR,-0.4179007291083483,33.0161488675,-0.84818365298229,-0.43028292387394174,30.3748569581,64.7116517803,35,local_max_drop
d-block,Fe-O,O,Fe35O36_694910_POSCAR,-0.37714026467967143,10.981810028,-0.77319529632452,-0.39605503164484857,10.1032652258,21.5243476549,35,local_max_drop
d-block,Fe-O,O,Fe2O3_1456_POSCAR,-0.3663713199358547,11.0827808,-0.99164267450976,-0.6252713545739053,10.2302592,20.8867792,35,local_max_drop
d-block,Fe-O,O,Fe2O3_685153_POSCAR,-0.36230298460555543,11.0191717493,-0.99870686487447,-0.6364038802689146,10.1715431532,20.7669006044,35,local_max_drop
d-block,Fe-O,O,Fe32O35_863766_POSCAR,-0.3125224517227894,3.8619247904,-0.66571042800882,-0.35318797628603055,3.5529708072,7.5693725893,35,local_max_drop
d-block,Fe-O,O,Fe41O56_757565_POSCAR,-0.2572547004958447,13.3800889595,-0.68461960850101,-0.4273649080051653,12.3508513473,25.2163215007,35,local_max_drop
d-block,Fe-O,O,FeO_1245001_POSCAR,-0.2557745286063249,13.2585033974,-0.61410035517814,-0.3583258265718151,12.1978231257,25.986666659,35,local_max_drop
d-block,Fe-O,O,FeO_1244983_POSCAR,-0.2498152573790734,13.3118772044,-0.61009219926855,-0.36027694188947657,12.246927028,26.0912793205,35,local_max_drop
d-block,Fe-O,O,Fe43O64_530050_POSCAR,-0.24504226243197402,11.0892888206,-0.66996195438234,-0.42491969195036594,10.2362666036,20.8990443157,35,local_max_drop
d-block,Fe-O,O,Fe23O25_705553_POSCAR,-0.23424477379551645,8.1786245113,-0.48784165291668,-0.2535968791211636,7.5243345504,16.0301040422,35,local_max_drop
d-block,Fe-O,O,FeO_1245168_POSCAR,-0.21773365077205326,13.1212368071,-0.55992833580128,-0.34219468502922673,12.0715378625,25.7176241419,35,local_max_drop
d-block,Fe-O,O,Fe21O23_706875_POSCAR,-0.207581693985602,8.2700874221,-0.43791507045927,-0.23033337647366797,7.6084804283,16.2093713473,35,local_max_drop
d-block,Fe-O,O,Fe10O11_705555_POSCAR,-0.19693840727870032,8.2601916609,-0.41600920084408,-0.21907079356537967,7.599376328,16.1899756554,35,local_max_drop
d-block,Fe-O,O,Fe25O32_1194978_POSCAR,-0.18793156022559737,19.784279112,-0.47981331472758,-0.2918817545019826,17.501477676,37.285756788,35,local_max_drop
d-block,Fe-O,O,Fe17O18_705424_POSCAR,-0.17754459755395488,8.5162617494,-0.36706189912878,-0.18951730157482513,7.8349608095,16.6918730289,35,local_max_drop
d-block,Fe-O,O,Fe2O3_1244869_POSCAR,-0.16785184268280468,13.846492162,-0.45591721263991,-0.2880653699571053,12.7813773803,26.0953121515,35,local_max_drop
d-block,Fe-O,O,Fe2O3_1245019_POSCAR,-0.16566926643041197,11.9094528677,-0.43273399723107,-0.267064730800658,10.9933411087,22.4447380969,35,local_max_drop
d-block,Fe-O,O,Fe2O3_1244911_POSCAR,-0.1617074042611391,11.2359837197,-0.44872992747061,-0.2870225232094709,10.3716772797,21.1755077794,35,local_max_drop
d-block,Fe-O,O,Fe3O4_705416_POSCAR,-0.1488125854069823,7.7011636,-0.39609982122623,-0.2472872358192477,7.1087664,14.5137314,35,local_max_drop
d-block,Fe-O,O,Fe14O15_764417_POSCAR,-0.14852718132419437,7.7816215904,-0.30423191755654,-0.15570473623234563,7.1590918632,15.2519783172,35,local_max_drop
d-block,Fe-O,O,Fe8O9_705588_POSCAR,-0.1453919085067881,7.7389339647,-0.31775655650113,-0.1723646479943419,7.1198192475,15.1683105708,35,local_max_drop
d-block,Fe-O,O,Fe2O3_1245154_POSCAR,-0.14367585351553935,13.3401376763,-0.40488507016032,-0.26120921664478064,12.3139732397,25.1410286977,35,local_max_drop
d-block,Fe-O,O,Fe3O4_650112_POSCAR,-0.14271503610801478,7.880548,-0.40254394990504,-0.2598289137970252,6.971254,14.851802,35,local_max_drop
d-block,Fe-O,O,Fe3O4_1185276_POSCAR,-0.1418498355825314,7.9378327286,-0.4005577133601,-0.2587078777775686,7.0219289522,14.9597616808,35,local_max_drop
d-block,Fe-O,O,Fe3O4_1182249_POSCAR,-0.14175870202642005,7.9011800915,-0.40007050778162,-0.25831180575519996,6.9895054656,14.8906855571,35,local_max_drop
d-block,Fe-O,O,Fe23O32_776135_POSCAR,-0.14130820293206475,10.944136077,-0.38310087158457,-0.24179266865250526,10.1022794557,20.6254872221,35,local_max_drop
d-block,Fe-O,O,Fe3O4_1181813_POSCAR,-0.1408402771567775,7.9146236,-0.39764586292014,-0.2568055857633625,7.0013978,14.9160214,35,local_max_drop
d-block,Fe-O,O,Fe3O4_1182229_POSCAR,-0.1365794987081963,7.9198691706,-0.40405774512791,-0.2674782464197137,7.3106484651,14.925907283,35,local_max_drop
d-block,Fe-O,O,Fe3O4_1379262_POSCAR,-0.13522644889900154,7.9189201,-0.40321014272862,-0.26798369382961845,7.3097724,14.92411865,35,local_max_drop
d-block,Fe-O,O,Fe2O3_1245078_POSCAR,-0.13502700528258055,13.0070500344,-0.4009819452993,-0.26595494001671943,12.0065077241,24.5132866033,35,local_max_drop
d-block,Fe-O,O,Fe13O14_705414_POSCAR,-0.1336895346455679,8.2002132404,-0.27820499531297,-0.1445154606674021,7.5441961812,16.0724179511,35,local_max_drop
d-block,Fe-O,O,Fe15O16_705551_POSCAR,-0.13090344319253408,7.8086394483,-0.29609740999339,-0.16519396680085593,7.1839482924,15.3049333186,35,local_max_drop
d-block,Fe-O,O,Fe2O3_1245277_POSCAR,-0.12837503838971864,13.3263006099,-0.38238910427935,-0.2540140658896314,12.301200563,25.1149511495,35,local_max_drop
d-block,Fe-O,O,Fe23O32_774295_POSCAR,-0.12717037084613836,11.2363469332,-0.36429955609511,-0.23712918524897164,9.9878639406,20.3918888788,35,local_max_drop
d-block,Fe-O,O,Fe12O13_764326_POSCAR,-0.1257354598636146,8.2009186517,-0.25801790831734,-0.13228244845372542,7.5448451596,16.0738005573,35,local_max_drop
d-block,Fe-O,O,Fe7O8_715333_POSCAR,-0.1188969526231056,7.3006695019,-0.27206214295464,-0.1531651903315344,6.7166159417,14.3093122237,35,local_max_drop
d-block,Fe-O,O,Fe2O3_1245084_POSCAR,-0.11606699219651351,13.8846973845,-0.38272387312218,-0.2666568809256665,12.8166437396,26.1673143016,35,local_max_drop
d-block,Fe-O,O,Fe15O16_1224936_POSCAR,-0.1157035076815763,7.4460829822,-0.28817675384873,-0.17247324616715368,6.8503963436,14.594322645,35,local_max_drop
d-block,Fe-O,O,Fe13O15_756693_POSCAR,-0.11527357585888195,6.3752049713,-0.25473086930093,-0.13945729344204802,5.8651885736,12.4954017437,35,local_max_drop
d-block,Fe-O,O,Fe21O32_530048_POSCAR,-0.11140679086778832,11.1936876236,-0.31227567743747,-0.20086888656968166,10.3645255774,20.3144701318,35,local_max_drop
d-block,Fe-O,O,FeO_849689_POSCAR,-0.11092744398569801,6.634828225,-0.24142221778859,-0.13049477380289198,6.104041967,13.004263321,35,local_max_drop
d-block,Fe-O,O,Fe11O12_705417_POSCAR,-0.11021405237746963,6.988906237,-0.23148748074352,-0.12127342836605036,6.4297937381,13.6982562246,35,local_max_drop
d-block,Fe-O,O,Fe2O3_715572_POSCAR,-0.10966056471181762,9.9145737979,-0.28564130686365,-0.1759807421518324,9.151914275,18.6851583115,35,local_max_drop
d-block,Fe-O,O,FeO_1178247_POSCAR,-0.10884195548720854,6.64894305,-0.24024589929813,-0.13140394381092146,6.117027606,13.031928378,35,local_max_drop
d-block,Fe-O,O,Fe2O3_776606_POSCAR,-0.1086837692005313,6.685347297,-0.28238540933562,-0.1737016401350887,6.1710898126,12.5993083675,35,local_max_drop
d-block,Fe-O,O,Fe2O3_1356129_POSCAR,-0.10618383541277787,8.7467892675,-0.2730519476331,-0.1668681122203221,8.0739593239,16.4843336196,35,local_max_drop
d-block,Fe-O,O,Fe2O3_565814_POSCAR,-0.10347451975377,9.7531680156,-0.27540548901691,-0.17193096926313997,9.3630412949,19.1162093105,35,local_max_drop
d-block,Fe-O,O,Fe2O3_1178392_POSCAR,-0.10129558996205043,6.45604375,-0.28142436305179,-0.1801287730897396,6.197802,12.65384575,35,local_max_drop
d-block,Fe-O,O,Fe10O11_759504_POSCAR,-0.1007935035651943,6.6201369773,-0.21056935952724,-0.10977585596204571,6.0905260191,12.9754684754,35,local_max_drop
d-block,Fe-O,O,Fe2O3_705547_POSCAR,-0.09428395484173205,7.7872136364,-0.24963501462429,-0.15535105978255795,7.1881972029,14.6759026225,35,local_max_drop
d-block,Fe-O,O,Fe13O19_1195927_POSCAR,-0.09343075254807359,12.8205567026,-0.25110866394209,-0.15767791139401643,11.3412616985,24.1618184011,35,local_max_drop
d-block,Fe-O,O,Fe2O3_542896_POSCAR,-0.09303046929604952,6.7799381,-0.25799425193745,-0.1649637826414005,6.2584044,12.77757565,35,local_max_drop
d-block,Fe-O,O,Fe7O9_705558_POSCAR,-0.0895999752307288,11.158333569,-0.28375587920631,-0.19415590397558122,10.3000002175,21.0291671107,35,local_max_drop
d-block,Fe-O,O,Fe3O4_715275_POSCAR,-0.08698060366237023,3.8425608,-0.22608563850889,-0.13910503484651976,3.3991884,7.2417492,35,local_max_drop
d-block,Fe-O,O,Fe3O4_1181570_POSCAR,-0.08671956049922486,3.8131288,-0.22513184912242,-0.13841228862319516,3.3731524,7.1862812,35,local_max_drop
d-block,Fe-O,O,Fe9O10_759037_POSCAR,-0.08649303588364987,6.6402369129,-0.18439500512929,-0.09790196924564012,6.1090179599,13.0148643494,35,local_max_drop
d-block,Fe-O,O,Fe3O4_1192788_POSCAR,-0.08400783092479847,3.8462307,-0.22532792115653,-0.14132009023173153,3.40243485,7.24866555,35,local_max_drop
d-block,Fe-O,O,Fe3O4_505595_POSCAR,-0.08009560892627156,3.9166139112,-0.20211337900578,-0.12201777007950844,3.615335918,7.3813108326,35,local_max_drop
d-block,Fe-O,O,Fe8O9_763787_POSCAR,-0.07776305448787141,6.4025308414,-0.1644931304591,-0.08673007597122859,5.8903283741,12.5489604492,35,local_max_drop
d-block,Fe-O,O,Fe5O8_510746_POSCAR,-0.07696708765400975,11.3665491,-0.26584455435974,-0.18887746670573027,10.1035992,20.6281817,35,local_max_drop
d-block,Fe-O,O,Fe3O4_715811_POSCAR,-0.07372511814264554,7.8092469,-0.20310652236351,-0.12938140422086447,7.2085356,14.71742685,35,local_max_drop
d-block,Fe-O,O,Fe3O4_715558_POSCAR,-0.07355183021134792,7.8219518,-0.20314333493611,-0.12959150472476208,7.2202632,14.7413707,35,local_max_drop
d-block,Fe-O,O,Fe3O4_1271821_POSCAR,-0.07185280035390812,6.8228419829,-0.20254731449272,-0.1306945141388119,6.0355909849,12.8584329678,35,local_max_drop
d-block,Fe-O,O,Fe3O4_1271978_POSCAR,-0.07141473909680787,7.5405899642,-0.20182442769952,-0.13040968860271213,6.6705218914,14.2111118556,35,local_max_drop
d-block,Fe-O,O,Fe3O4_1271729_POSCAR,-0.07135331428050526,7.5534213822,-0.20155905365473,-0.13020573937422475,6.6818727612,14.2352941434,35,local_max_drop
d-block,Fe-O,O,Fe3O4_1181657_POSCAR,-0.07085467776688126,7.885423,-0.19965273375262,-0.12879805598573874,6.9755665,14.8609895,35,local_max_drop
d-block,Fe-O,O,Fe3O4_716052_POSCAR,-0.0702247816185127,7.7851072,-0.20320707721641,-0.1329822955978973,7.1862528,14.6719328,35,local_max_drop
d-block,Fe-O,O,Fe3O4_510252_POSCAR,-0.06949582354756542,7.8589628,-0.20117984001623,-0.13168401646866457,7.2544272,14.8111222,35,local_max_drop
d-block,Fe-O,O,Fe3O4_1181546_POSCAR,-0.06805817381253779,7.8743106,-0.20098146853,-0.13292329471746223,7.2685944,14.8400469,35,local_max_drop
d-block,Fe-O,O,Fe7O8_32939_POSCAR,-0.06486083345459277,6.6398670544,-0.13905936173634,-0.07419852828174724,6.1086776901,13.0141394267,35,local_max_drop
d-block,Fe-O,O,Fe5O7_1326275_POSCAR,-0.06476374626766601,6.857674889,-0.16269426357849,-0.097930517310824,6.0664047095,12.9240795985,35,local_max_drop
d-block,Fe-O,O,Fe8O17_1182503_POSCAR,-0.06411675523770874,7.9420708414,-0.19076052276504,-0.12664376752733125,7.3537692976,14.4133878232,35,local_max_drop
d-block,Fe-O,O,Fe4O5_1188678_POSCAR,-0.06132698529983496,6.6088424125,-0.15539303798807,-0.09406605268823504,6.0801350195,12.9533311285,35,local_max_drop
d-block,Fe-O,O,Fe10O11_799417_POSCAR,-0.06082025710741398,8.847270882,-0.15939277102545,-0.09857251391803601,8.1667115834,16.6737028161,35,local_max_drop
d-block,Fe-O,O,Fe9O13_1342828_POSCAR,-0.057163415885720506,6.695139809,-0.14369114985753,-0.0865277339718095,6.1801290544,12.6177634861,35,local_max_drop
d-block,Fe-O,O,Fe2O3_715276_POSCAR,-0.05611130092025146,6.6880372782,-0.1459855921543,-0.08987429123404853,6.1735728721,12.6043779473,35,local_max_drop
d-block,Fe-O,O,Fe2O3_510080_POSCAR,-0.05598426496405566,6.46588875,-0.148669939843,-0.09268567487894434,6.2072532,12.67314195,35,local_max_drop
d-block,Fe-S,S,Fe3S_1189032_POSCAR,-0.11638966434808062,7.4709782,-0.23335261928889,-0.11696295494080938,6.67051625,13.07421185,35,local_max_drop
d-block,Fe-S,S,Fe11S12_1225858_POSCAR,-0.1074609909203812,9.0331575861,-0.34791929944886,-0.24045830852847883,8.3879320442,15.8080257756,35,local_max_drop
d-block,Fe-S,S,Fe2S_851357_POSCAR,-0.10578269978472296,7.1123326346,-0.25086715441454,-0.14508445462981703,6.604308875,12.4465821106,35,local_max_drop
d-block,Fe-S,S,Fe7S8_21688_POSCAR,-0.09887307269347648,9.302750002,-0.3230669674128,-0.22419389471932352,8.638267859,16.2798125035,35,local_max_drop
d-block,Fe-S,S,Fe2S_684641_POSCAR,-0.09580632763414482,6.4863140503,-0.2311386614558,-0.1353323338216552,5.7913518306,11.351049588,35,local_max_drop
d-block,Fe-S,S,Fe7S8_556435_POSCAR,-0.07969159809679585,9.21487,-0.31960388311789,-0.23991228502109416,8.8857675,16.1260225,35,local_max_drop
d-block,Fe-S,S,Fe7S12_684707_POSCAR,-0.06811259121148727,7.5653298,-0.3729346048142,-0.3048220136027127,7.29513945,13.23932715,35,local_max_drop
d-block,Fe-S,S,FeS_2779_POSCAR,-0.06377356986547889,6.8954145735,-0.19005346235382,-0.12627989248834112,6.3846431236,12.5139005222,35,local_max_drop
d-block,Hf-O,O,HfO2_1244885_POSCAR,-0.1581966049088147,15.8250651942,-0.51248685383251,-0.3542902489236953,14.7700608479,25.8476064839,35,local_max_drop
d-block,Hf-O,O,HfO2_1245112_POSCAR,-0.15816907171044575,15.8236662236,-0.50844260805045,-0.3502735363400043,14.768755142,25.8453214985,35,local_max_drop
d-block,Hf-O,O,HfO2_1245226_POSCAR,-0.15795074418975358,16.1172993856,-0.50852208333587,-0.35057133914611643,15.0428127599,26.3249223298,35,local_max_drop
d-block,Hf-O,O,HfO2_1244883_POSCAR,-0.1572269177311728,16.4906920661,-0.50927263143579,-0.35204571370461724,15.3913125951,26.9347970413,35,local_max_drop
d-block,Hf-O,O,HfO2_1245107_POSCAR,-0.15499392487257668,16.3695302672,-0.51036404042911,-0.3553701155565333,15.2782282494,26.7368994364,35,local_max_drop
d-block,Hf-O,O,HfO2_776097_POSCAR,-0.05499622149871011,7.21492713,-0.18525934251305,-0.1302631210143399,6.733931988,11.784380979,35,local_max_drop
d-block,Hf-O,O,HfO2_1858_POSCAR,-0.04925973658513695,7.304741328,-0.15991149622255,-0.11065175963741304,7.052853696,12.342493968,35,local_max_drop
d-block,Hf-O,O,HfO2_775757_POSCAR,-0.04252188874282381,14.6359104575,-0.14417780614424,-0.10165591740141619,14.13122389,24.7296418075,35,local_max_drop
d-block,Mn-O,O,Mn2O3_778470_POSCAR,-0.5650836296435212,11.4689797155,-1.2182071874956,-0.6531235578520788,10.194648636,20.8140742985,35,local_max_drop
d-block,Mn-O,O,Mn2O3_565203_POSCAR,-0.3904642848396677,12.4786779,-0.72994475268894,-0.33948046784927227,11.5187796,23.51750835,35,local_max_drop
d-block,Mn-O,O,Mn2O3_510604_POSCAR,-0.3882897864959043,12.7154629305,-0.71329783941133,-0.32500805291542567,11.7735767875,23.0762105035,35,local_max_drop
d-block,Mn-O,O,Mn2O3_1172875_POSCAR,-0.3809237315340661,12.4543497,-0.71924377535252,-0.33832004381845393,11.4963228,23.47165905,35,local_max_drop
d-block,Mn-O,O,Mn2O3_1204718_POSCAR,-0.3246782312700588,14.2502523635,-0.72567992911292,-0.4010016978428612,13.1946781144,25.8615691042,35,local_max_drop
d-block,Mn-O,O,Mn2O3_1203190_POSCAR,-0.3244483586930519,12.348482681,-0.72435308484506,-0.3999047261520081,11.4337802602,22.41020931,35,local_max_drop
d-block,Mn-O,O,MnO2_705430_POSCAR,-0.19216857566403545,8.187505984,-0.37435977798597,-0.18219120232193453,7.3102732,14.328135472,35,local_max_drop
d-block,Mn-O,O,Mn2O3_771717_POSCAR,-0.18160331992769738,6.8955497,-0.3508760149185,-0.16927269499080264,6.3651228,12.99545905,35,local_max_drop
d-block,Mn-O,O,Mn21O40_766493_POSCAR,-0.17954675746922885,13.5265726197,-0.352083843629,-0.17253708615977117,12.5246042775,24.5482243839,35,local_max_drop
d-block,Mn-O,O,Mn21O40_849596_POSCAR,-0.17566563694948067,7.8889881274,-0.3476639787411,-0.17199834179161932,7.3046186364,14.3170525274,35,local_max_drop
d-block,Mn-O,O,Mn20O43_1222372_POSCAR,-0.15987658677936842,10.7423062491,-0.32433194530912,-0.1644553585297516,9.9749986598,18.7990359358,35,local_max_drop
d-block,Mn-O,O,Mn5O7_1046066_POSCAR,-0.12415100704007065,6.98656764,-0.22215896872503,-0.09800796168495934,6.18042522,13.16699286,35,local_max_drop
d-block,Mn-O,O,Mn15O32_776603_POSCAR,-0.12024604921701934,8.051055353,-0.22983220301664,-0.10958615379962067,7.4759799706,14.0893468677,35,local_max_drop
d-block,Mn-O,O,Mn15O32_867971_POSCAR,-0.11845902202762655,11.5380823021,-0.2287999698797,-0.11034094785207345,10.7139335663,20.1916440287,35,local_max_drop
d-block,Mn-O,O,Mn3O4_1279995_POSCAR,-0.11164711231608368,3.990231603,-0.29745268888164,-0.18580557656555632,3.8367611568,7.5200518673,35,local_max_drop
d-block,Mn-O,O,Mn3O4_20141_POSCAR,-0.11048670040650652,3.990805,-0.29584085296341,-0.1853541525569035,3.8373125,7.5211325,35,local_max_drop
d-block,Mn-O,O,Mn2O3_1349371_POSCAR,-0.10681239922798202,15.221878408,-0.36808414844575,-0.26127174921776797,13.6472013313,25.7197255859,35,local_max_drop
d-block,Mn-O,O,Mn9O13_1045833_POSCAR,-0.10288229575131089,6.9047012863,-0.1906802059626,-0.0877979102112891,6.3735704181,13.0127062703,35,local_max_drop
d-block,Mn-O,O,MnO2_1354468_POSCAR,-0.09703882270300018,7.0719786756,-0.18814565329797,-0.09110683059496982,6.3142666747,12.3759626823,35,local_max_drop
d-block,Mn-O,O,MnO2_1350912_POSCAR,-0.09656170611221757,7.9100691825,-0.23279890278154,-0.13623719666932244,7.0625617701,13.8426210694,35,local_max_drop
d-block,Mn-O,O,Mn2O3_1043363_POSCAR,-0.09168281157697729,6.943213927,-0.16858216309324,-0.07689935151626272,6.409120548,13.0852877855,35,local_max_drop
d-block,Mn-O,O,Mn3O4_1180464_POSCAR,-0.09036466205677131,3.8974728,-0.16582940213341,-0.07546474007663868,3.5976672,7.3452372,35,local_max_drop
d-block,Mn-O,O,MnO2_1041066_POSCAR,-0.08624270133202237,7.107495948,-0.1813142261446,-0.09507152481257762,6.345978525,12.438117909,35,local_max_drop
d-block,Mn-O,O,Mn3O4_1180876_POSCAR,-0.08505633624797704,15.52410495,-0.15263190900393,-0.06757557275595297,13.7992044,28.17337565,35,local_max_drop
d-block,Mn-O,O,MnO_1232659_POSCAR,-0.07891622549362692,3.9432566119,-0.12457054999797,-0.04565432450434307,3.6277960829,7.7287829593,35,local_max_drop
d-block,Mn-O,O,MnO2_755489_POSCAR,-0.07164293877758844,7.9045869352,-0.14028637731148,-0.06864343853389156,7.3399735827,13.8330271365,35,local_max_drop
d-block,Mn-O,O,MnO2_1354190_POSCAR,-0.07053764797141222,3.985622928,-0.13843724254958,-0.06789959457816779,3.700935576,6.974840124,35,local_max_drop
d-block,Mn-O,O,Mn7O12_754430_POSCAR,-0.06999169183450975,8.2558021069,-0.14247422910401,-0.07248253726950026,7.3712518812,14.4476536871,35,local_max_drop
d-block,Mn-O,O,Mn3O4_18759_POSCAR,-0.06727755925994776,7.7528029121,-0.12906588778235,-0.06178832852240225,6.8913803663,14.0699015812,35,local_max_drop
d-block,Mn-O,O,Mn8O17_1221945_POSCAR,-0.06533802682676931,8.0007371772,-0.13044538825229,-0.06510736142552068,7.4292559502,14.00129006,35,local_max_drop
d-block,Mn-O,O,MnO_2831286_POSCAR,-0.059375599870428286,4.334932375,-0.10073666511183,-0.04136106524140172,3.988137785,8.496467455,35,local_max_drop
d-block,Mn-O,O,Mn3O4_638270_POSCAR,-0.030649509103810313,4.2661566,-0.19380065832357,-0.16315114921975968,4.1081508,7.7422842,35,local_max_drop
d-block,Mn-O,O,Mn3O4_1194100_POSCAR,-0.030096312282062304,4.27809195,-0.19092582683694,-0.1608295145548777,4.1196441,7.76394465,35,local_max_drop
d-block,Mn-O,O,Mn3O4_1193728_POSCAR,-0.02954460860347638,4.28301,-0.19498506081442,-0.1654404522109436,4.12438,7.77287,35,local_max_drop
d-block,Mo-O,O,Mo4O5_543061_POSCAR,-0.09562329098133507,8.4220595164,-0.26802953127154,-0.17240624029020493,7.8204838367,14.7386041537,35,local_max_drop
d-block,Mo-S,S,Mo15S19_31257_POSCAR,-0.1586130006063377,13.477614048,-0.47916344269779,-0.3205504420914523,12.548123424,22.772520288,35,local_max_drop
d-block,Mo-S,S,Mo21S8_1210708_POSCAR,-0.15307354420090913,17.0490915845,-0.45045281086321,-0.29737926666230086,15.8732921649,28.8070857808,35,local_max_drop
d-block,Mo-S,S,MoS2_990083_POSCAR,-0.07256000748609207,4.58632245,-0.31376257782807,-0.24120257034197792,4.27002435,7.74930345,35,local_max_drop
d-block,Mo-S,S,Mo7S8_673645_POSCAR,-0.06598367427147803,9.3130183255,-0.23571454026172,-0.16973086599024198,8.6707411996,15.7357895844,35,local_max_drop
d-block,Nb-O,O,NbO2_1245189_POSCAR,-0.23450786472112134,16.1746495812,-0.56235690020162,-0.32784903548049865,15.0963396091,26.4185943159,35,local_max_drop
d-block,Nb-O,O,NbO2_1244881_POSCAR,-0.2227402871332395,17.1751214819,-0.50942294017835,-0.2866826530451105,16.0301133831,28.0526984205,35,local_max_drop
d-block,Nb-O,O,NbO2_1244973_POSCAR,-0.2093230937452945,16.9462967144,-0.51128182262518,-0.30195872887988545,15.8165436001,27.6789513002,35,local_max_drop
d-block,Nb-O,O,NbO2_821_POSCAR,-0.12374423648427918,8.6576784311,-0.27914021811934,-0.1553959816350608,8.080499869,14.1408747708,35,local_max_drop
d-block,Nb-O,O,Nb4O5_28212_POSCAR,-0.12146415168163767,7.020640276,-0.20435161721472,-0.08288746553308234,6.0522761,11.862461156,35,local_max_drop
d-block,Nb-O,O,Nb2O5_581967_POSCAR,-0.12073083403106669,5.807859,-0.33254724592498,-0.2118164118939133,5.6142637,9.4861697,35,local_max_drop
d-block,Nb-O,O,Nb12O29_1470_POSCAR,-0.11771948018968012,16.129663815,-0.29814452368421,-0.1804250434945299,15.054352894,26.3451175645,35,local_max_drop
d-block,Nb-O,O,Nb2O5_766361_POSCAR,-0.096989929722968,17.262906551,-0.25139179996831,-0.15440187024534202,16.6874763326,28.1960807,35,local_max_drop
d-block,Nb-O,O,NbO2_649729_POSCAR,-0.09481871422428213,17.3951693115,-0.2130756080169,-0.11825689379261788,16.2354913574,28.4121098754,35,local_max_drop
d-block,Nb-O,O,NbO2_776975_POSCAR,-0.08256971902766637,7.3315451,-0.18405705249879,-0.10148733347112364,6.8259213,12.3877831,35,local_max_drop
d-block,Nb-O,O,Nb2O5_1364247_POSCAR,-0.07644742790978781,5.7473204262,-0.1959696334873,-0.1195222055775122,5.3641657311,9.3872900295,35,local_max_drop
d-block,Nb-O,O,Nb2O5_1201852_POSCAR,-0.07112926626681383,5.7109627894,-0.18805534975236,-0.11692608348554616,5.5205973631,9.3279058894,35,local_max_drop
d-block,Nb-O,O,Nb2O5_680944_POSCAR,-0.07085805048875272,5.7486203467,-0.18992939208418,-0.11907134159542727,5.5569996685,9.389413233,35,local_max_drop
d-block,Nb-O,O,Nb2O5_556048_POSCAR,-0.06877817346718117,22.799248372,-0.18050212786957,-0.11172395440238884,21.3283291222,36.0375216203,35,local_max_drop
d-block,Nb-O,O,NbO2_557057_POSCAR,-0.06244482868390011,8.3029826576,-0.14056680333736,-0.07812197465345988,7.7494504805,13.5615383408,35,local_max_drop
d-block,Nb-O,O,Nb12O29_510554_POSCAR,-0.059378001944367945,14.8639712612,-0.1497853037708,-0.09040730182643204,13.8730398438,24.2778197266,35,local_max_drop
d-block,Nb-S,S,Nb14S5_683941_POSCAR,-1.0842023921852435,4.9286324035,-1.697372122885,-0.6131697306997566,4.2488210375,8.3276892335,35,local_max_drop
d-block,Nb-S,S,Nb21S8_31381_POSCAR,-0.40793463437078936,4.8525851872,-0.63820988505848,-0.23027525068769064,4.1832630925,8.1991956612,35,local_max_drop
d-block,Nb-S,S,Nb11S12_684971_POSCAR,-0.33385265421477334,12.3614413043,-0.62660388622397,-0.29275123200919667,10.595521118,17.306017826,35,local_max_drop
d-block,Nb-S,S,Nb11S12_1173629_POSCAR,-0.29275678094846486,8.2983767111,-0.5331113709531,-0.24035459000463516,7.1537730268,14.0213951325,35,local_max_drop
d-block,Nb-S,S,Nb25S48_684620_POSCAR,-0.22276523433893675,17.3510431702,-0.5727554200181,-0.34999018567916323,16.1544195033,29.3172798393,35,local_max_drop
d-block,Nb-S,S,Nb5S8_1220654_POSCAR,-0.14304461198515556,8.446288338,-0.35313464259937,-0.21009003061421444,7.863785694,14.271314778,35,local_max_drop
d-block,Nb-S,S,Nb3S5_32983_POSCAR,-0.12997694634929685,11.4546519347,-0.2894586224019,-0.15948167605260316,9.8746999437,19.3544118897,35,local_max_drop
d-block,Nb-S,S,Nb7S8_1220475_POSCAR,-0.08252154851363616,9.7697431405,-0.18533070466347,-0.10280915614983382,9.0959677515,16.5074970305,35,local_max_drop
d-block,Nb-S,S,Nb3S4_12627_POSCAR,-0.07588068403188918,14.0282615965,-0.14673216623859,-0.07085148220670083,12.0933289625,23.7029247665,35,local_max_drop
d-block,Nb-S,S,Nb3S5_1220657_POSCAR,-0.06495556586606091,8.4320013552,-0.14474915475805,-0.07979358889198909,7.2689666855,14.2471747036,35,local_max_drop
d-block,Ni-O,O,Ni15O16_1100319_POSCAR,-0.2641469386601428,7.1154430754,-0.43800694750537,-0.17386000884522715,6.5462076293,13.9462684277,35,local_max_drop
d-block,Ni-O,O,Ni15O16_705519_POSCAR,-0.26302619744092176,8.5757738126,-0.4371026438945,-0.17407644645357823,7.8897119076,16.8085166728,35,local_max_drop
d-block,Ni-O,O,Ni15O16_33255_POSCAR,-0.23939963946071566,7.0932960802,-0.42304065461219,-0.18364101515147432,6.5258323938,13.9028603173,35,local_max_drop
d-block,Ni-O,O,Ni6O7_766450_POSCAR,-0.1769853746531678,6.5545461223,-0.30560094020648,-0.1286155655533122,5.798252339,12.3527984613,35,local_max_drop
d-block,Ni-O,O,Ni9O10_656884_POSCAR,-0.1527195838597728,6.311011728,-0.25514584576419,-0.10242626190441723,5.8061307898,12.3695829869,35,local_max_drop
d-block,Ni-O,O,Ni5O7_1046095_POSCAR,-0.12899358294698038,3.6336275,-0.23963363838691,-0.11064005543992962,3.3429373,7.1219099,35,local_max_drop
d-block,Ni-O,O,Ni9O13_1045896_POSCAR,-0.11165543613343495,3.657991065,-0.20990468982703,-0.09824925369359505,3.3653517798,7.1696624875,35,local_max_drop
d-block,Ni-O,O,NiO2_1042045_POSCAR,-0.10236400541834537,7.3753070738,-0.25544851210748,-0.15308450668913462,6.8079757604,13.8996171775,35,local_max_drop
d-block,Ni-O,O,Ni2O3_1043875_POSCAR,-0.0998739936890189,3.7735854,-0.18265851019086,-0.08278451650184109,3.4833096,7.1117571,35,local_max_drop
d-block,Ni-O,O,NiO2_1354141_POSCAR,-0.09385686475813751,6.5920578098,-0.1988773516625,-0.1050204869043625,6.1037572313,11.9633641733,35,local_max_drop
d-block,Ni-O,O,Ni5O4_1220234_POSCAR,-0.09307453972358407,6.2836879623,-0.1506281698485,-0.05755363012491594,5.7809929253,12.3160284061,35,local_max_drop
d-block,Ni-O,O,NiO2_1041256_POSCAR,-0.08859093477932373,7.574784066,-0.19407591692732,-0.10548498214799629,6.733141392,13.746830342,35,local_max_drop
d-block,Ni-O,O,Ni4O3_1094096_POSCAR,-0.07587500141572612,5.20504875,-0.1191686925992,-0.043293691183473884,4.5804429,10.20189555,35,local_max_drop
d-block,Ni-O,O,Ni5O6_754806_POSCAR,-0.07289810713683018,6.4677513107,-0.12628745524423,-0.05338934810739981,5.7214723134,12.1892236241,35,local_max_drop
d-block,Ni-O,O,Ni3O4_754800_POSCAR,-0.07246828753795091,12.6503694514,-0.1326871789778,-0.060218891439849084,11.1907114378,23.8410808892,35,local_max_drop
d-block,Ni-O,O,Ni4O_1094082_POSCAR,-0.07110532074667184,5.0214138,-0.11125368296011,-0.040148362213438156,4.2488886,9.4634337,35,local_max_drop
d-block,Ni-O,O,NiO2_1369444_POSCAR,-0.07067576291192433,3.78503145,-0.14570550974503,-0.07502974683310566,3.50465875,6.86913115,35,local_max_drop
d-block,Ni-O,O,Ni3O4_656887_POSCAR,-0.06906375762699932,6.8243491084,-0.12685779731418,-0.05779403968718069,5.8133344257,12.3849298634,35,local_max_drop
d-block,Ni-O,O,Ni5O4_1094094_POSCAR,-0.054814080271670194,5.69939875,-0.11027809600502,-0.05546401573334981,5.24344685,11.17082155,35,local_max_drop
d-block,Ni-S,S,Ni9S8_1202035_POSCAR,-0.33664148575098346,12.4269911722,-0.70338415140536,-0.3667426656543766,11.0955278323,21.7472345513,35,local_max_drop
d-block,Ni-S,S,Ni17S18_28105_POSCAR,-0.1867732851825731,10.517651828,-0.40742522489184,-0.22065193970926691,9.7385665074,19.0875903546,35,local_max_drop
d-block,Ni-S,S,Ni9S8_976920_POSCAR,-0.16451106102431323,10.08150668,-0.36033375185264,-0.19582269082832676,9.00134525,17.64263669,35,local_max_drop
d-block,Ni-S,S,Ni3S_976881_POSCAR,-0.09967461591765209,6.611705438,-0.17084851342682,-0.07117389750916792,6.103112712,12.460521787,35,local_max_drop
d-block,Ni-S,S,Ni9S10_767469_POSCAR,-0.09530175725716818,7.4901808628,-0.21226887952399,-0.11696712226682184,6.9353526507,13.5932911954,35,local_max_drop
d-block,Ni-S,S,Ni3S2_850086_POSCAR,-0.08331118011992433,7.79647626,-0.15621676735008,-0.07290558723015567,7.2189595,14.14916062,35,local_max_drop
d-block,Pd-O,O,Pd7O8_684657_POSCAR,-0.3659186590475132,7.23243375,-1.0339057598992,-0.6679871008516869,6.9431364,14.17557015,35,local_max_drop
d-block,Pd-O,O,Pd7O8_1219936_POSCAR,-0.05716387490038184,7.1951275,-0.17195602551199,-0.11479215061160815,6.9073224,14.1024499,35,local_max_drop
d-block,Pd-S,S,Pd16S7_393_POSCAR,-0.16540403715810736,9.5449700676,-0.41245486494577,-0.24705082778766263,8.8107416008,17.988597435,35,local_max_drop
d-block,Pd-S,S,Pd4S_7819_POSCAR,-0.1139820992748849,6.701033651,-0.23554909158592,-0.1215669923110351,6.185569524,12.6288711115,35,local_max_drop
d-block,Pd-S,S,Pd3S_558378_POSCAR,-0.07039600557361585,5.919125043,-0.15752797080641,-0.08713196523279416,5.463807732,11.1552741195,35,local_max_drop
d-block,Rh-O,O,Rh2O3_613620_POSCAR,-0.14322330082407653,6.9711779115,-0.3812321494183,-0.2380088485942235,6.4547943625,12.6513969505,35,local_max_drop
d-block,Rh-O,O,Rh2O3_1179690_POSCAR,-0.07682880436468113,3.9812435,-0.2006161969243,-0.12378739255961886,3.82811875,7.50311275,35,local_max_drop
d-block,Rh-O,O,Rh2O3_1716_POSCAR,-0.07286330013776543,7.004331684,-0.19746616567793,-0.12460286554016456,6.4854923,12.711564908,35,local_max_drop
d-block,Rh-O,O,Rh2O3_1189664_POSCAR,-0.06854112337427551,3.75801795,-0.17160266370137,-0.1030615403270945,3.47964625,6.82010665,35,local_max_drop
d-block,Rh-S,S,Rh17S15_21991_POSCAR,-0.2544271733254264,13.9242096,-0.72864553689384,-0.4742183635684136,12.9296232,24.3673668,35,local_max_drop
d-block,Sc-O,O,Sc20O19_684697_POSCAR,-0.4387089915759971,11.6485315668,-0.60177178216492,-0.16306279058892292,10.8451845622,19.6820016129,35,local_max_drop
d-block,Sc-O,O,Sc16O15_759946_POSCAR,-0.3493941276164091,8.8020989185,-0.47935847648775,-0.12996434887134092,8.1950576138,14.8725119658,35,local_max_drop
d-block,Sc-O,O,Sc2O3_216_POSCAR,-0.23342918106744315,11.6769937915,-0.34701631804527,-0.11358713697782687,10.8716838748,19.730092958,35,local_max_drop
d-block,Sc-O,O,Sc2O3_775837_POSCAR,-0.20623111339743644,7.91391295,-0.31572657530381,-0.10949546190637353,7.36812585,13.37178395,35,local_max_drop
d-block,Sc-O,O,Sc2O3_558748_POSCAR,-0.09556420987765374,4.642051982,-0.1431275893153,-0.047563379437646276,4.321910466,7.843467142,35,local_max_drop
d-block,Sc-O,O,Sc2O3_755313_POSCAR,-0.058982412406137635,6.7158773353,-0.087549483758748,-0.028567071352610367,6.2527133811,11.3475168768,35,local_max_drop
d-block,Sc-O,O,Sc2O3_754455_POSCAR,-0.055839606227558944,6.7811818876,-0.082398583697323,-0.02655897746976406,6.3135141712,11.4578590514,35,local_max_drop
d-block,Sc-S,S,Sc29S42_684978_POSCAR,-0.27794470916080904,8.8928752884,-0.52072728758656,-0.24278257842575093,8.2576699106,15.5625317547,35,local_max_drop
d-block,Sc-S,S,Sc2S3_401_POSCAR,-0.0679041333359399,8.8068773466,-0.13385221607918,-0.06594808274324009,8.4923460128,15.4120353566,35,local_max_drop
d-block,Sc-S,S,Sc2S3_1105836_POSCAR,-0.06468526348873396,8.67482,-0.13466562799008,-0.06998036450134604,8.05519,15.180935,35,local_max_drop
d-block,Ta-O,O,Ta11O2_673681_POSCAR,-0.2558979205585986,13.7340285324,-0.43627836545709,-0.18038044489849134,11.8396797693,23.2057723478,35,local_max_drop
d-block,Ta-O,O,Ta6O_1218065_POSCAR,-0.1518329181254975,7.089789761,-0.25350033503167,-0.10166741690617251,6.111887725,11.979299941,35,local_max_drop
d-block,Ta-O,O,Ta22O21_684943_POSCAR,-0.1155898215724018,4.2447995409,-0.32856205361643,-0.21297223204402818,3.952054745,7.1722475001,35,local_max_drop
d-block,Ta-O,O,Ta10O9_685006_POSCAR,-0.09352904883474845,23.388281563,-0.19353274065326,-0.10000369181851156,20.1623116922,39.5181309168,35,local_max_drop
d-block,Ta-O,O,TaO2_510_POSCAR,-0.05823251980476196,14.774155769,-0.22338728687536,-0.16515476707059804,14.2647021218,24.9632287132,35,local_max_drop
d-block,Ta-O,O,TaO2_683983_POSCAR,-0.055277173885416295,17.1691344152,-0.17736851712931,-0.12209134324389372,16.0245254542,28.0429195449,35,local_max_drop
d-block,Ta-S,S,Ta6S_27467_POSCAR,-0.2798808034141286,7.7662169259,-0.48513689027867,-0.20525608686454141,6.4718474383,12.684820979,35,local_max_drop
d-block,Ta-S,S,Ta2S_555935_POSCAR,-0.24142549997430796,8.1496527465,-0.46433483395467,-0.22290933398036206,7.0255627125,13.7701029165,35,local_max_drop
d-block,Ta-S,S,Ta27S50_530018_POSCAR,-0.14281061508972398,15.1540861499,-0.45645532624522,-0.313644711155496,13.0638673706,25.6051800464,35,local_max_drop
d-block,Ta-S,S,Ta6S_558552_POSCAR,-0.1403832261406703,7.7892988123,-0.24369032694418,-0.10330710080350969,6.4910823436,12.7225213935,35,local_max_drop
d-block,Ta-S,S,Ta3S2_1826_POSCAR,-0.11268721160836903,7.7894299665,-0.22416607575297,-0.11147886414460098,6.7150258332,13.1614506331,35,local_max_drop
d-block,Tc-O,O,Tc2O7_27485_POSCAR,-0.3130755057089796,4.687697691,-0.37474705355392,-0.061671547844940416,8.27240769,13.511599227,35,local_max_drop
d-block,Ti-O,O,Ti3O_1245140_POSCAR,-1.6057661461466,15.6594515541,-2.1655940549633,-0.5598279088167002,14.0395082899,26.4590733156,35,local_max_drop
d-block,Ti-O,O,Ti3O_1245176_POSCAR,-1.602777455891307,15.8280423853,-2.1683140458917,-0.5655365900003927,14.1906586902,26.7439336855,35,local_max_drop
d-block,Ti-O,O,Ti3O_1244956_POSCAR,-1.531324829410181,16.5855760455,-2.1044900212952,-0.5731651918850189,14.8698267994,28.0239043528,35,local_max_drop
d-block,Ti-O,O,Ti2O_1245186_POSCAR,-1.3910837705758354,15.7968916122,-1.8991198357901,-0.5080360652142646,14.1627304109,26.6912996206,35,local_max_drop
d-block,Ti-O,O,Ti2O_1245309_POSCAR,-1.3818686716856257,16.1719757344,-1.9120784416738,-0.5302097699881742,15.0168346105,28.3009575352,35,local_max_drop
d-block,Ti-O,O,Ti2O_1245066_POSCAR,-1.3776148011834228,15.3345602303,-1.8988272218312,-0.5212124206477771,13.7482264134,25.9101190098,35,local_max_drop
d-block,Ti-O,O,Ti2O_1245206_POSCAR,-1.3504474473914758,15.7002614937,-1.8797256284916,-0.529278181100124,14.5788142442,27.475457614,35,local_max_drop
d-block,Ti-O,O,Ti2O_1244955_POSCAR,-1.3375795218558078,16.1623987106,-1.8838729405441,-0.5462934186882922,15.0079416598,28.2841977435,35,local_max_drop
d-block,Ti-O,O,TiO_1245294_POSCAR,-0.8772661798674313,15.31471241,-1.2608821403681,-0.38361596050066876,13.7304318158,25.8765830375,35,local_max_drop
d-block,Ti-O,O,TiO_1244944_POSCAR,-0.8729756938612376,15.463252883,-1.2584854593046,-0.38550976544336235,13.8636060331,26.1275652161,35,local_max_drop
d-block,Ti-O,O,TiO_1245141_POSCAR,-0.8661566572037951,15.6586610308,-1.244778833053,-0.37862217584920493,14.0387995448,26.4577376037,35,local_max_drop
d-block,Ti-O,O,TiO_1244926_POSCAR,-0.8644467268983845,15.1174301533,-1.2543197941453,-0.3898730672469154,13.5535580685,25.5432440521,35,local_max_drop
d-block,Ti-O,O,TiO_1245324_POSCAR,-0.8495392792618922,15.0616903486,-1.2216638263225,-0.3721245470606077,13.5035844505,25.4490630028,35,local_max_drop
d-block,Ti-O,O,Ti3O_557812_POSCAR,-0.466574558045589,7.189477806,-0.60816939941919,-0.14159484137360104,6.675943677,12.5815861605,35,local_max_drop
d-block,Ti-O,O,Ti3O5_1245135_POSCAR,-0.46036360329740533,16.607863865,-0.74089057873095,-0.28052697543354466,15.4624939433,28.0615630823,35,local_max_drop
d-block,Ti-O,O,Ti3O5_1245086_POSCAR,-0.43778531857330855,15.8866752578,-0.69601615288077,-0.25823083430746147,14.7910424814,26.8430030217,35,local_max_drop
d-block,Ti-O,O,Ti3O5_1245051_POSCAR,-0.437537025884674,15.5452976882,-0.6908505982888,-0.253313572404126,14.4732081925,26.2661926456,35,local_max_drop
d-block,Ti-O,O,TiO_673667_POSCAR,-0.42972577310359616,5.9924302009,-0.608607270089,-0.17888149698540382,5.5643994723,10.4867528516,35,local_max_drop
d-block,Ti-O,O,Ti3O5_1245292_POSCAR,-0.426448938516299,15.7309488723,-0.69320069322609,-0.266751754709791,14.6460558467,26.5798791291,35,local_max_drop
d-block,Ti-O,O,Ti9O8_32544_POSCAR,-0.425923939979353,8.4824307237,-0.5920895133535,-0.166165573374147,7.8765428149,14.8442537665,35,local_max_drop
d-block,Ti-O,O,Ti3O5_1245031_POSCAR,-0.4212435977005029,15.7673411194,-0.67048845655028,-0.24924485884977712,14.6799382836,26.6413694776,35,local_max_drop
d-block,Ti-O,O,Ti10O11_684733_POSCAR,-0.40761506240705375,9.0425672833,-0.58911293109816,-0.18149786869110623,8.3966696202,15.8244927458,35,local_max_drop
d-block,Ti-O,O,Ti13O22_656852_POSCAR,-0.35509669033693764,11.0093718649,-0.53720568617587,-0.1821089958389323,10.2501048398,18.6020421166,35,local_max_drop
d-block,Ti-O,O,Ti6O_882_POSCAR,-0.31394821010545854,7.14670649,-0.40377568948832,-0.08982747938286144,6.636227455,12.5067363575,35,local_max_drop
d-block,Ti-O,O,Ti6O_554098_POSCAR,-0.31290831099252286,7.147420504,-0.40259973004758,-0.08969141905505712,6.636890468,12.507985882,35,local_max_drop
d-block,Ti-O,O,Ti3O_2591_POSCAR,-0.3106229432313659,7.192284764,-0.40500213268747,-0.09437918945610409,6.678550138,12.586498337,35,local_max_drop
d-block,Ti-O,O,Ti19O30_760075_POSCAR,-0.27919703893425385,7.3106677496,-0.42626793953177,-0.14707090059751612,6.8064837668,12.3525075768,35,local_max_drop
d-block,Ti-O,O,TiO2_1245308_POSCAR,-0.2640635721117077,15.62876539,-0.46277719520256,-0.1987136230908523,14.065888851,25.5269834704,35,local_max_drop
d-block,Ti-O,O,TiO2_1245134_POSCAR,-0.24698705928461412,15.5434684436,-0.43595502879214,-0.18896796950752587,14.507237214,25.3876651245,35,local_max_drop
d-block,Ti-O,O,TiO2_1245098_POSCAR,-0.24275202853251,15.7947194436,-0.41238187258904,-0.16962984405653003,14.7417381474,25.7980417579,35,local_max_drop
d-block,Ti-O,O,TiO2_1245321_POSCAR,-0.23954297149125395,15.404109505,-0.42673145225516,-0.18718848076390607,14.3771688713,25.1600455248,35,local_max_drop
d-block,Ti-O,O,Ti9O17_27273_POSCAR,-0.22189130052466824,8.0142048918,-0.36304989203643,-0.14115859151176177,7.4615011061,13.5412427482,35,local_max_drop
d-block,Ti-O,O,Ti5O8_759920_POSCAR,-0.21891127242035496,7.8970588645,-0.33491000850185,-0.11599873608149502,7.3524341153,13.3433063573,35,local_max_drop
d-block,Ti-O,O,Ti4O7_12205_POSCAR,-0.2185507642842827,8.0732924114,-0.34457522776168,-0.1260244634773973,7.5165136244,13.6410802813,35,local_max_drop
d-block,Ti-O,O,Ti11O14_1101463_POSCAR,-0.21075056479011267,15.4584078355,-0.30141266743203,-0.09066210264191733,13.8592621973,26.1193787565,35,local_max_drop
d-block,Ti-O,O,Ti11O14_759754_POSCAR,-0.20852535596078997,7.1525743555,-0.30050630607618,-0.09198095011539004,6.6592933654,12.0853842558,35,local_max_drop
d-block,Ti-O,O,Ti11O14_2739250_POSCAR,-0.20736942733271246,7.1350206623,-0.29724033182038,-0.08987090448766755,6.6429502718,12.0557245673,35,local_max_drop
d-block,Ti-O,O,Ti2O3_776456_POSCAR,-0.2031457850032429,18.9572718469,-0.31209640890404,-0.1089506239007971,16.9961747593,32.0312524309,35,local_max_drop
d-block,Ti-O,O,Ti4O7_778663_POSCAR,-0.19940503028169068,8.5645154943,-0.31599603931737,-0.11659100903567934,7.9738592533,14.4710779042,35,local_max_drop
d-block,Ti-O,O,Ti8O15_565700_POSCAR,-0.19904894900756956,7.9794720118,-0.32452411827747,-0.12547516926990046,7.4291635972,13.4825561579,35,local_max_drop
d-block,Ti-O,O,Ti10O13_753593_POSCAR,-0.18645969957705766,17.4648793332,-0.26738742366678,-0.08092772408972233,16.2604048965,29.509623701,35,local_max_drop
d-block,Ti-O,O,Ti7O13_556724_POSCAR,-0.17669338432284298,8.0452008666,-0.2866045419327,-0.10991115760985705,7.4903594275,13.5936152573,35,local_max_drop
d-block,Ti-O,O,TiO2_1201727_POSCAR,-0.17196645927134083,4.3024646645,-0.28141338705904,-0.10944692778769918,4.154103814,7.2696816745,35,local_max_drop
d-block,Ti-O,O,Ti9O10_32813_POSCAR,-0.16631993693690378,6.5310481565,-0.24291255751826,-0.07659262058135623,5.8554224852,11.035219299,35,local_max_drop
d-block,Ti-O,O,Ti5O7_1045759_POSCAR,-0.16561567936977173,7.4908732315,-0.2447005228681,-0.07908484349832827,6.715955311,12.6569927015,35,local_max_drop
d-block,Ti-O,O,Ti9O10_1217149_POSCAR,-0.1621387312124421,7.3995547904,-0.22937112561636,-0.06723239440391791,6.6340836052,12.5026960252,35,local_max_drop
d-block,Ti-O,O,Ti11O18_760747_POSCAR,-0.15759925446365192,7.8877123153,-0.24228892678604,-0.08468967232238807,7.3437321556,13.3275139121,35,local_max_drop
d-block,Ti-O,O,Ti3O_554032_POSCAR,-0.15682785425456067,7.177583336,-0.2040326749797,-0.047204820725139346,6.664898812,12.560770838,35,local_max_drop
d-block,Ti-O,O,Ti3O2_978968_POSCAR,-0.15566816309818293,6.4046480962,-0.20784325718653,-0.05217509408834706,5.9471732322,11.2081341683,35,local_max_drop
d-block,Ti-O,O,Ti2O3_1188323_POSCAR,-0.15526438678492854,4.1151663085,-0.23192455772525,-0.07666017094032146,3.8313617355,6.9532120385,35,local_max_drop
d-block,Ti-O,O,Ti6O11_30524_POSCAR,-0.15436191910005354,7.9324341218,-0.24870993130241,-0.09434801220235647,7.3853696996,13.4030783437,35,local_max_drop
d-block,Ti-O,O,Ti9O13_1045643_POSCAR,-0.1457484353987708,7.3488087705,-0.21669219008442,-0.0709437546856492,6.5885871736,12.4169527502,35,local_max_drop
d-block,Ti-O,O,Ti2O_1217152_POSCAR,-0.139388964249716,4.2596842415,-0.18914159464571,-0.04975263039599401,3.6721415875,7.1973975115,35,local_max_drop
d-block,Ti-O,O,TiO2_775938_POSCAR,-0.13833913785853819,6.589172766,-0.23517662539986,-0.0968374875413218,6.361959912,11.133429846,35,local_max_drop
d-block,Ti-O,O,Ti6O11_559964_POSCAR,-0.13833407572915382,5.446225143,-0.22149367495097,-0.08315959922181618,5.070623409,9.202242483,35,local_max_drop
d-block,Ti-O,O,TiO2_1350429_POSCAR,-0.137070117424972,8.7745206929,-0.23655841087038,-0.099488293445408,7.8970686236,14.3317171317,35,local_max_drop
d-block,Ti-O,O,Ti5O9_748_POSCAR,-0.1320103528774551,7.8346501955,-0.21076382988784,-0.0787534770103849,7.2943294923,13.2378572269,35,local_max_drop
d-block,Ti-O,O,Ti7O8_779692_POSCAR,-0.12671219656296395,7.1877874823,-0.18108803126116,-0.054375834698196054,6.44422326,12.1448822977,35,local_max_drop
d-block,Ti-O,O,Ti2O3_1046793_POSCAR,-0.12217423999284772,7.4143864855,-0.18503344965207,-0.06285920965922227,6.9030494865,12.5277564755,35,local_max_drop
d-block,Ti-O,O,TiO_685151_POSCAR,-0.11990942754761633,3.937202091,-0.16953364037092,-0.04962421282330367,3.6559733703,6.8901036593,35,local_max_drop
d-block,Ti-O,O,Ti2O3_776655_POSCAR,-0.11974686087898614,7.4689601209,-0.17971005935235,-0.05996319847336385,6.953859423,12.6199671009,35,local_max_drop
d-block,Ti-O,O,TiO2_1380335_POSCAR,-0.11744540772693962,9.031272885,-0.18665466879603,-0.06920926106909037,8.1281455965,14.7510790455,35,local_max_drop
d-block,Ti-O,O,TiO2_1190753_POSCAR,-0.11635289056879529,7.0235564,-0.19092640372659,-0.07457351315779472,6.5391732,11.8673884,35,local_max_drop
d-block,Ti-O,O,Ti8O13_752989_POSCAR,-0.11188516394540435,8.9874275251,-0.16869470036884,-0.05680953642343564,8.3676049372,15.1856534045,35,local_max_drop
d-block,Ti-O,O,TiO2_1044853_POSCAR,-0.11185242648675928,9.04229751,-0.18171755456389,-0.06986512807713072,8.439477676,14.769085933,35,local_max_drop
d-block,Ti-O,O,TiO_1203_POSCAR,-0.10061194353757184,5.9939589758,-0.14152494575843,-0.040913002220858155,5.5805824947,10.1277237866,35,local_max_drop
d-block,Ti-O,O,Ti4O3_1217135_POSCAR,-0.10044370485188496,5.4270967376,-0.13656582130751,-0.036122116455625033,5.0394469706,9.4974192908,35,local_max_drop
d-block,Ti-O,O,TiO2_756587_POSCAR,-0.09389035361051064,8.623247382,-0.14812784456,-0.05423749094948936,8.028540666,14.570314542,35,local_max_drop
d-block,Ti-O,O,TiO2_754769_POSCAR,-0.0897534952009153,27.1980840865,-0.14924601088638,-0.05949251568546471,26.260219118,45.9553834565,35,local_max_drop
d-block,Ti-O,O,TiO2_1341203_POSCAR,-0.08778076071324199,7.5175743,-0.13280802362638,-0.04502726291313801,6.9991209,12.7021083,35,local_max_drop
d-block,Ti-O,O,TiO2_1840_POSCAR,-0.08699002300240333,7.466222666,-0.14496225554598,-0.05797223254357666,7.208766712,12.615341746,35,local_max_drop
d-block,Ti-O,O,TiO2_756655_POSCAR,-0.08625801901468448,12.8801811185,-0.14109146288839,-0.05483344387370552,12.436036942,21.7630646485,35,local_max_drop
d-block,Ti-O,O,Ti3O5_556754_POSCAR,-0.08615432419164129,7.3170435914,-0.13276601147539,-0.046611687283748704,6.8124198955,12.363280551,35,local_max_drop
d-block,Ti-O,O,TiO2_2901430_POSCAR,-0.08606876443158745,7.4808417255,-0.13247251107486,-0.04640374664327254,6.9649216065,12.6400429155,35,local_max_drop
d-block,Ti-O,O,TiO2_2739239_POSCAR,-0.08428315704802958,4.504016655,-0.13700173979113,-0.05271858274310043,4.203748878,7.3565605365,35,local_max_drop
d-block,Ti-O,O,Ti3O5_1147_POSCAR,-0.08299266106757662,5.563584837,-0.12684382088225,-0.04385115981467337,5.179889331,9.400539897,35,local_max_drop
d-block,Ti-O,O,TiO2_849533_POSCAR,-0.0804261340186137,4.3743687,-0.13218149074583,-0.05175535672721629,4.2235284,7.3911747,35,local_max_drop
d-block,Ti-O,O,Ti3O5_556480_POSCAR,-0.07817366982695784,7.6005197209,-0.12064661296407,-0.042472943137112175,7.076345947,12.8422574594,35,local_max_drop
d-block,Ti-O,O,Ti3O5_8057_POSCAR,-0.07798043945061839,5.4686062845,-0.12027485273454,-0.04229441328392161,5.0914610235,9.2400588944,35,local_max_drop
d-block,Ti-O,O,Ti4O5_10734_POSCAR,-0.0767316696492443,5.5008270422,-0.10990566943229,-0.03317399978304571,5.12145966,9.2945008644,35,local_max_drop
d-block,Ti-O,O,TiO2_1102255_POSCAR,-0.07202864805904095,4.4341164,-0.1184388337989,-0.04641018573985904,4.2757551,7.7597037,35,local_max_drop
d-block,Ti-O,O,TiO2_777129_POSCAR,-0.067148507302368,13.47408441,-0.11581050857586,-0.048662001273492,12.575812116,22.007671203,35,local_max_drop
d-block,Ti-O,O,TiO_1071163_POSCAR,-0.06624086262297926,4.022638816,-0.094854489527307,-0.028613626904327734,3.735307472,7.039617928,35,local_max_drop
d-block,Ti-O,O,Ti2O3_458_POSCAR,-0.06127355253228796,6.5443756459,-0.092690955437696,-0.03141740290540804,6.0930393944,11.0577381603,35,local_max_drop
d-block,Ti-O,O,Ti2O3_1101295_POSCAR,-0.060101091125859915,4.371702585,-0.089331863186214,-0.02923077206035409,4.070205855,7.386669885,35,local_max_drop
d-block,Ti-O,O,Ti3O4_755875_POSCAR,-0.05681090427586575,7.2651647815,-0.08093511212647,-0.024124207850604255,6.7641189345,12.2756232515,35,local_max_drop
d-block,Ti-O,O,Ti3O4_1217157_POSCAR,-0.05655584093440544,5.4615299985,-0.080694061697224,-0.024138220762818564,5.0848727572,9.2281024112,35,local_max_drop
d-block,Ti-O,O,TiO_755300_POSCAR,-0.05631218270178115,5.9256686,-0.079127348966655,-0.022815166264873853,5.5170018,10.0123366,35,local_max_drop
d-block,Ti-O,O,TiO2_430_POSCAR,-0.055567671650132294,6.978414681,-0.091009563137045,-0.03544189148691271,6.497144703,11.791114461,35,local_max_drop
d-block,Ti-O,O,TiO2_1079207_POSCAR,-0.05472305044910177,7.46401663,-0.090251430662302,-0.03552838021320023,7.1974446075,13.0620291025,35,local_max_drop
d-block,Ti-O,O,TiO2_1102591_POSCAR,-0.05449866364695822,7.1078043,-0.091337491247716,-0.036838827600757774,6.6176109,12.0097383,35,local_max_drop
d-block,Ti-O,O,Ti2O_1215_POSCAR,-0.05144492791031119,4.135711216,-0.068111906466237,-0.0166669785559258,3.840303272,7.237494628,35,local_max_drop
d-block,Ti-S,S,Ti8S3_680850_POSCAR,-0.7069226199479104,14.8723153251,-0.9825625335827,-0.2756399136347896,13.8100070876,26.0265518189,35,local_max_drop
d-block,Ti-S,S,Ti2S_616559_POSCAR,-0.5026299189969784,4.645610662,-0.72145411810024,-0.21882419910326156,4.313781329,8.1298186585,35,local_max_drop
d-block,Ti-S,S,Ti9S10_673637_POSCAR,-0.3698917692425229,11.95071599,-0.64774106561061,-0.27784929636808703,11.0970934193,20.9137529825,35,local_max_drop
d-block,Ti-S,S,Ti5S8_1217445_POSCAR,-0.15160364010411947,4.7859784,-0.29676760847419,-0.1451639683700705,4.6150506,8.3754622,35,local_max_drop
d-block,Ti-S,S,Ti7S12_673657_POSCAR,-0.12595217940436793,9.5900013104,-0.25847337127467,-0.1325211918703021,9.2475012636,16.7825022933,35,local_max_drop
d-block,Ti-S,S,Ti13S24_684731_POSCAR,-0.10436069238856799,11.6449851061,-0.22556722829102,-0.121206535902452,11.2290927809,20.3787239357,35,local_max_drop
d-block,Ti-S,S,Ti2S3_1217192_POSCAR,-0.0762136315057669,8.1025801913,-0.15107884547058,-0.0748652139648131,7.8132023273,14.1795153347,35,local_max_drop
d-block,Ti-S,S,Ti3S2_1217073_POSCAR,-0.052862807865988556,6.064699081,-0.078868891616864,-0.026006083750875444,5.6315062895,10.6132233917,35,local_max_drop
d-block,V-O,O,V16O3_30064_POSCAR,-0.6891613514457486,12.8122574755,-0.91470191704659,-0.2255405656008413,10.9141452569,23.2518746777,35,local_max_drop
d-block,V-O,O,V25O32_685164_POSCAR,-0.3665499337152788,12.0841165345,-0.57588443914064,-0.20933450542536125,10.7893897629,21.1472039354,35,local_max_drop
d-block,V-O,O,V8O_714972_POSCAR,-0.3225506272064739,12.8817739,-0.44275366825966,-0.12020304105318608,11.5491766,21.7657559,35,local_max_drop
d-block,V-O,O,V13O16_30065_POSCAR,-0.2405167532139144,15.8294033601,-0.3934547587266,-0.1529380055126856,14.1333958572,27.7014558801,35,local_max_drop
d-block,V-O,O,V2O3_780654_POSCAR,-0.22107236091172952,7.1886584,-0.36245100615686,-0.14137864524513047,6.6751828,12.5801522,35,local_max_drop
d-block,V-O,O,V2O3_21579_POSCAR,-0.2159924036663782,10.9441193147,-0.35486271620418,-0.13887031253780177,10.1623965065,19.1522088007,35,local_max_drop
d-block,V-O,O,V10O9_705541_POSCAR,-0.2147640142396791,7.1213004752,-0.30411979158521,-0.08935577734553092,6.3300448668,12.9238416031,35,local_max_drop
d-block,V-O,O,VO2_1245059_POSCAR,-0.1761703043203723,15.303997472,-0.38358835496539,-0.2074180506450177,13.7735977248,24.9965292043,35,local_max_drop
d-block,V-O,O,V9O17_559485_POSCAR,-0.17574808547731804,8.0685693825,-0.31581747666785,-0.14006939119053194,7.5121163216,13.6330999911,35,local_max_drop
d-block,V-O,O,V2O3_776630_POSCAR,-0.1744575958509243,4.3545782,-0.28252908832726,-0.10807149247633567,4.0435369,7.62051185,35,local_max_drop
d-block,V-O,O,V9O17_716723_POSCAR,-0.17208964735716387,8.0280697193,-0.31333556007769,-0.1412459127205261,7.4744097386,13.5646695257,35,local_max_drop
d-block,V-O,O,VO2_1245047_POSCAR,-0.16675876005108464,16.4458238516,-0.37159472895452,-0.20483596890343536,14.8012414664,26.8615122909,35,local_max_drop
d-block,V-O,O,V8O15_556566_POSCAR,-0.1536912272560911,7.9822081611,-0.2802991974497,-0.1266079701936089,7.4317110466,13.4871793067,35,local_max_drop
d-block,V-O,O,V7O3_1100921_POSCAR,-0.14878910511286178,6.7416730296,-0.20322817789317,-0.05443907278030821,5.9637876801,12.7054607097,35,local_max_drop
d-block,V-O,O,V7O3_542910_POSCAR,-0.14546579963574896,7.2566357555,-0.20265768548315,-0.05719188584740105,6.719107181,13.1694500748,35,local_max_drop
d-block,V-O,O,V7O4_1205504_POSCAR,-0.14439232368561417,7.2524775289,-0.20264042505557,-0.05824810136995584,6.4466466924,13.1619036636,35,local_max_drop
d-block,V-O,O,V3O5_30987_POSCAR,-0.14024962378665473,7.2247898505,-0.2364938934104,-0.09624426962374528,6.7265284815,12.2074035405,35,local_max_drop
d-block,V-O,O,V7O13_27151_POSCAR,-0.13338124619613617,8.165140934,-0.23788464562225,-0.10450339942611384,7.6207982051,13.3363968589,35,local_max_drop
d-block,V-O,O,VO2_1245012_POSCAR,-0.13080285458004284,17.2584553082,-0.30898009471376,-0.17817724013371714,15.5326097774,28.1888103368,35,local_max_drop
d-block,V-O,O,V7O13_715598_POSCAR,-0.1299852677354218,8.0823426669,-0.24133731378533,-0.1113520460499082,7.5249397243,13.6563720923,35,local_max_drop
d-block,V-O,O,VO2_20593_POSCAR,-0.12802070030645546,11.325153735,-0.23302073469944,-0.10500003439298455,10.570143486,18.4977511005,35,local_max_drop
d-block,V-O,O,V5O7_1046039_POSCAR,-0.12639592051417875,7.468176184,-0.20694662198243,-0.08055070146825125,6.66801445,13.069308322,35,local_max_drop
d-block,V-O,O,V3O5_622497_POSCAR,-0.12400719101271875,7.52452125,-0.22076092241295,-0.09675373140023126,6.7461225,12.71384625,35,local_max_drop
d-block,V-O,O,VO2_1178787_POSCAR,-0.12013963058775047,12.910533,-0.21876641211399,-0.09862678152623953,12.0498308,21.0872039,35,local_max_drop
d-block,V-O,O,V6O11_30518_POSCAR,-0.11293755254398329,7.7834464831,-0.20675971018673,-0.09382215764274672,7.5150517768,13.1513406094,35,local_max_drop
d-block,V-O,O,V6O11_849537_POSCAR,-0.10614287130571892,8.506650098,-0.19068311752812,-0.08454024622240108,7.919984574,14.373305338,35,local_max_drop
d-block,V-O,O,VO2_715035_POSCAR,-0.10452606026160095,11.6228745,-0.20981930667179,-0.10529324641018904,10.46058705,18.98402835,35,local_max_drop
d-block,V-O,O,VO2_715517_POSCAR,-0.1032196237572552,11.5935306704,-0.20836712743812,-0.1051475036808648,10.4341776033,18.9361000949,35,local_max_drop
d-block,V-O,O,V2O5_1245156_POSCAR,-0.10075136992745784,18.2185341046,-0.21227396183484,-0.11152259190738217,17.0431448076,28.7970377783,35,local_max_drop
d-block,V-O,O,V2O5_1245219_POSCAR,-0.1001677318362183,18.3046704418,-0.21708053020887,-0.1169127983726517,17.1237239617,28.9331887628,35,local_max_drop
d-block,V-O,O,V2O5_831269_POSCAR,-0.09928016385835708,7.6112347,-0.20215842646315,-0.10287826260479291,7.1201873,12.0306613,35,local_max_drop
d-block,V-O,O,V5O9_714932_POSCAR,-0.09819420221456156,7.8642600248,-0.17701267124046,-0.07881846902589844,7.3218972645,13.2878876281,35,local_max_drop
d-block,V-O,O,V9O13_1045898_POSCAR,-0.09806253798068748,7.7030988165,-0.16752217375541,-0.06945963577472253,6.9062265251,13.0155807589,35,local_max_drop
d-block,V-O,O,V2O3_776688_POSCAR,-0.09746034390417657,5.288127138,-0.16097383673004,-0.06351349282586344,4.910403771,9.2542224915,35,local_max_drop
d-block,V-O,O,V5O9_542334_POSCAR,-0.09647705284027651,7.695339689,-0.17738306202815,-0.08090600918787348,7.429983148,13.002470509,35,local_max_drop
d-block,V-O,O,V2O5_1244925_POSCAR,-0.09560552422566689,20.0822227081,-0.19968374908797,-0.1040782248623031,18.7865954366,31.7428681515,35,local_max_drop
d-block,V-O,O,V2O5_1245101_POSCAR,-0.09393452941809105,18.8350057606,-0.20657776654448,-0.11264323712638896,17.6198440986,29.7714607184,35,local_max_drop
d-block,V-O,O,V2O3_1043388_POSCAR,-0.09322381185241087,7.358150674,-0.15607584717074,-0.06285203531832913,6.832568483,12.8767636795,35,local_max_drop
d-block,V-O,O,V2O5_1245153_POSCAR,-0.09273437748251177,19.014956041,-0.19659757264817,-0.10386319516565821,17.7881846835,30.0558982583,35,local_max_drop
d-block,V-O,O,V2O5_1245061_POSCAR,-0.09186415175618325,17.9905830607,-0.20276387064683,-0.11089971889064675,16.2495588935,28.4367280637,35,local_max_drop
d-block,V-O,O,V2O5_1245096_POSCAR,-0.09145873474078423,20.1542837595,-0.20879483713826,-0.11733610239747577,18.854007388,31.8567711038,35,local_max_drop
d-block,V-O,O,V2O5_1245312_POSCAR,-0.09052796529592011,18.0992963839,-0.19938491201522,-0.10885694671929988,16.931599843,28.6085652519,35,local_max_drop
d-block,V-O,O,V2O5_1245162_POSCAR,-0.09031383139185449,17.7604269187,-0.19435373943973,-0.10403990804787551,16.6145929239,28.0729328714,35,local_max_drop
d-block,V-O,O,V2O5_1245325_POSCAR,-0.09002357383257666,19.2997185343,-0.19432486771513,-0.10430129388255334,18.0545754031,30.5060067155,35,local_max_drop
d-block,V-O,O,V2O5_1245120_POSCAR,-0.0888497493876785,20.0769220743,-0.18708339417205,-0.0982336447843715,18.7816367792,31.7344897303,35,local_max_drop
d-block,V-O,O,V2O5_1245137_POSCAR,-0.08877621047752436,19.1929320833,-0.18392919391544,-0.09515298343791563,17.9546784005,30.3372152284,35,local_max_drop
d-block,V-O,O,V4O7_21018_POSCAR,-0.08876305955798762,8.8516540552,-0.15950652839745,-0.07074346883946238,7.9359657046,14.9562430588,35,local_max_drop
d-block,V-O,O,V9O22_849581_POSCAR,-0.0886639989748052,5.6622182,-0.18256564217678,-0.0939016432019748,5.2969138,8.9499578,35,local_max_drop
d-block,V-O,O,V2O5_1245118_POSCAR,-0.08823502797771048,19.3369240868,-0.19311055141682,-0.10487552343910951,18.0893805974,30.5648154921,35,local_max_drop
d-block,V-O,O,VO2_1361684_POSCAR,-0.08796958623741062,7.7654369153,-0.15883271950158,-0.07086313326416939,6.9888932238,12.6835469616,35,local_max_drop
d-block,V-O,O,V2O5_1245284_POSCAR,-0.08783644884968365,20.6203155479,-0.19315713153454,-0.10532068268485635,19.2899726093,32.593401995,35,local_max_drop
d-block,V-O,O,V2O5_1244889_POSCAR,-0.08730447018582882,19.005372307,-0.18545015005326,-0.09814567986743117,17.7792192549,30.0407497756,35,local_max_drop
d-block,V-O,O,V2O5_1244961_POSCAR,-0.08699113225763012,19.5017657459,-0.19461875032626,-0.10762761806862987,17.6144980931,30.8253716629,35,local_max_drop
d-block,V-O,O,V2O3_1272087_POSCAR,-0.08638800928422258,4.3558562986,-0.14163318643703,-0.05524517715280742,4.0447237058,7.6227485225,35,local_max_drop
d-block,V-O,O,V2O5_1245174_POSCAR,-0.08611021223320334,17.6974745093,-0.18985649185748,-0.10374627962427665,16.5557019603,27.9734274502,35,local_max_drop
d-block,V-O,O,V2O5_1244901_POSCAR,-0.08608199607368844,18.2507824221,-0.20475673988834,-0.11867474381465157,16.4845776716,28.8480109252,35,local_max_drop
d-block,V-O,O,V2O5_1245142_POSCAR,-0.08597392194361564,19.5227023097,-0.18547744385444,-0.09950352191082437,18.2631731284,30.8584649411,35,local_max_drop
d-block,V-O,O,V2O5_1244904_POSCAR,-0.08578734097923481,19.4181018071,-0.18652641212555,-0.10073907114631518,18.1653210453,30.6931286628,35,local_max_drop
d-block,V-O,O,V2O3_777698_POSCAR,-0.08522406001670313,4.3144681897,-0.13989017466202,-0.05466611464531687,4.0062918905,7.5503193321,35,local_max_drop
d-block,V-O,O,VO_1273331_POSCAR,-0.08503585490000973,4.228074693,-0.12198231769263,-0.036946462792620274,3.758288616,7.673172591,35,local_max_drop
d-block,V-O,O,V4O7_555597_POSCAR,-0.08499679916192178,7.5770448626,-0.15001802624385,-0.06502122708192822,7.0544900445,12.8025930437,35,local_max_drop
d-block,V-O,O,V2O5_1245058_POSCAR,-0.08433571701274425,20.6012150515,-0.18654792577815,-0.10221220876540574,19.2721044031,32.5632108879,35,local_max_drop
d-block,V-O,O,V2O5_1245283_POSCAR,-0.08421184740822686,19.8712600222,-0.19094942555718,-0.10673757814895314,18.5892432466,31.4094110028,35,local_max_drop
d-block,V-O,O,V3O7_760992_POSCAR,-0.083980131555224,16.690599206,-0.15578827431486,-0.071808142759636,15.613786354,26.381914874,35,local_max_drop
d-block,V-O,O,V2O5_1244985_POSCAR,-0.08322762038094268,19.6315294725,-0.18492859709893,-0.10170097671798732,18.364979184,31.0304820695,35,local_max_drop
d-block,V-O,O,V2O5_1244942_POSCAR,-0.08313151509956972,18.987021721,-0.18711882066746,-0.10398730556789028,17.1495680061,30.0117440106,35,local_max_drop
d-block,V-O,O,V2O5_1245272_POSCAR,-0.08273705099325461,19.5279138795,-0.1918395766556,-0.10910252566234539,18.2680484679,30.8667025837,35,local_max_drop
d-block,V-O,O,VO2_1040910_POSCAR,-0.08253682777671877,9.0160913362,-0.1543818024605,-0.07184497468378125,8.1144822026,14.7262825158,35,local_max_drop
d-block,V-O,O,V9O22_776583_POSCAR,-0.08252429882611845,8.697611212,-0.18418446261541,-0.10166016378929155,8.1364750048,13.747837077,35,local_max_drop
d-block,V-O,O,V2O5_1245315_POSCAR,-0.0822274720142247,19.4868008812,-0.1786447576847,-0.0964172856704753,18.2295879212,30.801717522,35,local_max_drop
d-block,V-O,O,V2O5_1245198_POSCAR,-0.08221950900620308,19.8827002879,-0.18183959503537,-0.09962008602916693,18.5999454306,31.4274940034,35,local_max_drop
d-block,V-O,O,V2O5_1245005_POSCAR,-0.08221627707471753,18.6022847337,-0.18977557652702,-0.10755929945230248,16.8020636304,29.4036113533,35,local_max_drop
d-block,V-O,O,V2O5_1245160_POSCAR,-0.0816423440908299,19.8227911296,-0.18793453363736,-0.10629218954653011,18.5439013793,31.3327988823,35,local_max_drop
d-block,V-O,O,VO2_1353031_POSCAR,-0.08161768254666225,9.0207594903,-0.18487281560373,-0.10325513305706775,7.5657982822,14.2586198395,35,local_max_drop
d-block,V-O,O,VO_1287184_POSCAR,-0.08156062059862537,4.1854721049,-0.1197716891446,-0.038211068545974634,3.8865098117,7.3245761836,35,local_max_drop
d-block,V-O,O,V4O7_1179536_POSCAR,-0.08130433665223437,6.5949177604,-0.14363939075771,-0.06233505410547564,6.1238522061,11.5411060808,35,local_max_drop
d-block,V-O,O,V9O22_1101328_POSCAR,-0.08039976863125,15.1282232,-0.18053550198524,-0.10013573335399,14.1522088,23.9123528,35,local_max_drop
d-block,V-O,O,V2O5_1245171_POSCAR,-0.08031589300022299,18.1164470214,-0.18935612848363,-0.10904023548340702,16.9476439878,28.6356743242,35,local_max_drop
d-block,V-O,O,V2O5_1245097_POSCAR,-0.08029751909995149,19.3460053393,-0.17995285003724,-0.0996553309372885,18.0978759625,30.5791697298,35,local_max_drop
d-block,V-O,O,V2O5_1245049_POSCAR,-0.08024943800131662,19.8456620784,-0.18464372899842,-0.10439429099710337,18.5652967831,31.3689497369,35,local_max_drop
d-block,V-O,O,V2O5_1245040_POSCAR,-0.08023971324409551,19.7485510966,-0.18269264564051,-0.10245293239641448,18.4744510258,31.2154517333,35,local_max_drop
d-block,V-O,O,V5O14_1204545_POSCAR,-0.07959416124285754,16.3196843443,-0.15824072247284,-0.07864656122998245,15.2668014834,25.7956300926,35,local_max_drop
d-block,V-O,O,V2O5_1245275_POSCAR,-0.07887987328548565,20.1739129168,-0.1676537231544,-0.08877384986891435,18.872370148,31.8877978362,35,local_max_drop
d-block,V-O,O,V2O5_1244920_POSCAR,-0.07875079233799895,19.1796252158,-0.1752451043596,-0.09649431202160105,17.9422300406,30.3161817928,35,local_max_drop
d-block,V-O,O,V2O5_1245221_POSCAR,-0.07821552428891454,18.7817378119,-0.17400920368776,-0.09579367939884545,17.5700127918,29.687262993,35,local_max_drop
d-block,V-O,O,V2O5_1244996_POSCAR,-0.07754551108697398,19.7556454533,-0.16441323667869,-0.08686772559171603,18.4810876822,31.226665394,35,local_max_drop
d-block,V-O,O,V2O5_1245000_POSCAR,-0.07718867747365361,19.8015431981,-0.16417155158296,-0.0869828741093064,18.5240242821,31.2992134421,35,local_max_drop
d-block,V-O,O,V4O9_27412_POSCAR,-0.07714653259941076,5.5553565,-0.16636763379695,-0.08922110119753923,5.1849994,9.07374895,35,local_max_drop
d-block,V-O,O,V6O13_554064_POSCAR,-0.07682449215227058,5.647968,-0.14837613558157,-0.07155164342929943,5.2714368,9.2250144,35,local_max_drop
d-block,V-O,O,V2O5_1245240_POSCAR,-0.07660534122033476,18.6995671933,-0.17058175076268,-0.09397640954234525,17.4931435035,29.5573804024,35,local_max_drop
d-block,V-O,O,V2O5_1244978_POSCAR,-0.07556580457925574,19.5484606602,-0.18010186827986,-0.10453606370060425,18.2872696499,30.8991797532,35,local_max_drop
d-block,V-O,O,VO2_1285335_POSCAR,-0.07357001555752535,4.3719688794,-0.12775240348426,-0.05418238792673467,4.0704537843,7.3871198307,35,local_max_drop
d-block,V-O,O,VO2_1284510_POSCAR,-0.0735567653456228,4.3741888184,-0.12764317598902,-0.054086410643397205,4.072520624,7.3908707621,35,local_max_drop
d-block,V-O,O,V3O7_764115_POSCAR,-0.0733605713125682,16.938223455,-0.14791909411129,-0.0745585227987218,15.845434845,26.773320945,35,local_max_drop
d-block,V-O,O,VO2_1274771_POSCAR,-0.07299779700519168,4.3807420221,-0.12685551885936,-0.053857721854168324,4.0786218827,7.4019434167,35,local_max_drop
d-block,V-O,O,VO2_1273390_POSCAR,-0.07281818949638516,4.3976168994,-0.12665298036078,-0.05383479086439482,4.0943329753,7.4304561404,35,local_max_drop
d-block,V-O,O,VO2_1289705_POSCAR,-0.07254491655639994,4.3632718134,-0.12605053218895,-0.05350561563255004,4.0623565159,7.3724247882,35,local_max_drop
d-block,V-O,O,VO2_1342978_POSCAR,-0.07218011902956654,7.5712968,-0.11731623959492,-0.04513612056535346,7.0491384,12.7928808,35,local_max_drop
d-block,V-O,O,VO2_1446045_POSCAR,-0.07139256764387564,15.6087657,-0.11609212261897,-0.04469955497509436,14.5322991,26.3734317,35,local_max_drop
d-block,V-O,O,V3O7_622640_POSCAR,-0.0713924625383806,17.6269217463,-0.16120238445694,-0.0898099219185594,15.9210906095,27.8619085667,35,local_max_drop
d-block,V-O,O,VO2_2214803_POSCAR,-0.07119796648939881,7.6060969341,-0.11576141267518,-0.04456344618578119,7.0815385248,12.8516810265,35,local_max_drop
d-block,V-O,O,V6O13_1196958_POSCAR,-0.07087874773452467,5.6293065,-0.14026491114371,-0.06938616340918534,5.2540194,9.19453395,35,local_max_drop
d-block,V-O,O,VO2_1190609_POSCAR,-0.07035621282979433,4.266147375,-0.12198255760995,-0.05162634478015567,3.98173755,6.9680407125,35,local_max_drop
d-block,V-O,O,VO2_1021522_POSCAR,-0.07019006377043283,7.46814235,-0.12787815273364,-0.057688088963207186,6.95309805,12.61858535,35,local_max_drop
d-block,V-O,O,V6O13_714921_POSCAR,-0.06996520874525543,5.6148014998,-0.14098183061984,-0.07101662187458456,5.2404813998,9.1708424497,35,local_max_drop
d-block,V-O,O,V6O13_870306_POSCAR,-0.06995082069032263,5.6148015,-0.14095767459749,-0.07100685390716738,5.2404814,9.17084245,35,local_max_drop
d-block,V-O,O,V6O13_1201338_POSCAR,-0.06969942013917359,5.632647,-0.13944268561982,-0.06974326548064642,5.2571372,9.1999901,35,local_max_drop
d-block,V-O,O,VO2_1094031_POSCAR,-0.06938188501098837,7.6501836,-0.12510823749338,-0.05572635248239162,7.14017136,12.49529988,35,local_max_drop
d-block,V-O,O,V6O13_18896_POSCAR,-0.06788084880190201,5.686113434,-0.14104857639744,-0.073167727595538,5.319267406,8.987727686,35,local_max_drop
d-block,V-O,O,V4O7_715457_POSCAR,-0.06642515440112401,8.1710090851,-0.12247302102652,-0.05604786662539598,7.6074912171,13.8061877644,35,local_max_drop
d-block,V-O,O,VO3_1208572_POSCAR,-0.06637956599150176,17.5870305,-0.13955079921091,-0.07317123321940823,16.4145618,28.72548315,35,local_max_drop
d-block,V-O,O,V3O5_1274098_POSCAR,-0.06298480061700908,7.5084102141,-0.11140928082292,-0.04842448020591092,6.731678123,12.6866241548,35,local_max_drop
d-block,V-O,O,V4O7_715493_POSCAR,-0.06265218397206795,8.1819988875,-0.11836465676034,-0.05571247278827205,7.3355852095,13.8247567409,35,local_max_drop
d-block,V-O,O,V6O13_715617_POSCAR,-0.06222468070548899,17.60266248,-0.13551756513186,-0.07329288442637101,16.429151648,28.751015384,35,local_max_drop
d-block,V-O,O,V3O5_714911_POSCAR,-0.062139610310071446,7.5338142985,-0.11053610539819,-0.04839649508811856,6.7544541986,12.7295482974,35,local_max_drop
d-block,V-O,O,V3O5_1272338_POSCAR,-0.062090504482576754,7.5237614275,-0.11059039357055,-0.04849988908797325,6.7454412798,12.7125624119,35,local_max_drop
d-block,V-O,O,V4O7_2506981_POSCAR,-0.058520239808415024,9.0225809554,-0.10579609274781,-0.04727585293939498,8.0892105118,15.2450505799,35,local_max_drop
d-block,V-O,O,V12O29_773019_POSCAR,-0.05812399880825192,21.7277517957,-0.12398248700271,-0.06585848819445808,19.6250661381,34.3438657416,35,local_max_drop
d-block,V-O,O,V9O20_1100929_POSCAR,-0.05789355287314221,8.923905659,-0.11722272223277,-0.05932916935962779,8.0007430047,15.0783233549,35,local_max_drop
d-block,V-O,O,V3O8_796383_POSCAR,-0.0576286450752302,5.7092204,-0.11556418076951,-0.0579355356942798,5.3408836,9.0242516,35,local_max_drop
d-block,V-O,O,V4O7_1178988_POSCAR,-0.05711875501225981,9.7333964126,-0.11343656537755,-0.05631781036529018,8.7264933354,16.4460835937,35,local_max_drop
d-block,V-O,O,V2O3_715514_POSCAR,-0.05308918206437364,7.1428594205,-0.086785069368852,-0.03369588730447836,6.6326551762,12.500003986,35,local_max_drop
d-block,V-O,O,V2O3_796380_POSCAR,-0.015608249756314363,10.5483839881,-0.20284059056455,-0.18723234080823564,12.1111075419,19.1433635339,35,local_max_drop
d-block,V-S,S,V3S_555283_POSCAR,-0.44232456533065545,6.944090685,-0.64932503160664,-0.2070004662759846,6.481151306,11.3420147855,35,local_max_drop
d-block,V-S,S,V7S8_1100925_POSCAR,-0.23525001710819957,9.2597243455,-0.44756420086826,-0.21231418376006042,8.6211226665,15.6457411355,35,local_max_drop
d-block,V-S,S,V3S_7945_POSCAR,-0.2206463873096055,6.4327312997,-0.32463850051375,-0.10399211320414446,6.0038825463,10.5067944561,35,local_max_drop
d-block,V-S,S,V5S4_1133_POSCAR,-0.1308734671489979,4.7545684188,-0.21395818274357,-0.08308471559457213,4.4375971909,7.765795084,35,local_max_drop
d-block,V-S,S,V7S8_1207843_POSCAR,-0.07846693885649864,9.254796941,-0.14889234618017,-0.07042540732367136,8.616535083,15.637415521,35,local_max_drop
d-block,V-S,S,V7S8_1216463_POSCAR,-0.07830902672183183,7.5105322784,-0.14884681022374,-0.07053778350190816,6.9925645351,12.6902097118,35,local_max_drop
d-block,V-S,S,V11S16_1100973_POSCAR,-0.07324352212032355,14.4513424896,-0.15248757918693,-0.07924405706660646,13.45469818,24.4177855859,35,local_max_drop
d-block,V-S,S,V3S4_799_POSCAR,-0.05680801035919533,13.163230384,-0.11245349415776,-0.05564548379856467,12.709325888,22.241320304,35,local_max_drop
d-block,Y-O,O,Y2O3_1244949_POSCAR,-0.6326966991093348,16.5300169137,-0.91676023835272,-0.2840635392433852,14.2500145808,27.9300285784,35,local_max_drop
d-block,Y-O,O,Y2O3_1245291_POSCAR,-0.6310032613215899,17.1299577322,-0.91433370167584,-0.2833304403542502,14.7672049415,28.9437216854,35,local_max_drop
d-block,Y-O,O,Y2O3_1245017_POSCAR,-0.6182789192630584,16.8067582914,-0.89582933175862,-0.27755041249556156,14.488584734,28.3976260786,35,local_max_drop
d-block,Y-O,O,Y2O3_1244888_POSCAR,-0.6139155154018424,17.852076048,-0.89745771718967,-0.28354220178782763,15.3897207311,30.1638526329,35,local_max_drop
d-block,Y-O,O,Y2O3_775906_POSCAR,-0.28600157675915716,8.369639221,-0.4138984894324,-0.12789691267324282,7.215206225,14.141804201,35,local_max_drop
d-block,Y-O,O,Y2O3_2652_POSCAR,-0.2750097976059873,12.5588150709,-0.39547654185071,-0.12046674424472267,10.8265647163,21.2200668439,35,local_max_drop
d-block,Y-O,O,Y2O3_775907_POSCAR,-0.2293011553807831,20.5237026126,-0.32496175412821,-0.0956605987474269,17.6928470798,34.6779802764,35,local_max_drop
d-block,Y-O,O,Y2O3_1178770_POSCAR,-0.168858029500857,8.74321435,-0.23724633517101,-0.068388305670153,7.53725375,14.77301735,35,local_max_drop
d-block,Y-O,O,Y2O3_777514_POSCAR,-0.152938567092309,4.95915515,-0.21744094285905,-0.064502375766741,4.27513375,8.37926215,35,local_max_drop
d-block,Y-O,O,Y2O3_558573_POSCAR,-0.11651531879406532,5.0578934945,-0.16639755424903,-0.04988223545496467,4.3602530125,8.5460959045,35,local_max_drop
d-block,Y-O,O,Y2O3_754759_POSCAR,-0.06990492467929674,7.2609969133,-0.10080957743736,-0.030904652758063263,6.2594800977,12.2685809915,35,local_max_drop
d-block,Y-O,O,Y2O3_673247_POSCAR,-0.06774064364885818,7.67443675,-0.099866144207217,-0.03212550055835882,6.61589375,12.96715175,35,local_max_drop
d-block,Y-S,S,Y2S3_32891_POSCAR,-0.21554351751714787,11.1465844451,-0.38910549488486,-0.17356197736771214,9.5542152386,19.5065227788,35,local_max_drop
d-block,Y-S,S,Y2S3_541289_POSCAR,-0.12270453870738,5.646972128,-0.24100868943437,-0.11830415072699,4.840261824,9.882201224,35,local_max_drop
d-block,Y-S,S,Y2S3_1188645_POSCAR,-0.09947825631887758,5.41709203,-0.18789930207713,-0.08842104575825241,4.64322174,9.4799110525,35,local_max_drop
d-block,Zn-O,O,ZnO_1245109_POSCAR,-0.2045787050979867,12.9011916602,-0.5343376106218,-0.32975890552381326,11.9087923017,24.3137842826,35,local_max_drop
d-block,Zn-O,O,ZnO_1245255_POSCAR,-0.20421953886124145,13.8219035068,-0.52226286195939,-0.31804332309814853,12.7586801601,26.0489719935,35,local_max_drop
d-block,Zn-O,O,ZnO_1245209_POSCAR,-0.2038882237641298,13.0968704848,-0.52107384334227,-0.31718561957814023,12.0894189091,24.682563606,35,local_max_drop
d-block,Zn-O,O,ZnO_1245015_POSCAR,-0.19361923201380893,13.5101599385,-0.50671941126993,-0.3131001792561211,12.4709168664,25.4614552688,35,local_max_drop
d-block,Zn-O,O,ZnO_997630_POSCAR,-0.11363835852030621,3.8193468875,-0.26250185075305,-0.14886349223274378,3.5137991365,7.4859198995,35,local_max_drop
d-block,Zn-S,S,ZnS_647075_POSCAR,-0.20495240288415173,5.011672445,-0.72184295674328,-0.5168905538591283,4.8189158125,9.4450749925,35,local_max_drop
d-block,Zn-S,S,ZnS_1245068_POSCAR,-0.1523228934457873,15.4192950983,-0.55540357886955,-0.40308068542376274,14.2331954754,29.0594407622,35,local_max_drop
d-block,Zn-S,S,ZnS_1245216_POSCAR,-0.15036536377214688,15.3900402422,-0.55576951137783,-0.40540414760568316,14.2061909928,29.0043066102,35,local_max_drop
d-block,Zn-S,S,ZnS_1245246_POSCAR,-0.14769366614592794,17.7828643756,-0.54146048354912,-0.3937668174031921,16.4149517313,33.5138597847,35,local_max_drop
d-block,Zn-S,S,ZnS_1245050_POSCAR,-0.14674129221749044,16.411964237,-0.54638503291512,-0.39964374069762953,15.1495054496,30.9302402929,35,local_max_drop
d-block,Zn-S,S,ZnS_1244936_POSCAR,-0.1434062367677546,17.844837669,-0.5396856994853,-0.3962794627175454,17.1584977587,33.630655607,35,local_max_drop
d-block,Zn-S,S,ZnS_1245082_POSCAR,-0.1428099968719284,17.3601221162,-0.53254102354833,-0.3897310266764016,16.0247281072,32.717153219,35,local_max_drop
d-block,Zn-S,S,ZnS_1245213_POSCAR,-0.1411229611522002,17.2625306756,-0.53634565718357,-0.3952226960313698,15.9346437005,32.5332308886,35,local_max_drop
d-block,Zn-S,S,ZnS_680087_POSCAR,-0.13969834850608548,5.009476758,-0.49535399665493,-0.35565564814884454,4.816804575,9.440936967,35,local_max_drop
d-block,Zn-S,S,ZnS_1245035_POSCAR,-0.1393947800135228,17.097199718,-0.52858079780035,-0.38918601778682727,15.782030509,32.2216456225,35,local_max_drop
d-block,Zn-S,S,ZnS_680085_POSCAR,-0.13936849819094976,5.009197154,-0.4950037662467,-0.35563526805575024,4.816535725,9.440410021,35,local_max_drop
d-block,Zn-S,S,ZnS_1245220_POSCAR,-0.13620367070245204,17.6545334396,-0.53281019274887,-0.39660652204641794,16.2964924058,33.2720053285,35,local_max_drop
d-block,Zn-S,S,ZnS_1245004_POSCAR,-0.13596637434747,17.0094096785,-0.53302238106038,-0.39705600671291,15.7009935494,32.0561951633,35,local_max_drop
d-block,Zn-S,S,ZnS_1244974_POSCAR,-0.13277076741472021,16.0448344942,-0.54646394795689,-0.4136931805421698,14.8106164562,30.2383419314,35,local_max_drop
d-block,Zn-S,S,ZnS_1245194_POSCAR,-0.1327294354603445,17.5852552674,-0.48187435868562,-0.3491449232252755,16.2826437661,31.9139817815,35,local_max_drop
d-block,Zn-S,S,ZnS_1244986_POSCAR,-0.13136554877701856,16.6725729334,-0.51678586414087,-0.38542031536385146,16.0313201283,31.4213874515,35,local_max_drop
d-block,Zn-S,S,ZnS_1245062_POSCAR,-0.12878546724257556,17.2367539503,-0.52793731128044,-0.3991518440378644,15.9108498003,32.4846516755,35,local_max_drop
d-block,Zn-S,S,ZnS_1245201_POSCAR,-0.1281876376735423,17.6534395846,-0.52514122686922,-0.39695358919567775,16.9744611391,33.2699438326,35,local_max_drop
d-block,Zn-S,S,ZnS_1244921_POSCAR,-0.12802309432981857,16.83518795,-0.53019519392799,-0.4021720995981714,16.1876807211,31.7278542134,35,local_max_drop
d-block,Zn-S,S,ZnS_581405_POSCAR,-0.1268940577091036,5.009250207,-0.4503367553291,-0.3234426976199964,4.8165867375,9.4405100055,35,local_max_drop
d-block,Zn-S,S,ZnS_1245238_POSCAR,-0.12678905152103737,18.351169521,-0.50965030721452,-0.3828612556934826,16.9395410963,34.584896405,35,local_max_drop
d-block,Zn-S,S,ZnS_1245169_POSCAR,-0.12644160519219755,16.6457018109,-0.53848603362426,-0.4120444284320624,16.0054825105,31.3707457206,35,local_max_drop
d-block,Zn-S,S,ZnS_1244979_POSCAR,-0.12627869569910333,16.8201620963,-0.53531539081421,-0.40903669511510665,16.1732327849,31.6995362585,35,local_max_drop
d-block,Zn-S,S,ZnS_1244989_POSCAR,-0.12553138640299344,16.9658265282,-0.53825471659616,-0.41272333019316654,16.3132947387,31.9740576878,35,local_max_drop
d-block,Zn-S,S,ZnS_1244980_POSCAR,-0.125520559607536,17.5746797272,-0.49842556111808,-0.372905001510544,16.898730507,33.1215117936,35,local_max_drop
d-block,Zn-S,S,ZnS_1245222_POSCAR,-0.12536899661377165,17.8688730748,-0.52331172112736,-0.39794272451358836,17.1816087258,33.6759531026,35,local_max_drop
d-block,Zn-S,S,ZnS_1245070_POSCAR,-0.12404651334992961,17.7208270685,-0.50247186678623,-0.3784253534363004,17.0392567966,33.3969433214,35,local_max_drop
d-block,Zn-S,S,ZnS_1245280_POSCAR,-0.12353260992532256,18.08575346,-0.5290889943367,-0.4055563844113774,17.3901475577,34.0846892131,35,local_max_drop
d-block,Zn-S,S,ZnS_1245199_POSCAR,-0.12340857635044622,16.1361221593,-0.5185998101437,-0.3951912337932538,15.5155020763,30.4103840695,35,local_max_drop
d-block,Zn-S,S,ZnS_1245054_POSCAR,-0.12320584103251109,17.4140160341,-0.51127484701379,-0.3880690059812789,16.7442461866,32.8187225258,35,local_max_drop
d-block,Zn-S,S,ZnS_1245034_POSCAR,-0.12222585411229814,17.7127583077,-0.48866718421453,-0.36644133010223184,16.3502384378,33.3817368106,35,local_max_drop
d-block,Zn-S,S,ZnS_1245310_POSCAR,-0.12197704955606664,18.0603910671,-0.51860289504585,-0.39662584548978336,17.3657606415,34.0368908573,35,local_max_drop
d-block,Zn-S,S,ZnS_1245117_POSCAR,-0.12191002208823432,17.6746810515,-0.52001148615221,-0.39810146406397573,16.9948856265,33.3099758279,35,local_max_drop
d-block,Zn-S,S,ZnS_1245122_POSCAR,-0.12167743489165317,16.5480562718,-0.52655012559866,-0.4048726907070068,15.911592569,31.1867214353,35,local_max_drop
d-block,Zn-S,S,ZnS_1245296_POSCAR,-0.11989381280656297,17.3067670932,-0.53779218153706,-0.417898368730497,16.641122205,32.6165995218,35,local_max_drop
d-block,Zn-S,S,ZnS_1244969_POSCAR,-0.11966484313569437,17.4190382722,-0.5198664434141,-0.4002016002784057,16.128739141,31.6123287163,35,local_max_drop
d-block,Zn-S,S,ZnS_1244922_POSCAR,-0.11944140590960606,18.6685380204,-0.51444683950468,-0.3950054335950739,17.9505173273,35.1830139615,35,local_max_drop
d-block,Zn-S,S,ZnS_1244890_POSCAR,-0.11917319032495277,16.0268381479,-0.49109710325511,-0.37192391293015725,15.410421296,30.2044257402,35,local_max_drop
d-block,Zn-S,S,ZnS_1245121_POSCAR,-0.11872086721911218,16.4658038497,-0.50584199937325,-0.38712113215413785,15.8325037016,31.0317072551,35,local_max_drop
d-block,Zn-S,S,ZnS_1245236_POSCAR,-0.11836942908624348,17.6245042025,-0.5065656897787,-0.3881962606924565,16.9466386562,33.2154117662,35,local_max_drop
d-block,Zn-S,S,ZnS_1245317_POSCAR,-0.11831166024324619,16.9649738638,-0.50747718409842,-0.38916552385517383,16.312474869,31.9724507432,35,local_max_drop
d-block,Zn-S,S,ZnS_1245319_POSCAR,-0.11815037287723679,16.5863590878,-0.52113002775114,-0.40297965487390325,15.9484221999,31.2589075117,35,local_max_drop
d-block,Zn-S,S,ZnS_1245300_POSCAR,-0.11413202741444883,18.2549272896,-0.50692475038321,-0.3927927229687612,17.5528147015,34.403516815,35,local_max_drop
d-block,Zn-S,S,ZnS_581425_POSCAR,-0.11382197367508384,5.009491266,-0.40493675809082,-0.2911147844157362,4.816818525,9.440964309,35,local_max_drop
d-block,Zn-S,S,ZnS_1245136_POSCAR,-0.11361240401180173,18.0728018166,-0.51622833405459,-0.4026159300427883,17.3776940544,34.0602803467,35,local_max_drop
d-block,Zn-S,S,ZnS_582680_POSCAR,-0.11351098713951224,5.007936193,-0.40476847314265,-0.2912574860031378,4.8153232625,9.4380335945,35,local_max_drop
d-block,Zn-S,S,ZnS_1245248_POSCAR,-0.11278073283863532,17.7317233366,-0.50262295786929,-0.3898422250306547,17.0497339775,33.417478596,35,local_max_drop
d-block,Zn-S,S,ZnS_1245316_POSCAR,-0.10844443730142406,17.3769823769,-0.51251407599796,-0.4040696386965359,16.7086369009,32.7489283257,35,local_max_drop
d-block,Zn-S,S,ZnS_554986_POSCAR,-0.10819998160298383,5.009165707,-0.38317020834357,-0.2749702267405862,4.8165054875,9.4403507555,35,local_max_drop
d-block,Zn-S,S,ZnS_1245197_POSCAR,-0.10763251822988146,18.002581309,-0.50805414353362,-0.40042162530373854,17.3101743356,33.9279416978,35,local_max_drop
d-block,Zn-S,S,ZnS_555666_POSCAR,-0.1064459717325883,5.1395882535,-0.36177014305682,-0.2553241713242317,4.7588780125,9.3274009045,35,local_max_drop
d-block,Zn-S,S,ZnS_554004_POSCAR,-0.09319196015422027,5.142769758,-0.3165184580632,-0.22332649790897974,4.76182385,9.333174746,35,local_max_drop
d-block,Zn-S,S,ZnS_554961_POSCAR,-0.09312604811697894,5.143001013,-0.31636491732157,-0.22323886920459107,4.762037975,9.333594431,35,local_max_drop
d-block,Zn-S,S,ZnS_554503_POSCAR,-0.09312569931365317,5.1444914535,-0.31623675263444,-0.22311105332078685,4.7634180125,9.3362993045,35,local_max_drop
d-block,Zn-S,S,ZnS_555151_POSCAR,-0.0931254595304119,5.1432301755,-0.31633737048576,-0.2232119109553481,4.7622501625,9.3340103185,35,local_max_drop
d-block,Zn-S,S,ZnS_554681_POSCAR,-0.09312483504548702,5.14185435,-0.3164652270143,-0.223340391968813,4.76097625,9.33151345,35,local_max_drop
d-block,Zn-S,S,ZnS_555079_POSCAR,-0.09310430254678942,5.144025474,-0.31626331349592,-0.2231590109491306,4.76298655,9.335453638,35,local_max_drop
d-block,Zn-S,S,ZnS_554820_POSCAR,-0.09310298019247681,5.141862828,-0.31645238697913,-0.22334940678665316,4.7609841,9.331528836,35,local_max_drop
d-block,Zn-S,S,ZnS_553880_POSCAR,-0.08649992497682757,5.142757149,-0.29387468912896,-0.2073747641521324,4.761812175,9.333151863,35,local_max_drop
d-block,Zn-S,S,ZnS_554253_POSCAR,-0.08649944097086018,5.1435288225,-0.29381323223776,-0.20731379126689983,4.7625266875,9.3345523075,35,local_max_drop
d-block,Zn-S,S,ZnS_555311_POSCAR,-0.08649844459573564,5.1436814265,-0.29379596573077,-0.20729752113503436,4.7626679875,9.3348292555,35,local_max_drop
d-block,Zn-S,S,ZnS_554608_POSCAR,-0.08647720520754465,5.143341753,-0.29374923237608,-0.20727202716853538,4.762353475,9.334212811,35,local_max_drop
d-block,Zn-S,S,ZnS_555214_POSCAR,-0.0863941207595394,5.1366117465,-0.29619538799825,-0.20980126723871062,4.7561219875,9.3219990955,35,local_max_drop
d-block,Zn-S,S,ZnS_555628_POSCAR,-0.07987163937580619,5.139120438,-0.27146029545109,-0.19158865607528383,4.75844485,9.326551906,35,local_max_drop
d-block,Zn-S,S,ZnS_554889_POSCAR,-0.07987134795989406,5.140560996,-0.27133596269414,-0.19146461473424595,4.7597787,9.329166252,35,local_max_drop
d-block,Zn-S,S,ZnS_554713_POSCAR,-0.07987084077560616,5.138143254,-0.27150810778083,-0.19163726700522385,4.75754005,9.324778498,35,local_max_drop
d-block,Zn-S,S,ZnS_554999_POSCAR,-0.07985057263324599,5.139439551,-0.2714026325085,-0.191552059875254,4.758740325,9.327131037,35,local_max_drop
d-block,Zn-S,S,ZnS_554630_POSCAR,-0.07984967221655048,5.143741839,-0.27110065694118,-0.19125098472462954,4.762723925,9.334938893,35,local_max_drop
d-block,Zn-S,S,ZnS_555583_POSCAR,-0.07984945772235139,5.142357036,-0.27125373727657,-0.1914042795542186,4.7614417,9.332425732,35,local_max_drop
d-block,Zn-S,S,ZnS_554829_POSCAR,-0.07982849257671551,5.1422538825,-0.27118450762347,-0.1913560150467545,4.7613461875,9.3322385275,35,local_max_drop
d-block,Zn-S,S,ZnS_555381_POSCAR,-0.07982793359030313,5.140399779,-0.27135078536212,-0.19152285177181685,4.759629425,9.328873673,35,local_max_drop
d-block,Zn-S,S,ZnS_553916_POSCAR,-0.07982775415352408,5.14036044,-0.27133264388092,-0.1915048897273959,4.759593,9.32880228,35,local_max_drop
d-block,Zn-S,S,ZnS_555543_POSCAR,-0.0798275734459177,5.141346264,-0.27133047445355,-0.19150290100763231,4.7605058,9.330591368,35,local_max_drop
d-block,Zn-S,S,ZnS_555594_POSCAR,-0.07982726567674342,5.140809315,-0.27133404383616,-0.19150677815941658,4.760008625,9.329616905,35,local_max_drop
d-block,Zn-S,S,ZnS_554115_POSCAR,-0.07980677651210114,5.1435339389,-0.27100182403789,-0.1911950475257889,4.7625314249,9.3345615929,35,local_max_drop
d-block,Zn-S,S,ZnS_555664_POSCAR,-0.07980533773506618,5.1418520685,-0.2712720710719,-0.1914667333368338,4.7609741375,9.3315093095,35,local_max_drop
d-block,Zn-S,S,ZnS_556000_POSCAR,-0.07317843794755732,5.143151862,-0.24859902648034,-0.17542058853278267,4.76217765,9.333868194,35,local_max_drop
d-block,Zn-S,S,ZnS_556784_POSCAR,-0.07315723206796365,5.141954331,-0.24864082341104,-0.17548359134307634,4.761068825,9.331694897,35,local_max_drop
d-block,Zn-S,S,ZnS_556543_POSCAR,-0.07315629296424242,5.143827159,-0.24850959387744,-0.1753533009131976,4.762802925,9.335093733,35,local_max_drop
d-block,Zn-S,S,ZnS_557062_POSCAR,-0.0665541516749075,5.143220847,-0.22610359435013,-0.1595494426752225,4.762241525,9.333993389,35,local_max_drop
d-block,Zn-S,S,ZnS_557009_POSCAR,-0.06655310016748292,5.1395742405,-0.22622453585469,-0.15967143568720707,4.7588650375,9.3273754735,35,local_max_drop
d-block,Zn-S,S,ZnS_557418_POSCAR,-0.06655309979331192,5.1397281135,-0.22623451264661,-0.15968141285329807,4.7590075125,9.3276547245,35,local_max_drop
d-block,Zn-S,S,ZnS_556207_POSCAR,-0.0665526389261471,5.138861535,-0.22621603272395,-0.1596633937978029,4.758205125,9.326082045,35,local_max_drop
d-block,Zn-S,S,ZnS_556280_POSCAR,-0.06653080985759258,5.139056124,-0.22613751330081,-0.15960670344321742,4.7583853,9.326435188,35,local_max_drop
d-block,Zn-S,S,ZnS_556155_POSCAR,-0.06653069510685863,5.1396304545,-0.22614676265234,-0.15961606754548135,4.7589170875,9.3274774915,35,local_max_drop
d-block,Zn-S,S,ZnS_555782_POSCAR,-0.06653065368634128,5.1391984275,-0.22614690850248,-0.15961625481613873,4.7585170625,9.3266934425,35,local_max_drop
d-block,Zn-S,S,ZnS_556732_POSCAR,-0.0665305138166585,5.139614916,-0.22616202536555,-0.1596315115488915,4.7589027,9.327449292,35,local_max_drop
d-block,Zn-S,S,ZnS_561286_POSCAR,-0.06650852678635377,5.1417043785,-0.22598729583459,-0.15947876904823624,4.7608373875,9.3312412795,35,local_max_drop
d-block,Zn-S,S,ZnS_1200568_POSCAR,-0.060937784292295905,5.0375588008,-0.20575696985935,-0.1448191855670541,4.8438065392,9.4938608169,35,local_max_drop
d-block,Zn-S,S,ZnS_1200836_POSCAR,-0.06061695760480684,5.035337184,-0.20542753388038,-0.14481057627557314,4.8416703693,9.4896739238,35,local_max_drop
d-block,Zn-S,S,ZnS_1202959_POSCAR,-0.06060346514114495,5.0352516879,-0.20541706156751,-0.14481359642636504,4.8415881614,9.4895127963,35,local_max_drop
d-block,Zn-S,S,ZnS_1198139_POSCAR,-0.060599320056228284,5.0352278318,-0.20541404966531,-0.1448147296090817,4.8415652229,9.4894678369,35,local_max_drop
d-block,Zn-S,S,ZnS_1202182_POSCAR,-0.06057502691422065,5.0351137092,-0.20539584563037,-0.14482081871614935,4.8414554896,9.4892527597,35,local_max_drop
d-block,Zn-S,S,ZnS_1201158_POSCAR,-0.060568947507709636,5.0343728809,-0.20548389509059,-0.14491494758288037,4.8407431547,9.4878565832,35,local_max_drop
d-block,Zn-S,S,ZnS_1202023_POSCAR,-0.059289846979687116,5.0332541583,-0.20441925900897,-0.1451294120292829,4.8396674599,9.4857482213,35,local_max_drop
d-block,Zn-S,S,ZnS_1199343_POSCAR,-0.05927877126436118,5.0330747893,-0.20440992715613,-0.1451311558917688,4.8394949897,9.4854101798,35,local_max_drop
d-block,Zn-S,S,ZnS_1201781_POSCAR,-0.05912537033080012,5.0331999387,-0.20419963060049,-0.1450742602696899,4.8396153257,9.4856460384,35,local_max_drop
d-block,Zn-S,S,ZnS_1196782_POSCAR,-0.05910869336131669,5.0331996893,-0.20418668455095,-0.1450779911896333,4.8396150858,9.4856455683,35,local_max_drop
d-block,Zr-O,O,Zr27O49_684977_POSCAR,-0.34193771763957825,5.2665725065,-0.63581794907297,-0.2938802314333917,4.9033606095,8.8986914765,35,local_max_drop
d-block,Zr-O,O,Zr4O_1215377_POSCAR,-0.2782921193608162,7.9141334349,-0.37394211008083,-0.09564999072001379,6.7835429442,13.849733511,35,local_max_drop
d-block,Zr-O,O,Zr3O_561418_POSCAR,-0.27703946240873095,7.9163966705,-0.37093458923765,-0.09389512682891904,6.8244798883,13.3759805812,35,local_max_drop
d-block,Zr-O,O,ZrO2_1100824_POSCAR,-0.25994698083282525,5.24338995,-0.51139379432953,-0.2514468134967048,4.88177685,8.85952095,35,local_max_drop
d-block,Zr-O,O,ZrO2_1245318_POSCAR,-0.2526843562127971,15.06609708,-0.54141683959147,-0.2887324833786729,14.546576491,25.4565088593,35,local_max_drop
d-block,Zr-O,O,Zr2O_753629_POSCAR,-0.25091799745172805,8.1930612369,-0.37725351553885,-0.12633551808712196,7.6280225309,13.8434482968,35,local_max_drop
d-block,Zr-O,O,Zr19O40_685070_POSCAR,-0.21085279221775308,11.3174968222,-0.41453886819826,-0.20368607598050695,10.9272383111,19.1226670444,35,local_max_drop
d-block,Zr-O,O,Zr3O_1017_POSCAR,-0.13888503921501766,8.192483557,-0.18584885339118,-0.04696381417616234,7.062485825,13.842472217,35,local_max_drop
d-block,Zr-O,O,Zr3O_14024_POSCAR,-0.13847277786701806,7.2765934031,-0.1853941437983,-0.04692136593128194,6.2729253475,12.294933681,35,local_max_drop
d-block,Zr-O,O,ZrO2_775910_POSCAR,-0.129005946256626,11.7150175815,-0.24125158946815,-0.112245643211524,11.311051458,19.7943400515,35,local_max_drop
d-block,Zr-O,O,ZrO2_775980_POSCAR,-0.11009626487776428,7.317207075,-0.2090175970283,-0.09892133215053572,6.82939327,11.9514382225,35,local_max_drop
d-block,Zr-O,O,ZrO2_1190186_POSCAR,-0.09415017473708415,7.392288384,-0.17891968760586,-0.08476951286877585,7.137381888,12.490418304,35,local_max_drop
d-block,Zr-O,O,ZrO2_776404_POSCAR,-0.08353777940024423,14.8137086165,-0.16222961176802,-0.07869183236777577,14.302891078,25.0300593865,35,local_max_drop
d-block,Zr-O,O,ZrO2_776386_POSCAR,-0.07547820743732832,4.7659122,-0.13949702990947,-0.06401882247214168,4.6015704,8.0527482,35,local_max_drop
d-block,Zr-O,O,Zr2O_10735_POSCAR,-0.07258589967722304,6.8268886,-0.11323111495126,-0.040645215274036965,6.3392537,11.94705505,35,local_max_drop
d-block,Zr-O,O,Zr6O11_761151_POSCAR,-0.07068287099624529,5.2691289,-0.13563141423033,-0.06494854323408472,4.9057407,8.9030109,35,local_max_drop
d-block,Zr-O,O,ZrO2_776427_POSCAR,-0.07026642249207361,14.97324126,-0.13143516166582,-0.06116873917374639,13.975025176,24.456294058,35,local_max_drop
d-block,Zr-O,O,ZrO2_963_POSCAR,-0.059240718091619196,4.9125333,-0.11024021105901,-0.0509994929673908,4.5737379,8.3004873,35,local_max_drop
d-block,Zr-S,S,Zr9S2_27191_POSCAR,-0.7231444753281236,12.9443538584,-1.0237220959323,-0.30057762060417625,10.7125687104,21.8714944503,35,local_max_drop
d-block,Zr-S,S,Zr40S27_1100827_POSCAR,-0.5451085061040167,4.913482093,-0.94802752497183,-0.40291901886781323,4.066330008,8.302090433,35,local_max_drop
d-block,Zr-S,S,Zr2S_1197374_POSCAR,-0.4261901895099784,5.127754915,-0.68633053105916,-0.2601403415491816,4.774116645,8.664137615,35,local_max_drop
d-block,Zr-S,S,Zr64S127_1096929_POSCAR,-0.4130512267468305,21.5147628169,-0.95637908727125,-0.5433278605244195,20.0309860709,36.3525302768,35,local_max_drop
d-block,Zr-S,S,Zr63S128_1024087_POSCAR,-0.41153848474358334,21.3522259505,-0.98618383364188,-0.5746453488982967,19.8796586436,36.0778990198,35,local_max_drop
d-block,Zr-S,S,Zr21S8_1193856_POSCAR,-0.37525553371965836,5.0801290269,-0.59480576701688,-0.21955023329722165,4.7297753009,8.5836662868,35,local_max_drop
d-block,Zr-S,S,Zr3S4_684749_POSCAR,-0.2468579996847824,9.2261192933,-0.50004372826069,-0.2531857285759076,8.5898352041,15.5889601852,35,local_max_drop
d-block,Zr-S,S,Zr23S32_673649_POSCAR,-0.2175127554068116,10.5944673634,-0.46002774384014,-0.24251498843332842,9.8638144418,17.9009965795,35,local_max_drop
d-block,Zr-S,S,Zr3S4_1329763_POSCAR,-0.20926600481767824,10.9752187561,-0.43805398106038,-0.22878797624270178,10.2435375057,17.926190635,35,local_max_drop
d-block,Zr-S,S,Zr3S4_684711_POSCAR,-0.1512913225233367,44.441525835,-0.31316337709474,-0.1618720545714033,41.3765930188,75.090853997,35,local_max_drop
d-block,Zr-S,S,Zr3S_1188005_POSCAR,-0.05331137121571171,6.19385045,-0.082180086771927,-0.02886871555621529,5.76668835,10.46547145,35,local_max_drop
s-block,Ba-O,O,BaO_1245311_POSCAR,-0.7225909634722566,21.6303142432,-0.91849227577425,-0.19590131230199337,18.1415538814,34.1898515458,35,local_max_drop
s-block,Ba-O,O,BaO_1245192_POSCAR,-0.713742264272903,20.4829142608,-0.91468667799083,-0.20094441371792707,17.1792184123,32.3762193155,35,local_max_drop
s-block,Ba-O,O,BaO_1244871_POSCAR,-0.7112515062333151,21.1194325484,-0.91413956286653,-0.2028880566332149,17.7130724599,33.3823288668,35,local_max_drop
s-block,Ba-O,O,BaO_1245298_POSCAR,-0.7108686082438302,22.2487828536,-0.91060995003442,-0.19974134179058975,18.6602694901,35.1674309622,35,local_max_drop
s-block,Ba-O,O,BaO_1245276_POSCAR,-0.6976933070077083,20.3620814425,-0.89888459261397,-0.2011912856062617,17.0778747582,32.1852255058,35,local_max_drop
s-block,Ba-O,O,BaO_1178531_POSCAR,-0.6282740279891615,6.08423825,-0.77514348042748,-0.14686945243831848,4.90664375,9.61702175,35,local_max_drop
s-block,Ba-O,O,BaO_776658_POSCAR,-0.31825197758562396,5.226319393,-0.39383364069546,-0.07558166310983606,4.3833646522,8.2609564599,35,local_max_drop
s-block,Ba-O,O,BaO2_726415_POSCAR,-0.13750833928609996,11.61822402,-0.18591434227322,-0.04840600298712004,10.069127484,18.976432566,35,local_max_drop
s-block,Ba-O,O,BaO2_1182238_POSCAR,-0.135008005564288,7.4764219532,-0.18932480280434,-0.054316797240052,6.4795656928,12.2114891903,35,local_max_drop
s-block,Ba-O,O,BaO2_1182141_POSCAR,-0.13499341062765763,11.447886,-0.18950094898588,-0.05450753835822235,9.9215012,18.6982138,35,local_max_drop
s-block,Ba-O,O,BaO2_1182259_POSCAR,-0.12873429545046935,11.9260696051,-0.17942971045681,-0.05069541500634064,10.6923382667,20.1509451949,35,local_max_drop
s-block,Ba-O,O,BaO6_1198787_POSCAR,-0.07221707474783759,8.93837025,-0.14972471016339,-0.07750763541555242,8.27626875,16.22148675,35,local_max_drop
s-block,Ba-S,S,Ba2S3_28978_POSCAR,-0.05849177904663343,8.3330830612,-0.089565271116548,-0.03107349206991457,7.1836922942,14.0800368965,35,local_max_drop
s-block,Be-O,O,BeO_1244907_POSCAR,-0.19898335179165874,13.3324351631,-0.42327186508624,-0.22428851329458124,11.1103626359,21.7763107665,35,local_max_drop
s-block,Be-O,O,BeO_1244919_POSCAR,-0.1917814003022848,14.5802524433,-0.40426790282107,-0.2124865025187852,12.2285988234,23.0462054749,35,local_max_drop
s-block,Be-O,O,BeO_1245079_POSCAR,-0.18670701063681383,14.6483109041,-0.38817352854347,-0.20146651790665615,12.2856801132,23.1537817517,35,local_max_drop
s-block,Be-O,O,BeO_1244963_POSCAR,-0.18600289292902547,15.530404169,-0.39318717210286,-0.20718427917383456,13.0255002708,24.5480582026,35,local_max_drop
s-block,Be-O,O,BeO_1245060_POSCAR,-0.1682507219686706,14.2334907824,-0.35205329849016,-0.18380257652148937,11.9377664627,22.4980983335,35,local_max_drop
s-block,Ca-O,O,CaO_1245305_POSCAR,-0.5807133744221771,18.7024090997,-0.82410303674277,-0.24338966232059292,16.2891950223,29.561872448,35,local_max_drop
s-block,Ca-O,O,CaO_1244902_POSCAR,-0.5773212139919615,17.6113245123,-0.8193076475388,-0.24198643354683852,15.338895543,27.8372548743,35,local_max_drop
s-block,Ca-O,O,CaO_1245200_POSCAR,-0.5674162536959577,17.4049519549,-0.81186024517331,-0.24444399147735235,15.1591517027,27.5110530901,35,local_max_drop
s-block,Ca-O,O,Ca2O3_1120811_POSCAR,-0.1641206222546675,13.027494002,-0.24638612284546,-0.08226550059079249,11.2904948017,21.2782402033,35,local_max_drop
s-block,Cs-O,O,Cs11O3_562001_POSCAR,-0.2715798527919763,16.3621045,-0.36288829820123,-0.09130844540925369,13.5571723,22.9069463,35,local_max_drop
s-block,Cs-O,O,Cs4O3_1105918_POSCAR,-0.08720293724841473,13.6927172216,-0.11306912008701,-0.025866182838595278,12.171304197,18.6373095516,35,local_max_drop
s-block,Cs-O,O,Cs2O3_1213719_POSCAR,-0.08536146233153902,13.7217051386,-0.11798874306989,-0.03262728073835099,12.5109664499,19.7753985821,35,local_max_drop
s-block,Cs-O,O,Cs2O_755573_POSCAR,-0.0811203149898054,13.04106662,-0.10476859883514,-0.0236482838453346,11.98368284,17.27060174,35,local_max_drop
s-block,Cs-O,O,Cs7O_561735_POSCAR,-0.042888675208540894,21.688850521,-0.147493495131,-0.1046048199224591,25.025596755,40.8751413665,35,local_max_drop
s-block,Cs-S,S,Cs2S_540703_POSCAR,-0.08228226756013712,9.4318392,-0.10968222516296,-0.027399957602822884,8.35391472,13.20457488,35,local_max_drop
s-block,Cs-S,S,Cs2S5_1193140_POSCAR,-0.05960286478386119,11.010901568,-0.12202010021021,-0.062417235426348805,9.978629546,16.860443026,35,local_max_drop
s-block,K-O,O,K2O_776104_POSCAR,-0.19652135303103835,16.38675675,-0.24934692813402,-0.052825575102981664,14.51398455,22.94145945,35,local_max_drop
s-block,K-O,O,K2O_776016_POSCAR,-0.1911898426406794,23.020260372,-0.24868719656607,-0.05749735392539061,19.823001987,31.333132173,35,local_max_drop
s-block,K-O,O,K2O_1974672_POSCAR,-0.19068426652022288,16.632439614,-0.24475758074605,-0.05407331422582712,14.784390768,22.6385983635,35,local_max_drop
s-block,K-O,O,K2O2_998917_POSCAR,-0.07959425737323489,12.2761874725,-0.10607347068886,-0.02647921331562511,10.8731946185,17.1866624615,35,local_max_drop
s-block,K-O,O,K2O_998929_POSCAR,-0.07391806304165074,11.6411557028,-0.095214853881164,-0.021296790839513257,10.3826523836,15.4166656605,35,local_max_drop
s-block,K-O,O,K2O_998915_POSCAR,-0.05225562688751591,7.154939481,-0.066231990450721,-0.013976363563205103,6.313181895,10.3115304285,35,local_max_drop
s-block,K-S,S,KS_1287_POSCAR,-0.07453386247120884,12.768815865,-0.11577864380576,-0.04124478133455116,11.4919342785,20.8557325795,35,local_max_drop
s-block,K-S,S,K2S5_17146_POSCAR,-0.07222160876746818,9.4089777465,-0.16294113210075,-0.09071952333328183,8.7600827295,15.8979279165,35,local_max_drop
s-block,K-S,S,K2S5_672372_POSCAR,-0.07162472085018363,9.88440205,-0.15199019912078,-0.08036547827059635,8.8618777,16.70123105,35,local_max_drop
s-block,K-S,S,KS3_1196514_POSCAR,-0.06627715602260265,9.1124341521,-0.16202748944575,-0.09575033342314734,8.1697685502,15.3968714984,35,local_max_drop
s-block,Li-O,O,Li2O_1245224_POSCAR,-1.0107886950057,17.1948702636,-1.2820343792801,-0.27124568427440005,14.6662128719,24.7808424387,35,local_max_drop
s-block,Li-O,O,Li2O_1245303_POSCAR,-0.9772086830926725,16.274359131,-1.2503009771039,-0.2730922940112275,13.8810710235,23.4542234535,35,local_max_drop
s-block,Li-O,O,Li2O_1245092_POSCAR,-0.955589352804511,18.2343897742,-1.2137533486592,-0.2581639958546891,15.0165562847,26.2789734982,35,local_max_drop
s-block,Li-O,O,Li2O_1245009_POSCAR,-0.9362427315035566,16.7896430233,-1.2000443886817,-0.26380165717814347,13.911418505,23.5055002326,35,local_max_drop
s-block,Li-O,O,Li2O_755894_POSCAR,-0.13920431507626965,8.828000475,-0.17821215034441,-0.039007835268140334,7.819086135,12.359200665,35,local_max_drop
s-block,Li-O,O,Li2O2_841_POSCAR,-0.07294824383164723,5.1193474695,-0.095124854844287,-0.022176611012639763,4.343688762,7.6014553335,35,local_max_drop
s-block,Li-O,O,Li2O2_558312_POSCAR,-0.05492325332267871,5.5047190275,-0.072363276247678,-0.017440022924999285,4.67067069,8.1736737075,35,local_max_drop
s-block,Li-S,S,Li2S_32899_POSCAR,-0.2949795639141629,5.3922642073,-0.39548765464382,-0.1005080907296571,4.5225441739,8.5232563277,35,local_max_drop
s-block,Li-S,S,Li2S_723352_POSCAR,-0.2898079078650494,6.1850648582,-0.39031370657533,-0.1005057987102806,5.1874737521,9.7763928404,35,local_max_drop
s-block,Li-S,S,Li2S_1125_POSCAR,-0.13298857221143623,5.686680645,-0.17614481557218,-0.043156243360743786,4.928456559,9.2882450535,35,local_max_drop
s-block,Mg-O,O,MgO_1245039_POSCAR,-0.2688980788391594,14.602960268,-0.51019799859777,-0.24129991975861062,12.6558988989,23.8515017711,35,local_max_drop
s-block,Mg-O,O,MgO_1245128_POSCAR,-0.2452129276013956,15.508749369,-0.47716889683257,-0.23195596923117442,13.4409161198,25.3309573027,35,local_max_drop
s-block,Mg-O,O,MgO_1244962_POSCAR,-0.2447030261970864,15.5370108161,-0.47842139188612,-0.2337183656890336,13.465409374,25.3771176663,35,local_max_drop
s-block,Mg-O,O,MgO_1245045_POSCAR,-0.2424789347312935,14.686524985,-0.46958392597543,-0.22710499124413652,12.7283216537,23.9879908088,35,local_max_drop
s-block,Mg-O,O,MgO_1245232_POSCAR,-0.23684985214822668,13.9955425222,-0.45964545021601,-0.22279559806778332,12.1294701859,22.8593861195,35,local_max_drop
s-block,Mg-O,O,MgO_1245143_POSCAR,-0.23482186754798642,15.1462497359,-0.44768676629672,-0.21286489874873357,13.1267497711,24.7388745687,35,local_max_drop
s-block,Mg-O,O,MgO_1245157_POSCAR,-0.23304254097600557,14.2829375968,-0.45602710182047,-0.22298456084446444,12.3785459172,23.3287980748,35,local_max_drop
s-block,Mg-O,O,MgO_1245195_POSCAR,-0.23184002532521542,14.5215550046,-0.45097774051149,-0.21913771518627456,12.5853476706,23.7185398408,35,local_max_drop
s-block,Mg-O,O,MgO_1190533_POSCAR,-0.079433292091449,14.50217931,-0.13954394329606,-0.060110651204611,12.568555402,23.686892873,35,local_max_drop
s-block,Mg-O,O,MgO_1180973_POSCAR,-0.06997994873047342,4.4798256535,-0.12863145092456,-0.058651502194086574,3.8825155664,7.3170485675,35,local_max_drop
s-block,Mg-O,O,MgO_1190649_POSCAR,-0.06857700438717011,19.2829373425,-0.12810672628754,-0.059529721900369884,16.7118790302,31.4954643261,35,local_max_drop
s-block,Mg-O,O,MgO_1191789_POSCAR,-0.05862500712927875,13.101644168,-0.11053265935111,-0.051907652221831246,11.3547582789,21.399352141,35,local_max_drop
s-block,Mg-O,O,MgO_1192189_POSCAR,-0.013226884310913983,4.44080628,-0.19426203420629,-0.18103514989537603,4.292779404,7.253316924,35,local_max_drop
s-block,Mg-O,O,MgO_1192043_POSCAR,-0.010811664488489053,8.7888871721,-0.14947759524667,-0.13866593075818096,8.4959242664,14.3551823812,35,local_max_drop
s-block,Mg-S,S,Mg149S_1185578_POSCAR,-1.617398561098014,21.3833625165,-2.4329696387693,-0.8155710776712861,18.2154569585,38.8068430855,35,local_max_drop
s-block,Na-O,O,Na2O_1245278_POSCAR,-0.7187373384955631,20.2286311059,-1.0564785733064,-0.3377412348108368,17.163686999,30.0364522482,35,local_max_drop
s-block,Na-O,O,Na2O_1245205_POSCAR,-0.7092369134128825,20.1017455575,-1.0515088697383,-0.3422719563254174,17.5890273628,30.7807978849,35,local_max_drop
s-block,Na-O,O,Na6O_1173794_POSCAR,-0.17551490050729815,15.2335222155,-0.23458409744699,-0.05906919693969184,12.0817589985,25.7393996055,35,local_max_drop
s-block,Na-O,O,NaO2_1180165_POSCAR,-0.09296209328133989,7.5329269,-0.16776100743398,-0.07479891415264012,6.7536586,12.7280489,35,local_max_drop
s-block,Na-O,O,NaO2_1180346_POSCAR,-0.08796020302536488,7.3782467641,-0.1639824280079,-0.07602222498253512,6.6149798575,12.4666928084,35,local_max_drop
s-block,Na-O,O,Na2O2_2340_POSCAR,-0.08271455525830414,9.816588448,-0.1277717599398,-0.04505720468149586,8.589514892,15.031651061,35,local_max_drop
s-block,Na-O,O,Na2O_776952_POSCAR,-0.07776187685082511,10.219740927,-0.11097001573513,-0.03320813888430489,9.29067357,15.174766831,35,local_max_drop
s-block,Na-O,O,Na2O_1119338_POSCAR,-0.07735832346317967,10.5978627125,-0.11000860454222,-0.03265028107904033,9.3866784025,14.8370077975,35,local_max_drop
s-block,Na-O,O,Na2O_1974948_POSCAR,-0.07729332593531821,10.594698135,-0.10991782653136,-0.03262450059604178,9.383875491,14.832577389,35,local_max_drop
s-block,Na-O,O,Na2O_755072_POSCAR,-0.0539333665176588,8.499221248,-0.075820088572697,-0.021886722055038194,7.436818592,13.014432536,35,local_max_drop
s-block,Na-S,S,Na2S_556978_POSCAR,-0.10309993037810983,6.43902378,-0.16338505304282,-0.06028512266471017,5.580487276,10.517072174,35,local_max_drop
s-block,Na-S,S,NaS2_12180_POSCAR,-0.06714638608857153,11.3240765052,-0.17027072920015,-0.10312434311157846,10.1107825939,19.817133884,35,local_max_drop
s-block,Na-S,S,NaS_409_POSCAR,-0.06495525545105929,10.595266248,-0.1241471750889,-0.05919191963784071,9.46005915,18.541715934,35,local_max_drop
s-block,Rb-O,O,Rb19O3_779582_POSCAR,-0.3113070302590912,21.9584303482,-0.40288165397682,-0.09157462371772886,19.1250844968,34.7084866794,35,local_max_drop
s-block,Rb-O,O,Rb16O3_1220248_POSCAR,-0.24432697397775358,21.7538747101,-0.31947318825247,-0.07514621427471643,18.9469231346,34.3851567999,35,local_max_drop
s-block,Rb-O,O,Rb2O_776890_POSCAR,-0.167718733570183,24.154402554,-0.22340327449786,-0.055684540927676995,21.470580048,32.8768256985,35,local_max_drop
s-block,Rb-O,O,Rb9O2_27561_POSCAR,-0.13184626979623698,13.904967549,-0.17436293189028,-0.042516662094043,11.798154284,20.646769997,35,local_max_drop
s-block,Rb-O,O,Rb6O_540855_POSCAR,-0.11473833067259287,13.634614448,-0.20614727892344,-0.09140894825084714,11.930287642,20.8780033735,35,local_max_drop
s-block,Rb-O,O,Rb2O3_2571_POSCAR,-0.09112939220984911,12.6411721088,-0.13455627782294,-0.04342688561309088,11.4919746443,18.7702252524,35,local_max_drop
s-block,Rb-O,O,Rb2O_755738_POSCAR,-0.08775755827016049,13.2083986575,-0.11512582811816,-0.027368269847999498,11.7804636675,17.4922036275,35,local_max_drop
s-block,Rb-O,O,Rb2O3_1188205_POSCAR,-0.08580550180568908,12.3880306948,-0.12435558039964,-0.038550078593950925,11.2618460861,18.3943486074,35,local_max_drop
s-block,Rb-O,O,Rb2O_2023482_POSCAR,-0.06450910248842184,11.7959154483,-0.084509540945503,-0.020000438457081153,10.4478108256,16.5142816276,35,local_max_drop
s-block,Rb-O,O,Rb2O_776922_POSCAR,-0.06224024672134651,12.567758266,-0.081529900866502,-0.01928965414515549,11.08919847,18.112357501,35,local_max_drop
s-block,Rb-S,S,Rb2S_1102384_POSCAR,-0.09083952826241282,8.4155491035,-0.12679391170365,-0.0359543834412372,7.3954825455,12.4958153355,35,local_max_drop
s-block,Rb-S,S,Rb2S5_16911_POSCAR,-0.06712981069825377,9.89608734,-0.14842788035514,-0.08129806965688624,8.906478606,16.163609322,35,local_max_drop
s-block,Rb-S,S,RbS_9062_POSCAR,-0.06513647893641175,13.8108549655,-0.10516064120663,-0.04002416227021825,12.474320614,21.8300610745,35,local_max_drop
s-block,Sr-O,O,SrO2_1545805_POSCAR,-0.052970710208528914,12.228559949,-0.083337477402698,-0.03036676719416908,11.385210987,20.662049569,35,local_max_drop
s-block,Sr-O,O,SrO2_2763179_POSCAR,-0.05294676550888454,6.09880991,-0.08328400985683,-0.030337244347945467,5.67820233,10.30488571,35,local_max_drop
