block,chemsys,metal_1,metal_2,ligand,source,delta_E,dip_x,dip_y,baseline_y,left_anchor,right_anchor,n_points,dip_method
d-block,Co-Cd-O,Co,Cd,O,Cd_CoO2_2_1178482_POSCAR,-0.09639214536438155,13.74564,-0.21288487442807,-0.11649272906368845,12.0961632,26.9414544,35,local_max_drop
d-block,Co-Cd-O,Co,Cd,O,Cd_CoO2_2_769705_POSCAR,-0.0956106134841418,6.586824466,-0.20863903217394,-0.11302841868979821,5.5734668558,12.4136307244,35,local_max_drop
d-block,Co-Cd-O,Co,Cd,O,Cd_CoO2_2_754042_POSCAR,-0.09413032847243447,6.5799237532,-0.20589098842621,-0.11176065995377554,5.6051202342,11.9413431077,35,local_max_drop
d-block,Co-Cu-O,Co,Cu,O,Co25Cu11O48_758061_POSCAR,-0.23926249576746345,13.2512038405,-0.61189449687309,-0.3726320011056266,12.2696331856,24.0484810438,35,local_max_drop
d-block,Co-Cu-O,Co,Cu,O,Co21Cu3O32_757299_POSCAR,-0.20861324550869148,7.489533181,-0.45296526040898,-0.24435201490028852,6.6253562755,14.1148894565,35,local_max_drop
d-block,Co-Cu-O,Co,Cu,O,Co11CuO16_757448_POSCAR,-0.10046537875953834,7.6900005,-0.2273507097893,-0.12688533102976166,7.098462,14.49269325,35,local_max_drop
d-block,Co-Cu-O,Co,Cu,O,Co5CuO8_761404_POSCAR,-0.09496045716303025,6.6682192854,-0.21738886531597,-0.12242840815293973,5.6803349468,12.1015831476,35,local_max_drop
d-block,Co-Cu-O,Co,Cu,O,Co5CuO8_1275601_POSCAR,-0.0921139414819169,6.6250269214,-0.22095930734849,-0.1288453658665731,6.1154094659,12.4856276595,35,local_max_drop
d-block,Co-Cu-O,Co,Cu,O,Co9Cu3O16_753563_POSCAR,-0.08704565519008906,7.294441844,-0.21323164192589,-0.12618598673580095,6.7333309329,13.7472173214,35,local_max_drop
d-block,Co-Cu-O,Co,Cu,O,Co9Cu3O16_767737_POSCAR,-0.08685922996401557,7.552942072,-0.21481256245657,-0.12795333249255442,6.971946528,14.234390828,35,local_max_drop
d-block,Co-Cu-O,Co,Cu,O,Co9Cu3O16_2767725_POSCAR,-0.08489972890913797,7.6070175726,-0.21381171652605,-0.12891198761691203,7.0435347894,13.8053281873,35,local_max_drop
d-block,Co-Hf-O,Co,Hf,O,HfCoO3_753534_POSCAR,-0.03827504769054599,7.0250959999,-0.14756013378528,-0.109285086094734,6.2145079999,7.5654879999,35,local_max_drop
d-block,Co-Mo-O,Co,Mo,O,Co4_MoO4_3_1213876_POSCAR,-0.08752806029373905,6.1985256,-0.53978064409054,-0.452252583796801,5.9402537,12.6553231,35,local_max_drop
d-block,Co-Nb-O,Co,Nb,O,Nb2Co4O9_1275198_POSCAR,-0.07026225917250864,6.2583474903,-0.26406723669588,-0.19380497752337136,5.9975830115,12.7774594593,35,local_max_drop
d-block,Co-Nb-O,Co,Nb,O,Nb2Co4O9_1232651_POSCAR,-0.06919358903355277,6.2497702933,-0.26275463386423,-0.1935610448306772,5.9893631978,12.7599476822,35,local_max_drop
d-block,Co-Nb-O,Co,Nb,O,Nb2Co4O9_1276507_POSCAR,-0.06853444691033111,6.2576610932,-0.26275235969882,-0.19421791278848888,5.9969252144,12.7760580654,35,local_max_drop
d-block,Co-Nb-O,Co,Nb,O,Nb2Co4O9_31513_POSCAR,-0.0677766569918474,6.428809844,-0.26018580939143,-0.1924091523995826,5.9145050565,12.6004672942,35,local_max_drop
d-block,Co-Nb-O,Co,Nb,O,Nb2Co4O9_1291928_POSCAR,-0.06776819587109159,6.2560212072,-0.26199066124156,-0.19422246537046842,5.9953536569,12.7727099646,35,local_max_drop
d-block,Co-Nb-O,Co,Nb,O,Nb2Co4O9_2767524_POSCAR,-0.06657584399494562,6.4042538926,-0.25829525284638,-0.19171940885143438,5.8919135812,12.5523376295,35,local_max_drop
d-block,Co-Nb-S,Co,Nb,S,Nb2CoS4_1210385_POSCAR,-0.12716990413784868,4.83013705,-0.30691201665837,-0.1797421125205213,4.16391125,8.16126605,35,local_max_drop
d-block,Co-Nb-S,Co,Nb,S,Nb2CoS4_1193022_POSCAR,-0.11835805243960867,4.85874845,-0.26435773847254,-0.14599968603293134,4.18857625,8.20960945,35,local_max_drop
d-block,Co-Nb-S,Co,Nb,S,Nb4CoS8_1094100_POSCAR,-0.10253772502960717,9.737567481,-0.2379823752428,-0.13544465021319282,8.394454725,16.453131261,35,local_max_drop
d-block,Co-Nb-S,Co,Nb,S,Nb3CoS6_7116_POSCAR,-0.08160720528089332,8.4532816155,-0.18954458855755,-0.10793738327665667,7.2873117375,14.2831310055,35,local_max_drop
d-block,Co-Ni-O,Co,Ni,O,Co_NiO2_2_863417_POSCAR,-0.13121336133117506,7.6388741,-0.25527866857715,-0.12406530724597492,6.75746555,14.39633965,35,local_max_drop
d-block,Co-Ni-O,Co,Ni,O,Co_NiO2_2_754168_POSCAR,-0.06935838225291129,6.4668875078,-0.13684533747057,-0.06748695521765873,5.9694346226,12.1875956877,35,local_max_drop
d-block,Co-Ni-O,Co,Ni,O,Co2NiO4_38683_POSCAR,-0.0648479358255631,6.5436637936,-0.12994979225175,-0.06510185642618689,5.7886256636,12.3322894572,35,local_max_drop
d-block,Co-Ni-O,Co,Ni,O,Co2NiO4_1153924_POSCAR,-0.06183105118174013,5.2908489545,-0.12406898027469,-0.062237929092949874,4.6803663829,9.9712153374,35,local_max_drop
d-block,Co-Ni-O,Co,Ni,O,Co2NiO4_1096547_POSCAR,-0.061101280612783096,6.4702239891,-0.12319460322923,-0.0620933226164469,5.7236596826,12.1938836717,35,local_max_drop
d-block,Co-Ni-O,Co,Ni,O,Co2NiO4_1304693_POSCAR,-0.06072098985171678,6.8568347633,-0.12198700461566,-0.06126601476394322,5.8019371074,12.9224962846,35,local_max_drop
d-block,Co-Ni-O,Co,Ni,O,Co3NiO8_753483_POSCAR,-0.058654246879489225,7.5661837119,-0.12196895635673,-0.06331470947724077,7.0057256592,13.7312222919,35,local_max_drop
d-block,Co-Ni-O,Co,Ni,O,Co3NiO8_773140_POSCAR,-0.058078551176390866,7.5526276254,-0.13087579475016,-0.07279724357376914,6.9931737272,13.7066205053,35,local_max_drop
d-block,Co-Ni-O,Co,Ni,O,Co3NiO8_752738_POSCAR,-0.057115228937546676,7.3365245255,-0.11679732528229,-0.05968209634474333,6.7930782644,13.3144333982,35,local_max_drop
d-block,Co-Ni-S,Co,Ni,S,Co3_Ni3S4_2_1226487_POSCAR,-0.07076145142305706,8.5044415872,-0.16293955887036,-0.09217810744730293,7.8969814738,14.8827727775,35,local_max_drop
d-block,Co-Rh-S,Co,Rh,S,Co8RhS8_1188878_POSCAR,-0.05788363420600698,8.4890131391,-0.14576792136149,-0.08788428715548302,7.8826550577,14.8557729934,35,local_max_drop
d-block,Co-Ru-O,Co,Ru,O,Co5RuO8_530751_POSCAR,-0.2879931942107602,6.5830054145,-0.67643697791417,-0.3884437837034098,5.5297245482,12.9026906124,35,local_max_drop
d-block,Co-Ru-O,Co,Ru,O,Co9Ru3O16_531333_POSCAR,-0.20481538293361368,7.2233244597,-0.53711175904535,-0.33229637611173635,6.0675925462,14.1577159411,35,local_max_drop
d-block,Co-Ru-O,Co,Ru,O,Co5RuO8_1329603_POSCAR,-0.1997341340607247,7.4663917122,-0.61523680307866,-0.4155026690179353,7.1677360437,14.634127756,35,local_max_drop
d-block,Co-Ru-O,Co,Ru,O,Co7_RuO6_2_675115_POSCAR,-0.13535566127562398,6.1671981749,-0.3989646069097,-0.263608945634076,5.6927983153,11.6227965604,35,local_max_drop
d-block,Co-Ru-O,Co,Ru,O,Co7_RuO6_2_690550_POSCAR,-0.12558652280007931,7.5930474598,-0.37054039058002,-0.24495386777994066,6.4248863122,14.3099740589,35,local_max_drop
d-block,Co-Ru-O,Co,Ru,O,Co2RuO4_754049_POSCAR,-0.09280251955070473,7.6305397759,-0.26961734804316,-0.17681482849245528,6.4096534117,14.9558579607,35,local_max_drop
d-block,Co-Ta-O,Co,Ta,O,Ta2Co4O9_773173_POSCAR,-0.1198146512849112,6.2380187105,-0.40923149015643,-0.2894168388715188,5.9781012642,12.7359548673,35,local_max_drop
d-block,Co-Ta-O,Co,Ta,O,Ta2Co4O9_885579_POSCAR,-0.11512716820822638,6.2215644,-0.40520063964297,-0.2900734714347436,5.96233255,12.70236065,35,local_max_drop
d-block,Co-Ta-O,Co,Ta,O,Ta2Co4O9_863438_POSCAR,-0.06174035858783525,6.249516336,-0.20985425737504,-0.14811389878720474,5.989119822,12.759429186,35,local_max_drop
d-block,Co-Ta-S,Co,Ta,S,Ta9_CoS3_2_29580_POSCAR,-0.22959019376601997,14.9557302005,-0.42180701773642,-0.19221682397040002,12.8928708625,25.2700268905,35,local_max_drop
d-block,Co-Ta-S,Co,Ta,S,Ta9_CoS3_2_1189705_POSCAR,-0.11313530796199216,4.8311029675,-0.21034912005602,-0.09721381209402784,4.1647439375,8.1628981175,35,local_max_drop
d-block,Co-Tc-O,Co,Tc,O,Co2TcO4_36069_POSCAR,-0.06786633339075239,6.6165373009,-0.15685437293073,-0.08898803953997762,5.5578913328,12.9684131098,35,local_max_drop
d-block,Co-Y-O,Co,Y,O,Y_CoO2_3_1045123_POSCAR,-0.15143079249638855,8.0245770098,-0.28301120268084,-0.13158041018445146,6.5916168295,14.0430097672,35,local_max_drop
d-block,Co-Y-O,Co,Y,O,YCoO3_1330514_POSCAR,-0.12460473069585962,8.9403438075,-0.2254860259603,-0.1008812952644404,7.39890522,15.1060981575,35,local_max_drop
d-block,Co-Y-O,Co,Y,O,YCoO3_22668_POSCAR,-0.12438994945001501,7.461389468,-0.19880468757729,-0.07441473812727499,6.174943008,12.607175308,35,local_max_drop
d-block,Co-Y-O,Co,Y,O,YCoO3_1288734_POSCAR,-0.11933423099749088,7.3321951596,-0.19695583826389,-0.0776216072663991,6.546602821,12.8313415292,35,local_max_drop
d-block,Co-Y-O,Co,Y,O,YCoO3_1273178_POSCAR,-0.11640230139778779,7.3879212889,-0.19506253512106,-0.07866023372327222,6.5963582937,12.9288622556,35,local_max_drop
d-block,Co-Y-O,Co,Y,O,Y2Co2O7_1369302_POSCAR,-0.08896222731729095,8.8038099807,-0.16284294789838,-0.07388072058108905,7.5894913627,14.8754030708,35,local_max_drop
d-block,Co-Y-O,Co,Y,O,Y_CoO2_2_1383697_POSCAR,-0.08088908857170009,7.0342678091,-0.13580819254842,-0.05491910397671991,5.7781485575,12.3099686659,35,local_max_drop
d-block,Co-Y-O,Co,Y,O,Y2Co2O5_1187759_POSCAR,-0.07485995723824798,5.2787098,-0.11120926216849,-0.036349304930242014,4.5246084,9.23774215,35,local_max_drop
d-block,Co-Zn-O,Co,Zn,O,Zn5Co19O32_861852_POSCAR,-0.21168232292513625,7.4214641907,-0.45666445653094,-0.24498213360580376,6.5651413994,13.9866055901,35,local_max_drop
d-block,Co-Zn-O,Co,Zn,O,Zn_CoO2_2_1350001_POSCAR,-0.19607246235008247,7.5361012434,-0.45688509435037,-0.26081263200028754,6.9564011477,14.2026523433,35,local_max_drop
d-block,Co-Zn-O,Co,Zn,O,Zn_CoO2_2_530742_POSCAR,-0.1861978569844515,6.688636315,-0.435298755113,-0.2491008981285485,6.1741258293,12.6055069014,35,local_max_drop
d-block,Co-Zn-O,Co,Zn,O,Zn_CoO2_2_1379105_POSCAR,-0.15069359370639102,7.6200411998,-0.34528131876416,-0.194587725057769,7.0338841844,14.3608468765,35,local_max_drop
d-block,Co-Zn-O,Co,Zn,O,ZnCo5O7_1370323_POSCAR,-0.1440656467982649,6.597621888,-0.27221584712824,-0.1281502003299751,5.582603136,12.433979712,35,local_max_drop
d-block,Co-Zn-O,Co,Zn,O,Zn_CoO2_2_1040942_POSCAR,-0.14093860631420208,7.740334836,-0.32294920117006,-0.1820105948558579,7.144924464,14.587554114,35,local_max_drop
d-block,Co-Zn-O,Co,Zn,O,Zn_CoO2_2_1041156_POSCAR,-0.13892838718044076,7.738980691,-0.32421728418472,-0.18528889700427925,7.143674484,14.5850020715,35,local_max_drop
d-block,Co-Zn-O,Co,Zn,O,Zn2Co9O13_1045890_POSCAR,-0.12963783272667634,6.3959715405,-0.25096312772037,-0.12132529499369366,5.6284549556,12.5361042193,35,local_max_drop
d-block,Co-Zn-O,Co,Zn,O,Zn_CoO2_2_1340366_POSCAR,-0.12949388505290388,3.65925,-0.26630253556426,-0.1368086505113561,3.22014,7.17213,35,local_max_drop
d-block,Co-Zn-O,Co,Zn,O,Zn_CoO2_2_1042295_POSCAR,-0.12936254512929768,3.6592452395,-0.26606246979486,-0.1366999246655623,3.2201358107,7.1721206694,35,local_max_drop
d-block,Co-Zn-O,Co,Zn,O,ZnCo3O7_1338829_POSCAR,-0.1234821065672368,18.4852665,-0.40838001779792,-0.2848979112306832,15.7467085,33.5473355,35,local_max_drop
d-block,Co-Zn-O,Co,Zn,O,Zn_CoO2_2_1048393_POSCAR,-0.12313935881416602,3.69541,-0.25822839834504,-0.135089039530874,3.2519608,7.2430036,35,local_max_drop
d-block,Co-Zn-O,Co,Zn,O,Zn_Co2O3_2_1043057_POSCAR,-0.1196938236595789,6.4165939625,-0.23010027998392,-0.1104064563243411,5.646602687,12.5765241665,35,local_max_drop
d-block,Co-Zn-O,Co,Zn,O,Zn3Co9O16_765468_POSCAR,-0.10279280112369354,7.199932019,-0.22660969911874,-0.12381689799504644,6.3691706322,13.5691026512,35,local_max_drop
d-block,Co-Zn-O,Co,Zn,O,ZnCoO2_1291102_POSCAR,-0.10116506489511051,3.8186918001,-0.19382796407035,-0.09266289917523948,3.360448784,7.4846359281,35,local_max_drop
d-block,Co-Zn-O,Co,Zn,O,Zn_CoO2_2_1048280_POSCAR,-0.1008844143191978,6.27167,-0.21485540619008,-0.11397099187088221,5.5190696,12.2924732,35,local_max_drop
d-block,Co-Zn-O,Co,Zn,O,ZnCoO2_754633_POSCAR,-0.09681801714793577,3.8158148,-0.19318539464717,-0.09636737749923423,3.510549616,7.478997008,35,local_max_drop
d-block,Co-Zn-O,Co,Zn,O,ZnCoO2_1272466_POSCAR,-0.09667973046363143,6.3444154743,-0.19257434525235,-0.09589461478871858,5.8368622364,12.4350543296,35,local_max_drop
d-block,Co-Zn-O,Co,Zn,O,Zn3Co2O7_1376556_POSCAR,-0.06852082099739198,12.198809441,-0.18876407106423,-0.120243250066838,11.260439484,22.9900639465,35,local_max_drop
d-block,Co-Zn-O,Co,Zn,O,ZnCo3O7_1044368_POSCAR,-0.06499670726591969,7.19464815,-0.19336198703213,-0.12836527976621032,6.3952428,13.05695405,35,local_max_drop
d-block,Co-Zn-O,Co,Zn,O,Zn2Co3O8_1042827_POSCAR,-0.06458389230370311,7.58213274,-0.16327896459031,-0.09869507228660689,6.99889176,14.28940401,35,local_max_drop
d-block,Co-Zn-O,Co,Zn,O,Zn4CoO5_1215675_POSCAR,-0.05881436223329772,4.210201177,-0.15810693756491,-0.09929257533161229,3.886339548,7.9346099104,35,local_max_drop
d-block,Co-Zr-O,Co,Zr,O,Zr9Co3O2_1215381_POSCAR,-0.5120746412862203,8.1208584386,-0.70306426180024,-0.19098962051401974,6.9607358045,14.2115022675,35,local_max_drop
d-block,Co-Zr-O,Co,Zr,O,Zr6Co2O_1215347_POSCAR,-0.15538796590614912,8.2118266959,-0.21835866792627,-0.06297070202012088,7.0387085965,14.3706967179,35,local_max_drop
d-block,Co-Zr-O,Co,Zr,O,ZrCoO3_756665_POSCAR,-0.07050782015720782,7.298880239,-0.15073875740527,-0.0802309372480622,6.0404526116,12.3325907486,35,local_max_drop
d-block,Cr-Ag-S,Cr,Ag,S,Cr5AgS8_676751_POSCAR,-0.060173778380712084,9.3766869,-0.21835633229079,-0.1581825539100779,9.0294022,17.0169503,35,local_max_drop
d-block,Cr-Co-O,Cr,Co,O,CrCo3O8_861562_POSCAR,-0.057674260666884664,7.5995908965,-0.14612841227219,-0.08845415160530534,7.318124567,13.7918501455,35,local_max_drop
d-block,Cr-Cu-O,Cr,Cu,O,Cr3_CuO6_2_764630_POSCAR,-0.06825763562098075,7.6605213,-0.60010138258334,-0.5318437469623593,7.2099024,22.0803261,35,local_max_drop
d-block,Cr-Cu-O,Cr,Cu,O,Cr3_CuO6_2_772337_POSCAR,-0.06780150342305302,7.5462422,-0.59260842234074,-0.5248069189176869,7.1023456,21.7509334,35,local_max_drop
d-block,Cr-Fe-O,Cr,Fe,O,Cr7FeO12_1245071_POSCAR,-0.21167077532708545,13.5662966989,-0.6040606386299,-0.39238986330281456,12.5613858323,24.6203162314,35,local_max_drop
d-block,Cr-Fe-O,Cr,Fe,O,Cr7FeO12_1244957_POSCAR,-0.19088354341705555,12.2734550407,-0.57808523696717,-0.3872016935501144,11.3643102228,22.2740480368,35,local_max_drop
d-block,Cr-Fe-O,Cr,Fe,O,Cr7FeO12_1245032_POSCAR,-0.18996202854834432,12.4937521935,-0.59569036023432,-0.40572833168597566,11.5682890681,22.6738465735,35,local_max_drop
d-block,Cr-Fe-O,Cr,Fe,O,Cr7FeO12_1245230_POSCAR,-0.17157655743451544,12.0315364603,-0.57306150472493,-0.40148494729041456,11.1403115374,21.8350106132,35,local_max_drop
d-block,Cr-Fe-O,Cr,Fe,O,Cr7FeO12_1245235_POSCAR,-0.17047512254026698,13.3717331103,-0.51838268894392,-0.34790756640365306,12.3812343614,24.2672193484,35,local_max_drop
d-block,Cr-Fe-O,Cr,Fe,O,Cr3FeO6_1244873_POSCAR,-0.17039705421268303,12.3860227972,-0.58055995484461,-0.41016290063192695,11.4685396271,22.4783376691,35,local_max_drop
d-block,Cr-Fe-O,Cr,Fe,O,Cr7FeO12_1245241_POSCAR,-0.16237915369420236,13.0022056775,-0.55712406203919,-0.3947449083449876,12.039079331,23.5965954887,35,local_max_drop
d-block,Cr-Fe-O,Cr,Fe,O,Cr3FeO6_1244931_POSCAR,-0.14156980863883162,13.6719854872,-0.53250675744006,-0.3909369488012284,12.6592458215,24.8121218102,35,local_max_drop
d-block,Cr-Fe-O,Cr,Fe,O,CrFe7O12_1245166_POSCAR,-0.1388696080944512,13.4968036742,-0.47272057176476,-0.3338509636703088,12.458588007,25.4362838476,35,local_max_drop
d-block,Cr-Fe-O,Cr,Fe,O,Cr_FeO2_3_1245289_POSCAR,-0.1326352856123315,12.8522419493,-0.48892518005141,-0.3562898944390785,11.8636079532,24.2215329044,35,local_max_drop
d-block,Cr-Fe-O,Cr,Fe,O,Cr3FeO6_1245016_POSCAR,-0.13081665736740827,13.4198630375,-0.53960783135335,-0.4087911739859417,12.4257991088,24.3545662533,35,local_max_drop
d-block,Cr-Fe-O,Cr,Fe,O,Cr3FeO6_1244976_POSCAR,-0.13031191654327007,14.2564840626,-0.51565268074783,-0.3853407642045599,12.6724302779,25.872878484,35,local_max_drop
d-block,Cr-Fe-O,Cr,Fe,O,Cr_FeO2_3_1245256_POSCAR,-0.12530480603217659,13.213693987,-0.46290969407132,-0.3376048880391434,12.197255988,24.9027309755,35,local_max_drop
d-block,Cr-Fe-O,Cr,Fe,O,CrFeO3_1245204_POSCAR,-0.12331687732597824,13.4674504635,-0.490852168323,-0.36753529099702176,12.4698615403,24.440928619,35,local_max_drop
d-block,Cr-Fe-O,Cr,Fe,O,Cr_FeO2_3_1245073_POSCAR,-0.12016029024073954,13.55888561,-0.47526482913087,-0.35510453889013044,12.5158944093,25.5532844189,35,local_max_drop
d-block,Cr-Fe-O,Cr,Fe,O,Cr_FeO2_3_1244915_POSCAR,-0.11624233813273094,13.4773814904,-0.4553884964579,-0.3391461583251691,12.4406598373,25.3996805012,35,local_max_drop
d-block,Cr-Fe-O,Cr,Fe,O,Cr2FeO4_1192780_POSCAR,-0.10990729765656826,3.9420095,-0.29353781638468,-0.18363051872811176,3.638778,7.42917175,35,local_max_drop
d-block,Cr-Fe-O,Cr,Fe,O,Cr10Fe5O24_771184_POSCAR,-0.10955954794899186,8.0855981073,-0.29261471399251,-0.18305516604351812,7.4866649142,14.6738632318,35,local_max_drop
d-block,Cr-Fe-O,Cr,Fe,O,Cr3FeO6_1245083_POSCAR,-0.10870168267051011,11.2620597629,-0.60156882704754,-0.4928671443770299,10.1894826427,26.2781394469,35,local_max_drop
d-block,Cr-Fe-O,Cr,Fe,O,CrFeO3_1245144_POSCAR,-0.09944236233852943,13.2849773952,-0.47446476003189,-0.37502239769336054,12.2630560571,25.0370727832,35,local_max_drop
d-block,Cr-Fe-O,Cr,Fe,O,CrFeO3_1245179_POSCAR,-0.08958179166252012,12.9359959047,-0.52031957748899,-0.43073778582646993,12.4384576007,24.3793768974,35,local_max_drop
d-block,Cr-Fe-O,Cr,Fe,O,CrFeO3_1244905_POSCAR,-0.08809657944477078,13.4891097406,-0.48874357147835,-0.40064699203357923,12.9702978275,25.4217837418,35,local_max_drop
d-block,Cr-Fe-O,Cr,Fe,O,CrFeO3_1245260_POSCAR,-0.08722279079694378,12.4673240999,-0.49924185937196,-0.4120190685750162,11.5082991692,23.4961108037,35,local_max_drop
d-block,Cr-Fe-O,Cr,Fe,O,CrFeO3_1245072_POSCAR,-0.08624429420833679,13.4333333442,-0.49362314055346,-0.4073788463451232,12.4000000101,25.3166666872,35,local_max_drop
d-block,Cr-Fe-S,Cr,Fe,S,Cr12Fe3S20_1226707_POSCAR,-0.10746995676584453,10.897542237,-0.32136291820839,-0.2138929614425455,10.1191463629,19.0706989147,35,local_max_drop
d-block,Cr-Hf-O,Cr,Hf,O,HfCrO3_756322_POSCAR,-0.043373618165505,6.3788452,-0.16463054949994,-0.12125693133443499,5.8881648,6.8695256,35,local_max_drop
d-block,Cr-Mn-O,Cr,Mn,O,Mn6Cr9O20_757545_POSCAR,-0.31706695705866034,7.8490950185,-0.78908402786848,-0.47201707080981964,7.2453184786,14.7925252271,35,local_max_drop
d-block,Cr-Mn-O,Cr,Mn,O,Mn5Cr4O12_1222112_POSCAR,-0.20580424687582016,7.6781241789,-0.48970933385764,-0.2839050869818198,6.7921867736,14.4703109525,35,local_max_drop
d-block,Cr-Mn-O,Cr,Mn,O,Mn5Cr4O12_1222248_POSCAR,-0.1999142383328052,7.7053208551,-0.49057449024421,-0.2906602519114048,7.1126038663,14.5215662269,35,local_max_drop
d-block,Cr-Mn-O,Cr,Mn,O,Mn5Cr3O16_771053_POSCAR,-0.17779253651669127,8.1679000426,-0.31470129365206,-0.13690875713536874,6.125925032,14.2938250746,35,local_max_drop
d-block,Cr-Mn-O,Cr,Mn,O,Mn3CrO8_772951_POSCAR,-0.17431179526855473,11.5517738,-0.3051700356919,-0.13085824042334526,8.66383035,20.21560415,35,local_max_drop
d-block,Cr-Mn-O,Cr,Mn,O,Mn13Cr3O32_775873_POSCAR,-0.1657296863925791,10.2002050458,-0.29478250608686,-0.12905281969428092,7.9334928134,18.5114832313,35,local_max_drop
d-block,Cr-Mn-O,Cr,Mn,O,Mn15CrO32_771190_POSCAR,-0.14105958956673256,10.5107268185,-0.26941972871578,-0.12836013914904745,9.7599606172,18.3937719324,35,local_max_drop
d-block,Cr-Mn-O,Cr,Mn,O,Mn2CrO4_765581_POSCAR,-0.1377727671079328,7.7181473176,-0.31312547653219,-0.17535270942425718,6.8605753935,14.007008095,35,local_max_drop
d-block,Cr-Mn-O,Cr,Mn,O,Mn3Cr3O8_1290512_POSCAR,-0.1361495998454628,8.1037146451,-0.31911727889252,-0.1829676790470572,7.2033019068,14.706741393,35,local_max_drop
d-block,Cr-Mn-O,Cr,Mn,O,Mn5Cr3O16_1353690_POSCAR,-0.12349690891268156,8.4596102375,-0.2662112241002,-0.14271431518751843,7.8761888418,14.2938241944,35,local_max_drop
d-block,Cr-Mn-O,Cr,Mn,O,Mn2CrO4_675077_POSCAR,-0.07367204291351945,6.8722936698,-0.16280243394727,-0.08913039103375056,6.3436556952,12.9516303777,35,local_max_drop
d-block,Cr-Mn-O,Cr,Mn,O,Mn7CrO16_769632_POSCAR,-0.07160716433872283,8.1525262,-0.1408395831705,-0.06923241883177716,7.5702029,14.26692085,35,local_max_drop
d-block,Cr-Mn-O,Cr,Mn,O,Mn5Cr3O16_877768_POSCAR,-0.07100531316595841,9.334742331,-0.17753334163812,-0.1065280284721616,8.4596102375,14.2938241944,35,local_max_drop
d-block,Cr-Mn-O,Cr,Mn,O,Mn3CrO8_773120_POSCAR,-0.07060116307977919,8.075289656,-0.15060018528047,-0.07999902220069081,7.498483252,14.131756898,35,local_max_drop
d-block,Cr-Mn-O,Cr,Mn,O,Mn5Cr3O16_771133_POSCAR,-0.07035695262792369,8.1462613053,-0.15801502461376,-0.0876580719858363,7.5643854978,14.2559572843,35,local_max_drop
d-block,Cr-Mn-O,Cr,Mn,O,Mn2CrO4_34139_POSCAR,-0.06882064929547246,7.9725653307,-0.15649948066648,-0.08767883137100754,7.0867247384,14.4687296742,35,local_max_drop
d-block,Cr-Mn-O,Cr,Mn,O,Mn5CrO8_1221988_POSCAR,-0.06881992943240131,7.2672241058,-0.14643782243194,-0.0776178929995387,6.4597547607,13.1886659697,35,local_max_drop
d-block,Cr-Mn-O,Cr,Mn,O,Mn3Cr3O8_1221796_POSCAR,-0.0686446403867397,6.8609592367,-0.16459735167607,-0.0959527112893303,6.3331931416,12.9302693307,35,local_max_drop
d-block,Cr-Mn-O,Cr,Mn,O,Mn3Cr5O16_756938_POSCAR,-0.06839134879994221,8.1540220962,-0.15929695675477,-0.0909056079548278,7.5715919465,14.2695386684,35,local_max_drop
d-block,Cr-Mn-O,Cr,Mn,O,Mn2CrO6_753734_POSCAR,-0.06808585974697776,7.10770879,-0.11903291701273,-0.05094705726575225,5.3307815925,12.4384903825,35,local_max_drop
d-block,Cr-Mn-O,Cr,Mn,O,Mn5Cr2O12_755906_POSCAR,-0.0672573403851509,6.934437252,-0.15013562343874,-0.08287828305358912,6.4207752334,12.5847194574,35,local_max_drop
d-block,Cr-Mn-O,Cr,Mn,O,MnCrO4_755908_POSCAR,-0.06708813554571666,7.8872344,-0.22282617001712,-0.15573803447140333,7.0569992,9.5477048,35,local_max_drop
d-block,Cr-Mn-O,Cr,Mn,O,Mn5Cr2O12_2214957_POSCAR,-0.06677657222060353,6.9591149778,-0.14868544625938,-0.08190887403877646,6.4436249794,12.6295049596,35,local_max_drop
d-block,Cr-Mn-O,Cr,Mn,O,MnCr2O4_28226_POSCAR,-0.06213143115322023,6.9893616646,-0.14917526156339,-0.08704383041016978,6.2127659241,12.684397095,35,local_max_drop
d-block,Cr-Mn-O,Cr,Mn,O,MnCr3O8_760027_POSCAR,-0.06189191991813851,8.1718764946,-0.14917675539743,-0.08728483547929149,7.5881710307,14.3007838655,35,local_max_drop
d-block,Cr-Mn-O,Cr,Mn,O,Mn5CrO12_1176453_POSCAR,-0.05478575359403347,7.0860801416,-0.10947957017423,-0.054693816580196536,6.5799315601,12.4006402479,35,local_max_drop
d-block,Cr-Mn-S,Cr,Mn,S,Mn2Cr13S20_1222474_POSCAR,-0.10406111920511363,10.745239488,-0.32734214702062,-0.22328102781550635,9.9777223817,18.804169104,35,local_max_drop
d-block,Cr-Mo-O,Cr,Mo,O,Cr14MoO24_674480_POSCAR,-0.1255972725962765,6.8411752469,-0.30834923097358,-0.18275195837730351,6.3344215249,12.4154661889,35,local_max_drop
d-block,Cr-Nb-S,Cr,Nb,S,Nb4CrS8_5306_POSCAR,-0.10340126142112899,9.7154360439,-0.23392951038593,-0.130528248964801,8.3753759,16.4157367639,35,local_max_drop
d-block,Cr-Nb-S,Cr,Nb,S,Nb3CrS6_1189260_POSCAR,-0.0818395781431433,8.416256025,-0.18529186950041,-0.10345229135726669,7.255393125,14.220570525,35,local_max_drop
d-block,Cr-Ni-O,Cr,Ni,O,Cr3_NiO6_2_776211_POSCAR,-0.06470440267622873,7.3787854,-0.55444671274708,-0.4897423100708513,6.9447392,21.2682638,35,local_max_drop
d-block,Cr-Ni-S,Cr,Ni,S,Cr11NiS16_1226505_POSCAR,-0.08000823752532304,8.7801030886,-0.25551997961928,-0.17551174209395698,8.129725082,15.9342611607,35,local_max_drop
d-block,Cr-Ni-S,Cr,Ni,S,Cr11NiS16_1226263_POSCAR,-0.0712918758555669,9.3701018334,-0.25678132616205,-0.18548945030648312,9.0230610248,17.0049996236,35,local_max_drop
d-block,Cr-Y-O,Cr,Y,O,Y2Cr3O9_1365415_POSCAR,-0.2693689479804491,7.3558004083,-0.53987528773536,-0.2705063397549109,6.567678936,12.8726507146,35,local_max_drop
d-block,Cr-Y-O,Cr,Y,O,Y2Cr3O9_1659341_POSCAR,-0.2684504926739448,7.355818045,-0.53895314665771,-0.2705026539837652,6.5676946831,12.8726815788,35,local_max_drop
d-block,Cr-Y-O,Cr,Y,O,YCr3O6_1045038_POSCAR,-0.1422867548740069,8.3659803075,-0.33857631457401,-0.19628955970000309,7.7462780625,15.1827050025,35,local_max_drop
d-block,Cr-Y-O,Cr,Y,O,YCrO3_1336975_POSCAR,-0.13949069508841166,8.826045252,-0.26727906501672,-0.12778836992830833,7.6086597,14.912973012,35,local_max_drop
d-block,Cr-Y-O,Cr,Y,O,YCrO3_18725_POSCAR,-0.13816069984095575,7.3436102039,-0.24929582570175,-0.11113512586079426,5.7699794459,12.8513178568,35,local_max_drop
d-block,Cr-Y-O,Cr,Y,O,YCr2O2_1208171_POSCAR,-0.11252485192510814,7.8325062309,-0.27285702779416,-0.16033217586905185,6.9287555119,14.7612617428,35,local_max_drop
d-block,Cr-Y-O,Cr,Y,O,YCrO2_1207648_POSCAR,-0.108644925129712,8.0656933705,-0.20482619367851,-0.096181268548798,6.6750565825,13.6282405225,35,local_max_drop
d-block,Cr-Y-O,Cr,Y,O,Y2Cr2O7_2763860_POSCAR,-0.09919569538354721,8.8201065509,-0.19765025406511,-0.09845455868156279,7.6035401301,14.902938655,35,local_max_drop
d-block,Cr-Y-O,Cr,Y,O,Y2Cr2O7_1939204_POSCAR,-0.0941330407729975,8.6450610645,-0.19116388294544,-0.09703084217244251,7.7188045218,15.1288568628,35,local_max_drop
d-block,Cr-Y-O,Cr,Y,O,YCr2O4_1388764_POSCAR,-0.07444665408048336,6.980069708,-0.1655297246148,-0.09108307053431665,6.2045064071,12.6675339146,35,local_max_drop
d-block,Cr-Y-O,Cr,Y,O,Y2Cr3O9_1396182_POSCAR,-0.07306783803856864,5.285203,-0.13725272772693,-0.06418488968836136,3.96390225,9.24910525,35,local_max_drop
d-block,Cr-Y-O,Cr,Y,O,YCr2O4_1388393_POSCAR,-0.058876223382489073,7.1669590441,-0.14489403716823,-0.08601781378574092,6.6156545023,13.5069612755,35,local_max_drop
d-block,Cr-Y-S,Cr,Y,S,Y2CrS4_555795_POSCAR,-0.21923426351087294,10.528763,-0.50924482873869,-0.2900105652278171,9.024654,18.42533525,35,local_max_drop
d-block,Cr-Y-S,Cr,Y,S,Y3CrS6_1207827_POSCAR,-0.17254711714203305,5.276822236,-0.37384780063418,-0.20130068349214694,4.522990488,9.234438913,35,local_max_drop
d-block,Cr-Zn-O,Cr,Zn,O,ZnCr2O4_1365412_POSCAR,-0.1632745574444543,7.6758863167,-0.51343046629356,-0.35015590884910575,7.0854335232,14.4660934431,35,local_max_drop
d-block,Cr-Zn-O,Cr,Zn,O,ZnCr5O7_1046078_POSCAR,-0.15570232578611293,6.938546979,-0.31705261595956,-0.1613502901734471,5.33734383,13.0764923835,35,local_max_drop
d-block,Cr-Zn-O,Cr,Zn,O,ZnCr2O4_1048859_POSCAR,-0.12862781344378044,8.0955128835,-0.36610799278145,-0.23748017933766957,7.196011452,14.6918567145,35,local_max_drop
d-block,Cr-Zn-O,Cr,Zn,O,ZnCr2O4_1040929_POSCAR,-0.12433461935760332,7.806589687,-0.37553643580592,-0.2512018164483167,7.206082788,14.7124190255,35,local_max_drop
d-block,Cr-Zn-O,Cr,Zn,O,ZnCr2O4_1362371_POSCAR,-0.1204061633843283,7.7518866788,-0.38690755982125,-0.2665013964369217,7.1555877036,14.6093248948,35,local_max_drop
d-block,Cr-Zn-O,Cr,Zn,O,ZnCr2O4_1048271_POSCAR,-0.11603730451981889,3.9774402,-0.28819504533408,-0.17215774081426113,3.0935646,7.2183174,35,local_max_drop
d-block,Cr-Zn-O,Cr,Zn,O,Zn2Cr9O13_1046037_POSCAR,-0.11584068778791029,3.9972814797,-0.27171376889204,-0.15587308110412973,3.689798289,7.5333381733,35,local_max_drop
d-block,Cr-Zn-O,Cr,Zn,O,ZnCr4O6_1042605_POSCAR,-0.11348939286616899,6.847546433,-0.26828662445086,-0.154797231584691,6.0574449215,12.9049913545,35,local_max_drop
d-block,Cr-Zn-O,Cr,Zn,O,ZnCr2O4_1378442_POSCAR,-0.11331177681399052,6.90388515,-0.25702737094778,-0.14371559413378948,5.36968845,12.52927305,35,local_max_drop
d-block,Cr-Zn-O,Cr,Zn,O,ZnCr2O4_1041789_POSCAR,-0.09083357315643298,3.8226123,-0.28001197399281,-0.18917840083637705,3.5285652,7.20415395,35,local_max_drop
d-block,Cr-Zn-O,Cr,Zn,O,ZnCrO2_1444748_POSCAR,-0.07913463154253972,3.9301517636,-0.18883612073858,-0.10970148919604028,3.6278323971,7.4068244775,35,local_max_drop
d-block,Cr-Zn-O,Cr,Zn,O,ZnCrO2_1367483_POSCAR,-0.07392054000399886,3.8116776597,-0.17128534859312,-0.09736480858912114,3.5184716859,7.1835463587,35,local_max_drop
d-block,Cr-Zn-O,Cr,Zn,O,ZnCrO2_1046147_POSCAR,-0.06610740146741416,3.9819421528,-0.16413128583129,-0.09802388436387584,3.6756389103,7.5044294419,35,local_max_drop
d-block,Cr-Zn-O,Cr,Zn,O,ZnCrO2_1444696_POSCAR,-0.06453487852657543,3.8144555182,-0.17179295085529,-0.10725807232871458,3.521035863,7.1887815536,35,local_max_drop
d-block,Cu-Nb-O,Cu,Nb,O,Nb8Cu2O21_2646914_POSCAR,-0.11013794694216147,15.3004998627,-0.34055477351278,-0.23041682657061854,14.7728964192,25.8525687336,35,local_max_drop
d-block,Cu-Nb-O,Cu,Nb,O,Nb3CuO8_27383_POSCAR,-0.07257328931282048,7.6515495,-0.22994908807669,-0.15737579876386953,7.1414462,12.49753085,35,local_max_drop
d-block,Cu-Nb-S,Cu,Nb,S,Nb24_CuS8_5_690962_POSCAR,-0.3036173486410566,19.1910863835,-0.66474287279222,-0.3611255241511634,16.5440399858,32.4263183721,35,local_max_drop
d-block,Cu-Nb-S,Cu,Nb,S,Nb2CuS4_1237864_POSCAR,-0.09983893329590318,4.89503615,-0.27231572125773,-0.17247678796182683,4.21985875,8.27092315,35,local_max_drop
d-block,Cu-Nb-S,Cu,Nb,S,Nb2CuS4_1193370_POSCAR,-0.09352654577384148,4.88341585,-0.24163639904896,-0.14810985327511852,4.20984125,8.25128885,35,local_max_drop
d-block,Cu-Nb-S,Cu,Nb,S,Nb3_CuS3_2_1220938_POSCAR,-0.0803112113836695,4.9078095045,-0.20064572032733,-0.12033450894366049,4.2308702625,8.2925057145,35,local_max_drop
d-block,Cu-Nb-S,Cu,Nb,S,Nb2CuS4_1210558_POSCAR,-0.07278862545172388,5.14278315,-0.22755461837197,-0.15476599292024612,4.78810845,8.68953015,35,local_max_drop
d-block,Cu-Pd-S,Cu,Pd,S,Cu3Pd13S7_1225772_POSCAR,-0.15439130839568044,9.5581114379,-0.41002438032355,-0.25563307192786955,8.8228720966,18.0133638638,35,local_max_drop
d-block,Cu-Ta-S,Cu,Ta,S,Ta22_CuS12_3_686369_POSCAR,-0.14912039738281435,17.7206045788,-0.42724437401107,-0.27812397662825566,15.2763832576,29.9417111848,35,local_max_drop
d-block,Cu-Ta-S,Cu,Ta,S,Ta14_CuS8_3_676854_POSCAR,-0.08351410070986517,9.5747663171,-0.27524065357004,-0.19172655286017484,8.5842732498,16.1780534323,35,local_max_drop
d-block,Cu-Y-O,Cu,Y,O,Y4_Cu2O5_3_1335004_POSCAR,-0.20448394995997066,17.7859416,-0.48725231237829,-0.2827683624183193,15.880305,31.1253978,35,local_max_drop
d-block,Cu-Y-O,Cu,Y,O,Y4_Cu2O5_3_1338483_POSCAR,-0.1923213051915565,8.7954986,-0.44282208056423,-0.2505007753726735,7.85312375,15.39212255,35,local_max_drop
d-block,Cu-Y-O,Cu,Y,O,Y4Cu7O16_530641_POSCAR,-0.16137421494794618,8.6519746502,-0.37280697962031,-0.21143276467236383,7.7249773662,15.1409556378,35,local_max_drop
d-block,Cu-Y-O,Cu,Y,O,Y2Cu2O5_510475_POSCAR,-0.14454932747234336,8.7718246,-0.26625707571559,-0.12170774824324662,7.83198625,15.35069305,35,local_max_drop
d-block,Cu-Y-O,Cu,Y,O,Y2Cu2O5_2882_POSCAR,-0.14435745426760532,4.9604968,-0.27801000718471,-0.13365255291710465,4.429015,8.6808694,35,local_max_drop
d-block,Cu-Y-O,Cu,Y,O,Y6Cu11O24_867628_POSCAR,-0.12373743243234547,8.6790642044,-0.29051458770857,-0.16677715527622455,7.7491644682,15.1883623576,35,local_max_drop
d-block,Cu-Y-O,Cu,Y,O,YCuO3_1333124_POSCAR,-0.10570713889666314,8.9643993945,-0.20447867489017,-0.09877153599350685,7.7279305125,15.1467438045,35,local_max_drop
d-block,Cu-Y-O,Cu,Y,O,YCuO3_1340758_POSCAR,-0.09403245713093598,7.3668392,-0.17235293614758,-0.078320479016644,6.577535,12.8919686,35,local_max_drop
d-block,Cu-Y-O,Cu,Y,O,Y4Cu2O7_755210_POSCAR,-0.08160254422477983,8.4720711773,-0.13333941605347,-0.051736871828690155,7.5643492655,14.8261245603,35,local_max_drop
d-block,Cu-Y-O,Cu,Y,O,Y2CuO4_755924_POSCAR,-0.07707155887310978,9.5176549565,-0.12956393786672,-0.052492378993610214,8.2048749625,16.0815549265,35,local_max_drop
d-block,Cu-Y-S,Cu,Y,S,Y2_CuS2_3_1352540_POSCAR,-0.09320219709106622,8.7870314,-0.27081830398448,-0.17761610689341376,7.84556375,15.37730495,35,local_max_drop
d-block,Fe-Cd-O,Fe,Cd,O,Cd_FeO2_2_532027_POSCAR,-0.19113986768195435,7.7994091875,-0.57022524046633,-0.3790853727843757,7.48743282,15.2868420075,35,local_max_drop
d-block,Fe-Cd-O,Fe,Cd,O,Cd_FeO2_2_772600_POSCAR,-0.07987152497920696,3.9442611,-0.22140976802875,-0.14153824304954304,3.6408564,7.43341515,35,local_max_drop
d-block,Fe-Cd-O,Fe,Cd,O,Cd_FeO2_2_756539_POSCAR,-0.07477574409475402,3.8846158,-0.2178259003051,-0.14305015621034597,3.5857992,7.3210067,35,local_max_drop
d-block,Fe-Co-O,Fe,Co,O,Fe2CoO4_685218_POSCAR,-0.2411665499806342,6.8074708861,-0.62887745984994,-0.38771090986930584,6.0219934762,12.8294643623,35,local_max_drop
d-block,Fe-Co-O,Fe,Co,O,Fe2CoO4_532300_POSCAR,-0.1605096742164776,6.7703523972,-0.41951768689807,-0.2590080126815924,5.9891578898,12.759510287,35,local_max_drop
d-block,Fe-Co-O,Fe,Co,O,Fe19Co5O32_757738_POSCAR,-0.1565696290349468,10.1332111352,-0.4174183591286,-0.26084873009365317,8.9639944658,19.097205601,35,local_max_drop
d-block,Fe-Co-O,Fe,Co,O,Fe2CoO4_691111_POSCAR,-0.12230993484172753,7.7704224499,-0.31997214742479,-0.1976622125830625,6.8738352441,14.644257694,35,local_max_drop
d-block,Fe-Co-O,Fe,Co,O,Fe2CoO4_36738_POSCAR,-0.12001351143593578,7.8510991,-0.31483723075913,-0.19482371932319423,6.94520305,14.79630215,35,local_max_drop
d-block,Fe-Co-O,Fe,Co,O,Fe7_CoO6_2_1225378_POSCAR,-0.11577365266853284,7.649285656,-0.31148427602813,-0.19571062335959716,6.7666757726,14.4159614286,35,local_max_drop
d-block,Fe-Co-O,Fe,Co,O,FeCo3O8_1178259_POSCAR,-0.0962999647739067,10.852213596,-0.22005134226248,-0.12375137748857329,10.0483459222,19.6947580075,35,local_max_drop
d-block,Fe-Co-O,Fe,Co,O,FeCo3O8_776400_POSCAR,-0.09184662461613,10.7899267576,-0.21500979156218,-0.12316316694605,9.9906729237,19.5817189305,35,local_max_drop
d-block,Fe-Co-O,Fe,Co,O,FeCo9O20_771048_POSCAR,-0.063330566098629,6.6273276863,-0.13574495702895,-0.07241439093032101,6.1364145244,12.0273724678,35,local_max_drop
d-block,Fe-Co-O,Fe,Co,O,Fe3Co7O20_775826_POSCAR,-0.06024538894655876,3.9087657,-0.13476740097479,-0.07452201202823125,3.6192275,7.0936859,35,local_max_drop
d-block,Fe-Co-O,Fe,Co,O,Fe2Co3O10_778217_POSCAR,-0.0581587333005963,6.7725555367,-0.13344092393135,-0.07528219063075368,6.2708847562,12.2909341221,35,local_max_drop
d-block,Fe-Cu-O,Fe,Cu,O,Fe2CuO4_685418_POSCAR,-0.12265452110312719,6.8980939289,-0.36785122787131,-0.24519670676818284,6.367471319,13.000253943,35,local_max_drop
d-block,Fe-Cu-O,Fe,Cu,O,Fe13Cu5O24_763652_POSCAR,-0.09803995042578895,7.6188101875,-0.2838512806196,-0.18581133019381108,7.0327478654,14.3585268919,35,local_max_drop
d-block,Fe-Cu-O,Fe,Cu,O,Fe2CuO4_38090_POSCAR,-0.0924525337593719,7.8622401498,-0.27731250187559,-0.18485996811621808,7.257452446,14.8172987439,35,local_max_drop
d-block,Fe-Cu-O,Fe,Cu,O,Fe13Cu5O24_758556_POSCAR,-0.08412272183930042,7.7118050171,-0.27471830247019,-0.1905955806308896,7.140560201,13.995497994,35,local_max_drop
d-block,Fe-Cu-O,Fe,Cu,O,Fe9Cu3O16_705842_POSCAR,-0.06680136569473014,6.4333525699,-0.19106381783552,-0.12426245214078988,5.9384792953,12.1243952279,35,local_max_drop
d-block,Fe-Cu-O,Fe,Cu,O,Fe9Cu3O16_868046_POSCAR,-0.06047325173021642,7.9069826575,-0.18401341915059,-0.12354016742037358,7.3212802384,14.3497092673,35,local_max_drop
d-block,Fe-Cu-O,Fe,Cu,O,Fe9Cu3O16_861469_POSCAR,-0.05785044489427002,7.6141312,-0.18461641950004,-0.12676597460577,7.32128,14.3497088,35,local_max_drop
d-block,Fe-Nb-S,Fe,Nb,S,Nb2FeS4_1210649_POSCAR,-0.11754877812130587,4.8448821,-0.25692656109242,-0.13937778297111414,4.1766225,8.1861801,35,local_max_drop
d-block,Fe-Nb-S,Fe,Nb,S,Nb4FeS8_1193686_POSCAR,-0.09296577500238676,9.7583414425,-0.22254684180007,-0.12958106679768325,8.4123633125,16.4882320924,35,local_max_drop
d-block,Fe-Nb-S,Fe,Nb,S,Nb2FeS4_1193958_POSCAR,-0.07525033020353739,4.80819855,-0.25678452238084,-0.1815341921773026,4.47659865,8.12419755,35,local_max_drop
d-block,Fe-Nb-S,Fe,Nb,S,Nb3FeS6_22613_POSCAR,-0.07192854934979405,8.38989488,-0.18069698599472,-0.10876843664492596,7.52197472,14.17602928,35,local_max_drop
d-block,Fe-Ni-O,Fe,Ni,O,Fe2NiO4_699378_POSCAR,-0.22601080038084959,6.7359854806,-0.55929939487064,-0.33328859448979037,5.9587563867,12.6947418673,35,local_max_drop
d-block,Fe-Ni-O,Fe,Ni,O,Fe21Ni9O40_698680_POSCAR,-0.20446233681722709,12.8845812126,-0.53984397628007,-0.3353816394628429,11.8538147155,25.2537791766,35,local_max_drop
d-block,Fe-Ni-O,Fe,Ni,O,Fe13_NiO10_2_757258_POSCAR,-0.1937237254229479,7.8235794582,-0.52157983864193,-0.3278561132189821,6.9208587515,14.7444382098,35,local_max_drop
d-block,Fe-Ni-O,Fe,Ni,O,Fe14Ni11O32_685456_POSCAR,-0.18332562467869296,7.6170196834,-0.4612113863198,-0.27788576164110707,6.7381327969,14.3551524803,35,local_max_drop
d-block,Fe-Ni-O,Fe,Ni,O,Fe2NiO4_530214_POSCAR,-0.17840038026192084,7.6954943605,-0.44351543469639,-0.26511505443446914,6.8075527035,14.503047064,35,local_max_drop
d-block,Fe-Ni-O,Fe,Ni,O,Fe2NiO4_1326188_POSCAR,-0.17763067004657268,7.7774225166,-0.51065906762903,-0.33302839758245734,7.1791592461,14.6574501275,35,local_max_drop
d-block,Fe-Ni-O,Fe,Ni,O,Fe14Ni11O32_1365499_POSCAR,-0.16652868104857038,7.9099801223,-0.41822134422635,-0.2516926631777796,7.0310934421,14.3551491109,35,local_max_drop
d-block,Fe-Ni-O,Fe,Ni,O,Fe11_NiO3_8_36806_POSCAR,-0.14148249020179415,7.7237753104,-0.35736292856419,-0.21588043836239584,6.8325704669,14.5563457772,35,local_max_drop
d-block,Fe-Ni-O,Fe,Ni,O,Fe7_Ni3O8_2_754651_POSCAR,-0.12425370985361228,7.4833470986,-0.27134345285062,-0.14708974299700772,6.6198839718,14.1032310703,35,local_max_drop
d-block,Fe-Ni-O,Fe,Ni,O,Fe_NiO2_2_640147_POSCAR,-0.05986820523815432,6.5200766237,-0.12717665850901,-0.06730845327085568,6.018532268,12.2878367138,35,local_max_drop
d-block,Fe-Ni-S,Fe,Ni,S,FeNi35S32_1225604_POSCAR,-0.32779433054340157,13.2944069683,-0.72739057185948,-0.3995962413160784,12.3096360818,24.1268867203,35,local_max_drop
d-block,Fe-Ni-S,Fe,Ni,S,Fe6Ni9S20_530925_POSCAR,-0.14441881064999457,8.1464890717,-0.48784308001101,-0.34342426936101544,7.5645969951,14.2563558754,35,local_max_drop
d-block,Fe-Ni-S,Fe,Ni,S,Fe6Ni9S20_1333995_POSCAR,-0.1268518117517189,9.5398137144,-0.45166564822624,-0.3248138364745211,8.5529364336,16.1189955864,35,local_max_drop
d-block,Fe-Ni-S,Fe,Ni,S,Fe5Ni7S16_675307_POSCAR,-0.103274765424068,9.2074238721,-0.38387984861112,-0.280605083187052,8.5497507383,16.1129917761,35,local_max_drop
d-block,Fe-Ta-S,Fe,Ta,S,Ta9_FeS3_2_3652_POSCAR,-0.20119629440920667,15.055566746,-0.3951438606307,-0.19394756622149334,12.97893685,25.438716226,35,local_max_drop
d-block,Fe-Ta-S,Fe,Ta,S,Ta9_FeS3_2_615821_POSCAR,-0.10480721775535543,15.377757555,-0.19962436259655,-0.09481714484119458,12.8147979625,25.1170040065,35,local_max_drop
d-block,Fe-Y-O,Fe,Y,O,Y6Fe16O_504492_POSCAR,-0.3939728826567863,10.428754268,-0.54247169717843,-0.1484988145216437,7.7250031615,18.9262577456,35,local_max_drop
d-block,Fe-Y-O,Fe,Y,O,Y3Fe5O12_4704_POSCAR,-0.2885302493393791,14.3572278715,-0.58926135432374,-0.30073110498436095,12.3061953184,25.1251487751,35,local_max_drop
d-block,Fe-Y-O,Fe,Y,O,YFeO3_1376289_POSCAR,-0.11765701077469048,8.84512064,-0.22020269323999,-0.10254568246529952,7.625104,14.94520384,35,local_max_drop
d-block,Fe-Y-O,Fe,Y,O,YFeO3_20783_POSCAR,-0.10527199202152315,7.4027887228,-0.18358681435794,-0.07831482233641684,6.6096327882,12.9548802648,35,local_max_drop
d-block,Fe-Y-O,Fe,Y,O,Y_FeO2_3_1045059_POSCAR,-0.09023596601174799,8.152466218,-0.24587198332323,-0.155636017311482,7.525353432,15.364263257,35,local_max_drop
d-block,Fe-Y-O,Fe,Y,O,Y2Fe2O7_1379819_POSCAR,-0.08209692027873275,8.8572862233,-0.15676737029176,-0.07467045001302725,7.6355915718,14.9657594807,35,local_max_drop
d-block,Fe-Y-O,Fe,Y,O,YFeO3_1275986_POSCAR,-0.07533369071941978,5.1382557714,-0.14514029409778,-0.06980660337836023,4.4295308374,8.6818804413,35,local_max_drop
d-block,Fe-Y-O,Fe,Y,O,Y_FeO2_2_557783_POSCAR,-0.0569226395248298,4.6074662593,-0.14320153151174,-0.0862788919869102,4.2530457778,8.6833017964,35,local_max_drop
d-block,Fe-Zn-O,Fe,Zn,O,Zn_Fe2O3_4_1100888_POSCAR,-0.30627710893901094,6.8372271965,-0.89030135776126,-0.584024248822249,6.3112866429,12.8855435626,35,local_max_drop
d-block,Fe-Zn-O,Fe,Zn,O,Zn_FeO2_2_530413_POSCAR,-0.22897491272064224,7.867151864,-0.58528416431823,-0.3563092515975878,7.261986336,14.826555436,35,local_max_drop
d-block,Fe-Zn-O,Fe,Zn,O,Zn_FeO2_2_531053_POSCAR,-0.22647962267100258,6.7705749253,-0.58690995131012,-0.36043032863911745,6.2497614695,12.7599296668,35,local_max_drop
d-block,Fe-Zn-O,Fe,Zn,O,Zn11Fe25O48_1101180_POSCAR,-0.2256693538327847,12.8566517528,-0.58298123198591,-0.3573118781531253,11.8676785411,24.229843688,35,local_max_drop
d-block,Fe-Zn-O,Fe,Zn,O,Zn_FeO2_2_743547_POSCAR,-0.1944172379220428,6.784743844,-0.50352392263351,-0.3091066847114672,6.2628404714,12.7866326292,35,local_max_drop
d-block,Fe-Zn-O,Fe,Zn,O,Zn9Fe21O40_776633_POSCAR,-0.1937564226701769,7.7959081242,-0.50213830315013,-0.3083818804799531,7.1962228839,14.6922883879,35,local_max_drop
d-block,Fe-Zn-O,Fe,Zn,O,Zn_FeO2_2_531960_POSCAR,-0.1912287037939175,6.8050404945,-0.48791098386821,-0.29668228007429254,6.2815758411,12.8248840089,35,local_max_drop
d-block,Fe-Zn-O,Fe,Zn,O,Zn_FeO2_2_1100838_POSCAR,-0.19100571400224597,7.805901385,-0.49071919395093,-0.299713479948684,7.2054474323,14.7111218409,35,local_max_drop
d-block,Fe-Zn-O,Fe,Zn,O,Zn_FeO2_2_677654_POSCAR,-0.18058548139107988,6.810078056,-0.48436851323264,-0.30378303184156014,6.2862258978,12.8343778748,35,local_max_drop
d-block,Fe-Zn-O,Fe,Zn,O,Zn_FeO2_2_532403_POSCAR,-0.17410670548893004,6.7815079295,-0.48259760533064,-0.30849089984170996,6.2598534733,12.7805341747,35,local_max_drop
d-block,Fe-Zn-O,Fe,Zn,O,Zn9Fe15O32_766377_POSCAR,-0.1534158595052731,7.812703929,-0.40115924132047,-0.2477433818151969,7.2117267036,14.7239420199,35,local_max_drop
d-block,Fe-Zn-O,Fe,Zn,O,Zn_FeO2_2_530636_POSCAR,-0.153218001265165,6.8008552221,-0.39258557789095,-0.239367576625785,6.2777125127,12.8169963801,35,local_max_drop
d-block,Fe-Zn-O,Fe,Zn,O,Zn_FeO2_2_530392_POSCAR,-0.15249860777746585,6.8137757735,-0.38960880825227,-0.23711020047480416,6.2896391755,12.8413466501,35,local_max_drop
d-block,Fe-Zn-O,Fe,Zn,O,Zn_FeO2_2_1353844_POSCAR,-0.11472486117668693,7.8749069628,-0.29935678768627,-0.18463192650958307,7.2691448887,14.8411708145,35,local_max_drop
d-block,Fe-Zn-O,Fe,Zn,O,Zn_FeO2_2_34425_POSCAR,-0.11352383655586007,7.885722975,-0.29223383384518,-0.1787099972893199,7.2791289,14.8615548375,35,local_max_drop
d-block,Fe-Zn-O,Fe,Zn,O,Zn_FeO2_2_34140_POSCAR,-0.11335995622992762,7.88496995,-0.29067642950112,-0.17731647327119238,7.2784338,14.860135675,35,local_max_drop
d-block,Fe-Zn-O,Fe,Zn,O,Zn2Fe7O12_757326_POSCAR,-0.10965609804739537,7.6815908538,-0.29400745584354,-0.18435135779614462,7.0906992496,14.4768443013,35,local_max_drop
d-block,Fe-Zn-O,Fe,Zn,O,Zn_Fe2O3_2_1043611_POSCAR,-0.10446412170561656,6.595887,-0.20413464643351,-0.09967052472789345,5.2767096,12.92793852,35,local_max_drop
d-block,Fe-Zn-O,Fe,Zn,O,ZnFe5O7_1046059_POSCAR,-0.09729789381915355,6.6556122875,-0.23701113370336,-0.13971323988420645,6.1231633045,13.0450000835,35,local_max_drop
d-block,Fe-Zn-O,Fe,Zn,O,Zn2Fe9O13_1045954_POSCAR,-0.08693042276022411,6.5242861193,-0.21501236546718,-0.1280819427069559,6.0023432297,12.7876007938,35,local_max_drop
d-block,Fe-Zn-O,Fe,Zn,O,Zn_FeO2_2_1340255_POSCAR,-0.08357392188557493,7.78880475,-0.19104121127876,-0.10746728939318508,6.05795925,14.13523825,35,local_max_drop
d-block,Fe-Zn-O,Fe,Zn,O,Zn_FeO2_2_1042141_POSCAR,-0.08312718819238812,3.8349428,-0.22338553440687,-0.14025834621448188,3.3924494,7.2273922,35,local_max_drop
d-block,Fe-Zn-O,Fe,Zn,O,Zn_FeO2_2_1371352_POSCAR,-0.08083853766476864,3.797443,-0.22601947846464,-0.14518094079987134,3.3592765,7.1567195,35,local_max_drop
d-block,Fe-Zn-O,Fe,Zn,O,Zn_FeO2_2_1378434_POSCAR,-0.07935878816779704,3.7982048,-0.2245743824899,-0.14521559432210296,3.3599504,7.1581552,35,local_max_drop
d-block,Fe-Zn-O,Fe,Zn,O,Zn_FeO2_2_1376718_POSCAR,-0.07634546949210315,7.6657295,-0.1936418517212,-0.11729638222909684,6.78122225,14.44695175,35,local_max_drop
d-block,Fe-Zn-O,Fe,Zn,O,Zn_FeO2_2_1810050_POSCAR,-0.07600076715090778,6.5742514656,-0.19330860125413,-0.11730783410322221,5.8156839888,12.3899354544,35,local_max_drop
d-block,Fe-Zr-O,Fe,Zr,O,Zr6Fe2O_1215351_POSCAR,-0.16849296986144136,8.3706968459,-0.23210193756663,-0.06360896770518865,7.1748830108,14.6487194803,35,local_max_drop
d-block,Fe-Zr-S,Fe,Zr,S,Zr6FeS2_1207526_POSCAR,-0.526448091126119,5.0141226635,-0.7703804259351,-0.243932334808981,4.149618756,8.4721382935,35,local_max_drop
d-block,Hf-Re-O,Hf,Re,O,Hf9Re4O3_1212448_POSCAR,-0.35731329580792615,12.1934616695,-0.56378969790222,-0.20647640209429383,10.5116048875,20.6027455794,35,local_max_drop
d-block,Hf-Re-S,Hf,Re,S,Hf9Re4S_1399219_POSCAR,-0.645394856917348,17.552238922,-1.3139133391373,-0.6685184822199519,14.525990832,29.657231282,35,local_max_drop
d-block,Hf-Re-S,Hf,Re,S,Hf9Re4S_1192774_POSCAR,-0.3443619697908929,12.4110517,-0.54743463511739,-0.2030726653264971,9.8432479,20.9703977,35,local_max_drop
d-block,Hf-W-O,Hf,W,O,Hf9W4O3_1212452_POSCAR,-0.337457877800983,12.5698171735,-0.5407371240249,-0.203279246223917,10.402607316,21.2386566035,35,local_max_drop
d-block,Hf-W-S,Hf,W,S,Hf9W4S_1193767_POSCAR,-0.3212614097832338,12.615791874,-0.52007269749974,-0.19881128771650622,10.440655344,21.316337994,35,local_max_drop
d-block,Mn-Ag-O,Mn,Ag,O,Mn3_AgO2_4_704268_POSCAR,-0.315894335438202,17.316800973,-1.4569536542589,-1.141059318820698,16.675437974,31.426786951,35,local_max_drop
d-block,Mn-Ag-O,Mn,Ag,O,Mn3_AgO2_4_705778_POSCAR,-0.11383347908659375,11.9995678482,-0.48348454348004,-0.36965106439344625,11.5551394094,21.7769935023,35,local_max_drop
d-block,Mn-Ag-O,Mn,Ag,O,Mn3_AgO2_4_31239_POSCAR,-0.10623250797559336,12.2509779699,-0.49843407224685,-0.39220156427125663,11.797238045,22.2332563157,35,local_max_drop
d-block,Mn-Cd-O,Mn,Cd,O,MnCd9O10_757244_POSCAR,-0.29069855951210677,8.2843712113,-0.81657834275118,-0.5258797832390733,7.6216215144,16.2373675741,35,local_max_drop
d-block,Mn-Cd-O,Mn,Cd,O,Mn9CdO10_756679_POSCAR,-0.19655996815248364,10.570082484,-0.29120447966989,-0.09464451151740635,8.0332626879,20.7173616687,35,local_max_drop
d-block,Mn-Cd-O,Mn,Cd,O,MnCd4O5_753688_POSCAR,-0.17322881640374,8.1357645403,-0.4244739272892,-0.25124511088546003,7.1594727955,15.946098499,35,local_max_drop
d-block,Mn-Cd-O,Mn,Cd,O,MnCd4O5_1221762_POSCAR,-0.1668438515937959,4.1011106625,-0.42744099887204,-0.2605971472782441,3.7730218095,8.0381768985,35,local_max_drop
d-block,Mn-Cd-O,Mn,Cd,O,MnCd4O5_1176452_POSCAR,-0.16070828786781427,8.217927047,-0.42100270502932,-0.26029441716150575,7.5604928832,16.1071370121,35,local_max_drop
d-block,Mn-Cd-O,Mn,Cd,O,MnCd6O8_752683_POSCAR,-0.13747628915067378,10.7391847743,-0.47243071361141,-0.3349544244607362,10.3096173833,21.0488021576,35,local_max_drop
d-block,Mn-Cd-O,Mn,Cd,O,MnCdO2_1221645_POSCAR,-0.1098764814854249,6.99964425,-0.19574718134839,-0.0858706998629651,5.5997154,13.71930273,35,local_max_drop
d-block,Mn-Cd-O,Mn,Cd,O,Mn2Cd3O5_760391_POSCAR,-0.10930884273445447,6.7655732662,-0.23029166159851,-0.12098281886405553,5.9537044742,13.2605236017,35,local_max_drop
d-block,Mn-Cd-O,Mn,Cd,O,Mn4CdO5_1221716_POSCAR,-0.0875976063683448,4.0164601086,-0.13742042025523,-0.04982281388688519,3.0525096826,7.8722618129,35,local_max_drop
d-block,Mn-Cd-O,Mn,Cd,O,Mn2CdO3_1221887_POSCAR,-0.0846918644358425,6.1150590222,-0.15656655566572,-0.0718746912298775,5.6258543004,11.9855156835,35,local_max_drop
d-block,Mn-Cd-O,Mn,Cd,O,Mn7CdO12_1105404_POSCAR,-0.07708228778135034,8.2364450784,-0.17381993229326,-0.09673764451190967,7.6263380356,14.9476225497,35,local_max_drop
d-block,Mn-Cd-O,Mn,Cd,O,Mn7CdO12_1105241_POSCAR,-0.07281326131972345,7.9683545806,-0.17549348188069,-0.10268022056096655,7.6618794044,15.0172836326,35,local_max_drop
d-block,Mn-Co-O,Mn,Co,O,MnCo9O10_1176471_POSCAR,-0.15653967518272538,9.7684551226,-0.2563688882298,-0.09982921304707458,8.2055023029,19.1461720402,35,local_max_drop
d-block,Mn-Co-O,Mn,Co,O,Mn2CoO4_766445_POSCAR,-0.13466548082453877,8.013515374,-0.24807409479938,-0.11340861397484124,6.1642425954,15.1023943586,35,local_max_drop
d-block,Mn-Co-O,Mn,Co,O,Mn_CoO2_2_767807_POSCAR,-0.118814532011052,7.2393691389,-0.24465437926159,-0.125839847250538,6.4040573152,13.6434264541,35,local_max_drop
d-block,Mn-Co-O,Mn,Co,O,Mn3CoO8_758012_POSCAR,-0.11589146765375541,11.1280527,-0.24199934544232,-0.12610787778856458,10.3037525,20.1953549,35,local_max_drop
d-block,Mn-Co-O,Mn,Co,O,MnCo3O8_867992_POSCAR,-0.11377540829624726,10.859589,-0.23684795907351,-0.12307255077726274,10.055175,19.708143,35,local_max_drop
d-block,Mn-Co-O,Mn,Co,O,Mn3_CoO4_2_504423_POSCAR,-0.08834177194299674,6.898800188,-0.17864198634033,-0.09030021439733325,5.174100141,12.072900329,35,local_max_drop
d-block,Mn-Co-O,Mn,Co,O,Mn_CoO2_2_1222025_POSCAR,-0.06823901466403316,6.5394425754,-0.13160164868929,-0.06336263402525684,5.7547094663,12.8173074478,35,local_max_drop
d-block,Mn-Co-O,Mn,Co,O,Mn2CoO4_1221996_POSCAR,-0.06516611510444578,6.8455484121,-0.11999150553038,-0.05482539042593422,5.0707766015,12.4234026737,35,local_max_drop
d-block,Mn-Co-O,Mn,Co,O,Mn3CoO8_773167_POSCAR,-0.0616031184131977,8.0760707986,-0.13044099836483,-0.0688378799516323,7.2107774987,14.1331238975,35,local_max_drop
d-block,Mn-Co-O,Mn,Co,O,Mn5Co3O16_756965_POSCAR,-0.05804276161097524,7.9461438301,-0.12841345314144,-0.07037069153046477,7.3785621279,13.9057517026,35,local_max_drop
d-block,Mn-Co-O,Mn,Co,O,MnCo3O8_757029_POSCAR,-0.05727385659703042,7.5954806555,-0.12873746510388,-0.07146360850684959,7.0328524588,13.7843908192,35,local_max_drop
d-block,Mn-Cu-O,Mn,Cu,O,Mn2CuO4_698748_POSCAR,-0.266180578806617,8.2727912313,-0.63313036815374,-0.366949789347123,7.3535922056,15.0135840865,35,local_max_drop
d-block,Mn-Cu-O,Mn,Cu,O,Mn2CuO4_705869_POSCAR,-0.22564122707354872,7.7617155734,-0.54104936027768,-0.3154081332041313,7.1646605293,14.6278485806,35,local_max_drop
d-block,Mn-Cu-O,Mn,Cu,O,Mn9_Cu3O10_2_685488_POSCAR,-0.21435453859240494,8.058414614,-0.51728026622746,-0.3029257276350551,7.1630352125,14.6245302255,35,local_max_drop
d-block,Mn-Cu-O,Mn,Cu,O,Mn2CuO4_530196_POSCAR,-0.18184465122567184,6.8617281683,-0.44163207928098,-0.2597874280553082,6.3534520077,12.4527659351,35,local_max_drop
d-block,Mn-Cu-O,Mn,Cu,O,Mn8Cu7O20_532104_POSCAR,-0.17847380286112963,6.8868050246,-0.49581830011707,-0.3173444972559404,6.3766713191,12.4982757853,35,local_max_drop
d-block,Mn-Cu-O,Mn,Cu,O,Mn13Cu11O32_759736_POSCAR,-0.15900168077162044,8.0921894764,-0.40223368600817,-0.24323200523654956,7.4927680337,14.6858253461,35,local_max_drop
d-block,Mn-Cu-O,Mn,Cu,O,Mn2CuO4_685330_POSCAR,-0.14872639949141225,7.876766521,-0.33643523714808,-0.18770883765666774,7.270861404,14.8446753665,35,local_max_drop
d-block,Mn-Cu-O,Mn,Cu,O,Mn3Cu3O8_21784_POSCAR,-0.14479257440678206,11.4135102,-0.39228625548471,-0.24749368107792796,10.568065,20.7134074,35,local_max_drop
d-block,Mn-Cu-O,Mn,Cu,O,Mn2CuO4_34237_POSCAR,-0.13201603410089868,7.936691219,-0.31980107490863,-0.18778504080773134,7.3261765099,14.9576103744,35,local_max_drop
d-block,Mn-Cu-O,Mn,Cu,O,Mn11Cu7O24_760128_POSCAR,-0.13117852512980055,8.198099311,-0.31414676566556,-0.18296824053575944,7.5908326953,14.8780320829,35,local_max_drop
d-block,Mn-Cu-O,Mn,Cu,O,Mn11Cu7O24_765492_POSCAR,-0.1286675218378201,7.9057663524,-0.31192494513743,-0.18325742329960992,7.32015403,14.3475018988,35,local_max_drop
d-block,Mn-Fe-O,Mn,Fe,O,Mn19Fe17O48_706492_POSCAR,-0.3220387144193556,7.9931539307,-0.7120708919242,-0.3900321775048444,7.0708669387,15.0640208693,35,local_max_drop
d-block,Mn-Fe-O,Mn,Fe,O,Mn17Fe13O40_532236_POSCAR,-0.3036689843975848,7.9780362565,-0.59656876774607,-0.29289978334848527,6.1369509665,15.035529868,35,local_max_drop
d-block,Mn-Fe-O,Mn,Fe,O,Mn23FeO32_757698_POSCAR,-0.2889952380919736,8.2074742055,-0.52044787361664,-0.23145263552466647,6.3134416965,15.4679321564,35,local_max_drop
d-block,Mn-Fe-O,Mn,Fe,O,Mn13Fe11O32_762538_POSCAR,-0.24132487802950262,7.8820000171,-0.4771724606893,-0.2358475826597974,6.0630769362,14.8545384938,35,local_max_drop
d-block,Mn-Fe-O,Mn,Fe,O,Mn_FeO2_2_697842_POSCAR,-0.23731538629058613,6.924294776,-0.56299604265356,-0.32568065636297383,6.1253376865,13.0496324625,35,local_max_drop
d-block,Mn-Fe-O,Mn,Fe,O,Mn9FeO10_753618_POSCAR,-0.20416786712434415,8.4106728763,-0.29723461650091,-0.09306674937656584,6.6584493604,17.1717904558,35,local_max_drop
d-block,Mn-Fe-O,Mn,Fe,O,Mn13Fe11O32_758522_POSCAR,-0.19461885517742003,8.0966740252,-0.44120868063183,-0.24658982545440997,7.1970435779,14.6939639716,35,local_max_drop
d-block,Mn-Fe-O,Mn,Fe,O,Mn13Fe11O32_1333722_POSCAR,-0.18183908430827112,7.8883502772,-0.4439303755701,-0.2620912912618289,7.281554102,14.8665062917,35,local_max_drop
d-block,Mn-Fe-O,Mn,Fe,O,Mn5_FeO3_4_1222437_POSCAR,-0.18133143748875252,7.9002894968,-0.35787432336791,-0.17654288587915745,6.0771457668,14.8890071286,35,local_max_drop
d-block,Mn-Fe-O,Mn,Fe,O,MnFeO3_674482_POSCAR,-0.14693855205078338,10.148833526,-0.31667823738297,-0.16973968533218664,9.368154024,19.126647799,35,local_max_drop
d-block,Mn-Fe-O,Mn,Fe,O,Mn5_FeO3_4_758400_POSCAR,-0.14689788151780692,7.7533508342,-0.34349146969836,-0.19659358818055306,6.8587334302,14.6120842644,35,local_max_drop
d-block,Mn-Fe-O,Mn,Fe,O,Mn7Fe3O20_777317_POSCAR,-0.13998377561664122,7.8889915957,-0.29192078646933,-0.1519370108526888,7.3046218479,14.3170588219,35,local_max_drop
d-block,Mn-Fe-O,Mn,Fe,O,MnFeO3_759744_POSCAR,-0.13037816230096486,10.1575391709,-0.30370914538136,-0.17333098308039516,9.3761900039,19.1430545913,35,local_max_drop
d-block,Mn-Fe-O,Mn,Fe,O,Mn3Fe5O12_757662_POSCAR,-0.11951563996529838,10.1109658965,-0.29190027653771,-0.17238463657241163,9.3331992891,19.055281882,35,local_max_drop
d-block,Mn-Fe-O,Mn,Fe,O,Mn13Fe3O32_771188_POSCAR,-0.11900125052347628,10.237608284,-0.24094933321967,-0.12194808269619371,9.4792669297,18.5793631821,35,local_max_drop
d-block,Mn-Fe-O,Mn,Fe,O,Mn3FeO8_771261_POSCAR,-0.11578218456916688,11.2113894754,-0.23657889291723,-0.12079670834806312,10.3809161809,20.3465957146,35,local_max_drop
d-block,Mn-Fe-O,Mn,Fe,O,Mn2FeO3_761563_POSCAR,-0.11177270265783285,3.98186625,-0.16688091863628,-0.055108215978447145,3.02621835,7.80445785,35,local_max_drop
d-block,Mn-Fe-O,Mn,Fe,O,MnFe2O3_761716_POSCAR,-0.0998932351487932,8.57429905,-0.15443851313035,-0.05454527798155681,6.85943924,16.805626138,35,local_max_drop
d-block,Mn-Fe-O,Mn,Fe,O,Mn4FeO5_1221857_POSCAR,-0.09947953520924704,3.9259861613,-0.1463124028162,-0.04683286760695296,2.9837494826,7.6949328762,35,local_max_drop
d-block,Mn-Fe-O,Mn,Fe,O,Mn7Fe3O20_805897_POSCAR,-0.0931618761426091,8.7379793479,-0.21762417363558,-0.12446229749297091,8.1554473914,14.2720329349,35,local_max_drop
d-block,Mn-Fe-O,Mn,Fe,O,Mn5FeO12_776272_POSCAR,-0.09179109690698388,8.0123361494,-0.17970519884235,-0.08791410193536613,7.153871562,14.0215882615,35,local_max_drop
d-block,Mn-Fe-O,Mn,Fe,O,Mn9_FeO6_4_769622_POSCAR,-0.09139078037636775,17.3091268544,-0.19865228013713,-0.10726149976076224,16.0269693096,31.4128598469,35,local_max_drop
d-block,Mn-Fe-O,Mn,Fe,O,Mn2FeO6_752751_POSCAR,-0.07944244207993116,7.9156656441,-0.17088207729267,-0.09143963521273883,7.3293200408,14.36546728,35,local_max_drop
d-block,Mn-Fe-O,Mn,Fe,O,MnFe4O5_1221795_POSCAR,-0.0726512666801102,6.7894223057,-0.12079060937227,-0.0481393426921598,5.1599609524,13.3072677192,35,local_max_drop
d-block,Mn-Fe-O,Mn,Fe,O,Mn3Fe5O12_1354810_POSCAR,-0.06960215744449672,11.7080587061,-0.17182883956794,-0.1022266821234433,10.1469842119,19.1231625532,35,local_max_drop
d-block,Mn-Fe-O,Mn,Fe,O,Mn_FeO2_2_1192567_POSCAR,-0.0644318855929126,3.72947875,-0.12672061982625,-0.062288734233337396,2.83440385,7.30977835,35,local_max_drop
d-block,Mn-Fe-O,Mn,Fe,O,Mn2FeO4_1307341_POSCAR,-0.06347438719339688,6.8209398554,-0.12422160632221,-0.06074721912881311,6.2962521742,12.854848189,35,local_max_drop
d-block,Mn-Fe-O,Mn,Fe,O,Mn2FeO4_38856_POSCAR,-0.05960610301974684,6.8234687407,-0.12569867768357,-0.06609257466382315,6.2985865299,12.8596141651,35,local_max_drop
d-block,Mn-Fe-O,Mn,Fe,O,Mn2FeO4_1307551_POSCAR,-0.05626972657879008,6.8534572847,-0.11863077121177,-0.06236104463297992,6.3262682628,12.9161310365,35,local_max_drop
d-block,Mn-Hf-O,Mn,Hf,O,HfMnO3_754657_POSCAR,-0.039551686315067974,7.034326,-0.15333788199659,-0.11378619568152201,6.222673,7.575428,35,local_max_drop
d-block,Mn-Nb-O,Mn,Nb,O,Mn27Nb13O60_706836_POSCAR,-0.2269212626693078,5.9178867334,-0.9059523547011,-0.6790310920317922,5.4444557947,6.6280331414,35,local_max_drop
d-block,Mn-Nb-O,Mn,Nb,O,Mn3Nb6O11_31908_POSCAR,-0.1885945081225786,7.6866213069,-0.39399595064778,-0.20540144252520137,6.3613417713,12.9877394497,35,local_max_drop
d-block,Mn-Nb-O,Mn,Nb,O,MnNb4O12_775807_POSCAR,-0.11498558084242064,11.3879998131,-0.29015759324381,-0.17517201240138938,9.869599838,18.6003996947,35,local_max_drop
d-block,Mn-Nb-O,Mn,Nb,O,MnNb3O6_29876_POSCAR,-0.11181703008135707,9.2590727865,-0.33910334945941,-0.22728631937805294,8.6205160426,15.6446402254,35,local_max_drop
d-block,Mn-Nb-O,Mn,Nb,O,Mn4Nb2O9_1222064_POSCAR,-0.09457255474849502,7.1568756188,-0.2820635705086,-0.18749101576010496,6.5843255693,14.0274762129,35,local_max_drop
d-block,Mn-Nb-O,Mn,Nb,O,Mn4Nb2O9_31901_POSCAR,-0.08599115085996348,5.7346333221,-0.27991503865854,-0.19392388779857653,5.5052479892,11.2398813112,35,local_max_drop
d-block,Mn-Nb-S,Mn,Nb,S,Mn_NbS2_2_1211179_POSCAR,-0.10178024640923883,4.84340745,-0.25099395230428,-0.14921370589504118,4.17535125,8.18368845,35,local_max_drop
d-block,Mn-Nb-S,Mn,Nb,S,Mn_NbS2_4_3669_POSCAR,-0.09708173496433534,9.7659407475,-0.22488602051898,-0.12780428555464465,8.4189144375,16.5010722975,35,local_max_drop
d-block,Mn-Nb-S,Mn,Nb,S,Mn_NbS2_2_1193946_POSCAR,-0.096851788473404,4.8732296,-0.27023446947071,-0.173382680997306,4.0330176,8.2340776,35,local_max_drop
d-block,Mn-Nb-S,Mn,Nb,S,Mn_NbS2_3_10199_POSCAR,-0.07466606440976067,8.4717913295,-0.1767561088657,-0.10209004445593933,7.3032683875,14.3144060395,35,local_max_drop
d-block,Mn-Ni-O,Mn,Ni,O,Mn_Ni9O10_2_758680_POSCAR,-0.6350591431579155,7.3689646528,-1.0780433729613,-0.4429842298033845,6.7794474806,14.4431707195,35,local_max_drop
d-block,Mn-Ni-O,Mn,Ni,O,Mn3_Ni17O20_2_758834_POSCAR,-0.5713184989391659,7.3809747446,-0.99685166722266,-0.4255331682834942,6.790496765,14.4667104994,35,local_max_drop
d-block,Mn-Ni-O,Mn,Ni,O,MnNi7O8_1221343_POSCAR,-0.14882822690636227,6.5254850713,-0.24433508581429,-0.09550685890792772,5.7424268627,12.7899507397,35,local_max_drop
d-block,Mn-Ni-O,Mn,Ni,O,Mn15NiO32_851082_POSCAR,-0.13619557758324446,11.5298045737,-0.25441179019512,-0.11821621261187552,10.2944683694,20.177158004,35,local_max_drop
d-block,Mn-Ni-O,Mn,Ni,O,Mn3NiO8_775810_POSCAR,-0.13507640032289875,11.398758,-0.25602762499226,-0.12095122466936126,10.1774625,19.9478265,35,local_max_drop
d-block,Mn-Ni-O,Mn,Ni,O,Mn2NiO4_690543_POSCAR,-0.11941190783291941,7.7846246971,-0.24838139987094,-0.12896949203802058,6.6313469642,14.1276522281,35,local_max_drop
d-block,Mn-Ni-O,Mn,Ni,O,Mn_Ni3O4_2_19442_POSCAR,-0.0932381176325943,6.378719585,-0.17093517332412,-0.0776970556915257,5.8684220182,12.5022903866,35,local_max_drop
d-block,Mn-Ni-O,Mn,Ni,O,Mn3NiO4_776651_POSCAR,-0.0822177281720613,3.9257808375,-0.12219799343461,-0.0399802652625487,2.9835934365,7.6945304415,35,local_max_drop
d-block,Mn-Ni-O,Mn,Ni,O,Mn3NiO4_1221811_POSCAR,-0.08212121911475034,3.9358075,-0.12167715656552,-0.03955593745076966,2.9912137,7.7141827,35,local_max_drop
d-block,Mn-Ni-O,Mn,Ni,O,MnNi3O4_759859_POSCAR,-0.07895143225051965,6.5583172375,-0.12217319973954,-0.043221767489020346,5.24665379,12.8543017855,35,local_max_drop
d-block,Mn-Ni-O,Mn,Ni,O,MnNi3O4_1221715_POSCAR,-0.0789392312044834,3.79965125,-0.12205826733087,-0.0431190361263866,3.039721,7.44731645,35,local_max_drop
d-block,Mn-Ni-O,Mn,Ni,O,Mn2NiO4_29399_POSCAR,-0.07458861823105394,6.7791867014,-0.13721826409844,-0.06262964586738608,6.2577108013,12.7761595526,35,local_max_drop
d-block,Mn-Ni-O,Mn,Ni,O,Mn2NiO4_1180531_POSCAR,-0.061366797260222,6.7390435787,-0.1254876957355,-0.06412089847527801,5.9614616273,12.700505206,35,local_max_drop
d-block,Mn-Ni-O,Mn,Ni,O,Mn2NiO3_1221937_POSCAR,-0.060882271047657664,5.0338847119,-0.091867688762356,-0.030985417714698336,3.8257523811,9.8664140353,35,local_max_drop
d-block,Mn-Ni-O,Mn,Ni,O,Mn2NiO3_1221867_POSCAR,-0.06060102703561346,3.9148694625,-0.091399833463328,-0.030798806427714542,2.9753007915,7.6731441465,35,local_max_drop
d-block,Mn-Ni-O,Mn,Ni,O,Mn2NiO4_1422345_POSCAR,-0.058840886340101414,6.7043214382,-0.12317642383161,-0.06433553749150858,5.9307458877,12.6350673259,35,local_max_drop
d-block,Mn-Ni-O,Mn,Ni,O,Mn2NiO4_622693_POSCAR,-0.058614580450695994,6.7043312249,-0.12297907622931,-0.064364495778614,5.9307545451,12.6350857701,35,local_max_drop
d-block,Mn-Re-O,Mn,Re,O,Mn3ReO6_1278885_POSCAR,-0.09581904302871061,6.6835881811,-0.18511288180384,-0.08929383877512939,5.0795270176,13.0998328349,35,local_max_drop
d-block,Mn-Re-O,Mn,Re,O,Mn3ReO6_1105243_POSCAR,-0.095633606204272,6.6985165485,-0.18517642887243,-0.089542822668158,5.0908725769,13.1290924351,35,local_max_drop
d-block,Mn-Rh-O,Mn,Rh,O,Mn_RhO2_2_554354_POSCAR,-0.06273818227148532,6.8602349461,-0.14797864117024,-0.08524045889875469,6.0686693754,12.9289043215,35,local_max_drop
d-block,Mn-Ta-O,Mn,Ta,O,Ta4Mn11O21_29747_POSCAR,-0.26131912495129755,6.81337815,-0.60077663273051,-0.3394575077792124,6.268307898,13.354221174,35,local_max_drop
d-block,Mn-Ta-O,Mn,Ta,O,Ta2Mn4O9_698762_POSCAR,-0.2426065373153643,5.8681235665,-0.63882814462686,-0.3962216073114957,5.3986736812,11.5015221904,35,local_max_drop
d-block,Mn-Ta-O,Mn,Ta,O,Ta9Mn11O34_675520_POSCAR,-0.11971461615617579,3.9834340892,-0.36391357035503,-0.24419895419885423,3.5238070789,7.5072411681,35,local_max_drop
d-block,Mn-Ta-O,Mn,Ta,O,Ta2Mn3O8_31909_POSCAR,-0.11474683817466044,11.3912778495,-0.35677983233145,-0.24203299415678955,10.4799756215,22.326904585,35,local_max_drop
d-block,Mn-Ta-O,Mn,Ta,O,Ta2Mn4O9_690508_POSCAR,-0.08802690211678696,7.1253594881,-0.22656618397401,-0.13853928185722303,6.555330729,13.9657045966,35,local_max_drop
d-block,Mn-Ta-O,Mn,Ta,O,Ta2Mn4O9_17993_POSCAR,-0.08694453042628422,6.6176195,-0.22932999231321,-0.14238546188692577,6.08820994,12.97053422,35,local_max_drop
d-block,Mn-Tc-O,Mn,Tc,O,Mn2TcO4_34263_POSCAR,-0.08192979826432076,6.7952084734,-0.17167903448387,-0.08974923621954925,4.8925501008,13.3186086078,35,local_max_drop
d-block,Mn-W-O,Mn,W,O,Mn3WO6_19158_POSCAR,-0.07065367305134676,7.7198505067,-0.16460227738164,-0.09394860433029323,7.1022624661,15.1309069931,35,local_max_drop
d-block,Mn-Y-O,Mn,Y,O,Y2Mn3O9_1350656_POSCAR,-0.28125577167284976,7.3455312,-0.44811854262831,-0.16686277095546023,5.7714888,12.8546796,35,local_max_drop
d-block,Mn-Y-O,Mn,Y,O,YMn2O5_510598_POSCAR,-0.16272973447136974,7.954998044,-0.28193576339438,-0.11920602892301026,7.102676825,13.921246577,35,local_max_drop
d-block,Mn-Y-O,Mn,Y,O,YMn3O6_1045064_POSCAR,-0.15675643917150367,8.4395114543,-0.29110938380198,-0.1343529446304763,6.2514899661,15.316150417,35,local_max_drop
d-block,Mn-Y-O,Mn,Y,O,YMnO3_19385_POSCAR,-0.15553251316796332,8.9000851955,-0.25828243550879,-0.10274992234082667,7.6724872375,15.0380749855,35,local_max_drop
d-block,Mn-Y-O,Mn,Y,O,YMnO3_20699_POSCAR,-0.13557398696709738,7.4707234,-0.21309328696624,-0.07751929999914263,6.67028875,13.07376595,35,local_max_drop
d-block,Mn-Y-O,Mn,Y,O,Y2Mn3O9_1343591_POSCAR,-0.12145322479525411,9.77013191,-0.21682384499343,-0.09537062019817588,8.7233320625,17.0977308425,35,local_max_drop
d-block,Mn-Y-O,Mn,Y,O,Y2Mn2O7_18831_POSCAR,-0.10545071242150338,8.7918313475,-0.18433711870022,-0.07888640627871661,7.5791649548,14.8551633113,35,local_max_drop
d-block,Mn-Y-O,Mn,Y,O,YMn2O4_1385844_POSCAR,-0.09231789082210023,7.1824519157,-0.15289334348061,-0.06057545265850977,6.1563873563,12.5692908525,35,local_max_drop
d-block,Mn-Y-O,Mn,Y,O,Y2Mn3O9_1336972_POSCAR,-0.086045063661809,8.481263504,-0.16480470371266,-0.07875964005085101,7.5725567,14.842211132,35,local_max_drop
d-block,Mn-Y-O,Mn,Y,O,YMn2O4_1385591_POSCAR,-0.06402263004701443,7.2042144219,-0.12810164274805,-0.06407901270103557,6.3729589117,13.5771733337,35,local_max_drop
d-block,Mn-Y-S,Mn,Y,S,Y6Mn11S20_1100893_POSCAR,-0.157988287709734,4.5739565215,-0.34536764004808,-0.18737935233834602,4.0657391302,8.3008840575,35,local_max_drop
d-block,Mn-Y-S,Mn,Y,S,Y6Mn11S20_1100884_POSCAR,-0.10599901589880839,4.2821193158,-0.30482111627784,-0.19882210037903159,3.7880286255,8.0701479412,35,local_max_drop
d-block,Mn-Zn-O,Mn,Zn,O,Mn2ZnO4_1332857_POSCAR,-0.1972240113583782,7.824073092,-0.4514558903982,-0.2542318790398218,7.2222213157,14.7453685196,35,local_max_drop
d-block,Mn-Zn-O,Mn,Zn,O,Mn2ZnO4_1041340_POSCAR,-0.15355822800340346,7.6871140912,-0.33836455302186,-0.18480632501845656,7.0957976226,14.4872534795,35,local_max_drop
d-block,Mn-Zn-O,Mn,Zn,O,Mn2ZnO4_1041069_POSCAR,-0.15246783582933232,8.0627250947,-0.33264397639324,-0.18017614056390768,7.442515472,15.1951357553,35,local_max_drop
d-block,Mn-Zn-O,Mn,Zn,O,Mn2ZnO4_1331108_POSCAR,-0.1513196649880938,8.206114273,-0.3361732441997,-0.18485357921160622,7.2943237982,14.8925777547,35,local_max_drop
d-block,Mn-Zn-O,Mn,Zn,O,Mn9Zn2O13_1045871_POSCAR,-0.14932444556756191,3.9647329137,-0.27181754005075,-0.12249309448318807,3.5072637314,7.4719966451,35,local_max_drop
d-block,Mn-Zn-O,Mn,Zn,O,Mn2ZnO4_1341462_POSCAR,-0.14319077268552657,3.9105963,-0.26862879811278,-0.12543802542725344,3.008151,7.36996995,35,local_max_drop
d-block,Mn-Zn-O,Mn,Zn,O,MnZn4O5_1221575_POSCAR,-0.13791781180545476,4.2420117567,-0.33004816455233,-0.19213035274687523,3.91570316,7.9945606183,35,local_max_drop
d-block,Mn-Zn-O,Mn,Zn,O,MnZn4O5_1176421_POSCAR,-0.13644334258925958,8.0382062833,-0.32965236073635,-0.19320901814709043,7.4198827231,15.1489272263,35,local_max_drop
d-block,Mn-Zn-O,Mn,Zn,O,Mn9Zn2O13_1045310_POSCAR,-0.13587746300835668,4.0902208678,-0.25521040172572,-0.11933293871736333,3.6182723061,7.708493174,35,local_max_drop
d-block,Mn-Zn-O,Mn,Zn,O,Mn4ZnO6_1042996_POSCAR,-0.13346116192468094,6.931390752,-0.2456909746867,-0.11222981276201908,6.131614896,13.063005648,35,local_max_drop
d-block,Mn-Zn-O,Mn,Zn,O,Mn2ZnO4_1041477_POSCAR,-0.13210558162616348,3.9213083,-0.25671407373948,-0.12460849211331654,3.016391,7.39015795,35,local_max_drop
d-block,Mn-Zn-O,Mn,Zn,O,Mn11ZnO16_861549_POSCAR,-0.12614178956121902,8.392204341,-0.24763111804902,-0.12148932848780099,7.459737192,15.230296767,35,local_max_drop
d-block,Mn-Zn-O,Mn,Zn,O,MnZn4O5_773099_POSCAR,-0.12294803513195765,8.1638073747,-0.31388257063512,-0.19093453550316233,7.535822192,15.3856369754,35,local_max_drop
d-block,Mn-Zn-O,Mn,Zn,O,Mn2ZnO4_1367059_POSCAR,-0.11228283600484046,6.9879375,-0.22130545079358,-0.10902261478873954,5.9526875,12.6818125,35,local_max_drop
d-block,Mn-Zn-O,Mn,Zn,O,Mn9Zn3O16_1221877_POSCAR,-0.11206281251872674,7.747229718,-0.2317361546813,-0.11967334216257325,6.886426416,14.059787266,35,local_max_drop
d-block,Mn-Zn-O,Mn,Zn,O,Mn2ZnO4_1378586_POSCAR,-0.108230607172907,8.2659663,-0.21861420764321,-0.11038360047030299,7.3475256,15.0011981,35,local_max_drop
d-block,Mn-Zn-O,Mn,Zn,O,Mn6Zn3O16_772816_POSCAR,-0.10517622958215125,11.6134158,-0.25532959428865,-0.15015336470649873,10.36912125,20.32347765,35,local_max_drop
d-block,Mn-Zn-O,Mn,Zn,O,Mn3ZnO7_1044337_POSCAR,-0.07880659854887564,7.7733026,-0.20821112910144,-0.12940453055256435,7.2180667,13.60327955,35,local_max_drop
d-block,Mn-Zn-O,Mn,Zn,O,MnZnO2_1442837_POSCAR,-0.07865392536222955,8.5570772169,-0.16111746405749,-0.08246353869526045,7.8988405079,16.1267993703,35,local_max_drop
d-block,Mn-Zn-O,Mn,Zn,O,Mn2ZnO4_1047660_POSCAR,-0.07638510183125176,6.714824857,-0.13913395562962,-0.06274885379836824,5.16524989,12.6548622305,35,local_max_drop
d-block,Mn-Zn-O,Mn,Zn,O,MnZnO2_1377379_POSCAR,-0.07306350649974781,4.0814654457,-0.14939863298343,-0.0763351264836822,3.7675065653,7.6919925708,35,local_max_drop
d-block,Mn-Zn-O,Mn,Zn,O,MnZnO2_1412672_POSCAR,-0.06897322192121892,7.6672985597,-0.14479273686922,-0.07581951494800108,7.0539146749,15.027905177,35,local_max_drop
d-block,Mn-Zn-O,Mn,Zn,O,Mn2Zn3O7_1378139_POSCAR,-0.0687611667978568,12.699557406,-0.18344071537919,-0.1146795485813332,11.288495472,23.047344922,35,local_max_drop
d-block,Mn-Zn-O,Mn,Zn,O,MnZnO2_1371409_POSCAR,-0.06764786910211427,3.754700313,-0.1437578797152,-0.07611001061308571,3.454324288,7.3592126135,35,local_max_drop
d-block,Mn-Zn-O,Mn,Zn,O,MnZnO2_1046085_POSCAR,-0.06356320004168955,3.8996558042,-0.13732865982332,-0.07376545978163043,3.5876833399,7.6433253763,35,local_max_drop
d-block,Mn-Zn-O,Mn,Zn,O,Mn2ZnO4_1388705_POSCAR,-0.05992877266182362,6.8432827892,-0.11927392527942,-0.05934515261759638,6.3168764208,12.8969560258,35,local_max_drop
d-block,Mn-Zr-O,Mn,Zr,O,Zr4MnO9_763464_POSCAR,-0.17604142755597185,9.0916127942,-0.40895068404808,-0.23290925649210814,8.7781089048,15.3616905834,35,local_max_drop
d-block,Mo-Hf-O,Mo,Hf,O,Hf9Mo4O3_1212453_POSCAR,-0.4300564492163088,12.5209216655,-0.65408759002173,-0.2240311408054212,9.9303861485,21.1560400555,35,local_max_drop
d-block,Mo-Hf-S,Mo,Hf,S,Hf9Mo4S_1194092_POSCAR,-0.43267626865993436,12.591117775,-0.64815391543512,-0.21547764677518566,9.986058925,21.274647275,35,local_max_drop
d-block,Mo-Hf-S,Mo,Hf,S,Hf8Mo5S_1224623_POSCAR,-0.4154520314460397,12.211084404,-0.6498060677186,-0.23435403627256027,9.684653148,20.632521924,35,local_max_drop
d-block,Nb-Ag-O,Nb,Ag,O,Nb14AgO36_1210596_POSCAR,-0.06140781244749749,5.6355685669,-0.17366959094643,-0.11226177849893251,5.4477162813,9.2047619925,35,local_max_drop
d-block,Nb-Ag-O,Nb,Ag,O,Nb13AgO33_1210284_POSCAR,-0.06000140368442419,5.7712823999,-0.16521497294258,-0.10521356925815581,5.5789063199,9.4264279199,35,local_max_drop
d-block,Nb-Cd-O,Nb,Cd,O,Nb6CdO16_773090_POSCAR,-0.12747415364988374,11.8650195,-0.384451979196,-0.25697782554611626,11.0740182,19.37953185,35,local_max_drop
d-block,Nb-Cd-S,Nb,Cd,S,Nb6CdS8_1220444_POSCAR,-0.07227009950351265,14.0816233945,-0.16051934066506,-0.08824924116154734,12.1393305125,23.7930878045,35,local_max_drop
d-block,Nb-Ir-S,Nb,Ir,S,Nb17Ir3S40_674499_POSCAR,-0.16825990683549358,21.3287217134,-0.427339696842,-0.25907979000650644,18.3868290632,36.038184964,35,local_max_drop
d-block,Nb-Ir-S,Nb,Ir,S,Nb15IrS32_675380_POSCAR,-0.1486717275720765,12.5152832273,-0.35586115477334,-0.20718942720126352,10.7890372649,21.1465130392,35,local_max_drop
d-block,Nb-Ir-S,Nb,Ir,S,Nb15IrS32_1173016_POSCAR,-0.14666769473728392,12.4782242647,-0.35120782993394,-0.2045401351966561,10.7570898833,21.0838961713,35,local_max_drop
d-block,Nb-Ir-S,Nb,Ir,S,Nb9IrS20_1173506_POSCAR,-0.08809576040133282,9.7751312408,-0.21315471319208,-0.12505895279074716,8.4268372765,16.516601062,35,local_max_drop
d-block,Nb-Pt-O,Nb,Pt,O,Nb5Pt3O_17525_POSCAR,-0.18238700298232688,12.09073821,-0.34840545306623,-0.16601845008390312,9.672590568,19.748205743,35,local_max_drop
d-block,Nb-Re-O,Nb,Re,O,Nb4ReO4_795582_POSCAR,-0.15289783507590649,7.3177342969,-0.26788851609206,-0.11499068101615349,6.3083916352,12.364447605,35,local_max_drop
d-block,Ni-Cu-O,Ni,Cu,O,Cu2Ni11O13_757285_POSCAR,-0.21053065871430338,3.725376225,-0.36673885515389,-0.1562081964395866,3.427346127,7.301737401,35,local_max_drop
d-block,Ni-Cu-O,Ni,Cu,O,CuNi9O10_757221_POSCAR,-0.17012468605612585,7.2661208938,-0.29010031000066,-0.11997562394453416,6.6848312223,14.2415969519,35,local_max_drop
d-block,Ni-Cu-O,Ni,Cu,O,CuNi4O5_772088_POSCAR,-0.1534497107698681,15.3307166935,-0.27363653401615,-0.12018682324628191,14.104259358,30.0482047193,35,local_max_drop
d-block,Ni-Cu-O,Ni,Cu,O,CuNi3O4_761415_POSCAR,-0.10785058203268735,6.4182671871,-0.20430926963283,-0.09645868760014265,5.9048058122,12.5798036868,35,local_max_drop
d-block,Ni-Cu-O,Ni,Cu,O,CuNi4O5_1225756_POSCAR,-0.07547704975714659,3.7056012675,-0.13607581384082,-0.06059876408367341,3.4091531661,7.2629784844,35,local_max_drop
d-block,Ni-Cu-O,Ni,Cu,O,CuNi3O4_1225790_POSCAR,-0.05828200734598707,3.6915515101,-0.10642259791396,-0.04814059056797293,3.3962273893,7.2354409597,35,local_max_drop
d-block,Ni-Hf-O,Ni,Hf,O,HfNiO3_1178219_POSCAR,-0.043046515890706,6.9398589,-0.15620853671407,-0.113162020823364,6.4060236,7.4736942,35,local_max_drop
d-block,Ni-Nb-O,Ni,Nb,O,Nb6Ni6O_541419_POSCAR,-0.6736869076334131,9.9013571389,-0.96996573178745,-0.29627882415403695,7.8528004895,16.7298793037,35,local_max_drop
d-block,Ni-Nb-O,Ni,Nb,O,Nb2Ni4O9_651075_POSCAR,-0.2785207672984398,18.1778083103,-1.0775017388834,-0.7989809715849603,17.4203996308,21.9648517083,35,local_max_drop
d-block,Ni-Nb-O,Ni,Nb,O,Nb2Ni4O9_646749_POSCAR,-0.14002392482738002,6.40316625,-0.53524764735495,-0.39522372252757,5.89091295,7.42767285,35,local_max_drop
d-block,Ni-Nb-S,Ni,Nb,S,Nb2NiS4_1210488_POSCAR,-0.1340037573400173,4.87141275,-0.31129666569396,-0.17729290835394268,4.19949375,8.23100775,35,local_max_drop
d-block,Ni-Nb-S,Ni,Nb,S,Nb2NiS4_1194246_POSCAR,-0.1111904436692713,4.8906905,-0.24588487265102,-0.1346944289817487,4.2161125,8.2635805,35,local_max_drop
d-block,Ni-Nb-S,Ni,Nb,S,Nb4NiS8_1192540_POSCAR,-0.10284990463586902,9.7335554905,-0.24157512181174,-0.138725217175871,8.3909961125,16.4463523805,35,local_max_drop
d-block,Ni-Nb-S,Ni,Nb,S,Nb3NiS6_1173526_POSCAR,-0.08326754500089335,8.4383122795,-0.19313552992692,-0.10986798492602666,7.2744071375,14.2578379895,35,local_max_drop
d-block,Ni-Rh-O,Ni,Rh,O,Ni_RhO2_2_636519_POSCAR,-0.06504464485973525,7.7582325739,-0.14713343414598,-0.08208878928624476,6.8630518923,14.6212844661,35,local_max_drop
d-block,Ni-Rh-O,Ni,Rh,O,Ni_RhO2_2_19307_POSCAR,-0.06165229524042955,6.8862304982,-0.14408050026049,-0.08242820502006044,6.0916654407,12.9778959389,35,local_max_drop
d-block,Ni-Ta-S,Ni,Ta,S,Ta9_NiS3_2_3824_POSCAR,-0.11891904264953466,14.71722218,-0.21815093757028,-0.09923189492074534,12.6872605,24.86703058,35,local_max_drop
d-block,Ni-Ta-S,Ni,Ta,S,Ta2Ni3S8_562537_POSCAR,-0.06451512236478073,4.8260486735,-0.16698261899272,-0.10246749662793926,4.326802259,8.1543581035,35,local_max_drop
d-block,Ni-Y-O,Ni,Y,O,Y2_NiO3_3_1349550_POSCAR,-0.23549997621855961,7.2430694,-0.4167795527198,-0.18127957650124038,6.46702625,12.67537145,35,local_max_drop
d-block,Ni-Y-O,Ni,Y,O,YNiO3_1346989_POSCAR,-0.1315441062777562,8.9623174265,-0.23332794110812,-0.1017838348303638,7.417090284,15.1432259965,35,local_max_drop
d-block,Ni-Y-O,Ni,Y,O,Y_NiO2_3_1045129_POSCAR,-0.12752203080143712,20.553769121,-0.29072146599144,-0.16319943519000288,18.1821803763,38.7359494973,35,local_max_drop
d-block,Ni-Y-O,Ni,Y,O,YNiO3_19242_POSCAR,-0.12433959706760415,7.487377325,-0.20219337714858,-0.07785378008097583,6.454635625,12.651085825,35,local_max_drop
d-block,Ni-Y-O,Ni,Y,O,Y2Ni2O7_1346622_POSCAR,-0.09401048636382915,8.7688624353,-0.16904519172821,-0.07503470536438085,7.5593641684,14.81635377,35,local_max_drop
d-block,Ni-Y-O,Ni,Y,O,Y_NiO2_2_1396217_POSCAR,-0.08354982744420326,7.0140129889,-0.14630451974048,-0.06275469229627674,6.2625115972,12.2745227305,35,local_max_drop
d-block,Ni-Zn-O,Ni,Zn,O,Zn2Ni11O13_1101164_POSCAR,-0.22141943999037436,3.7504236625,-0.37931950275264,-0.15790006276226562,3.4503897695,7.3508303785,35,local_max_drop
d-block,Ni-Zn-O,Ni,Zn,O,Zn_NiO2_2_1656374_POSCAR,-0.21682638213704025,6.6787180799,-0.48703228395638,-0.27020590181933973,6.1649705353,12.5868148429,35,local_max_drop
d-block,Ni-Zn-O,Ni,Zn,O,ZnNi9O10_753807_POSCAR,-0.17541877593699112,6.4365936741,-0.29670959616816,-0.1212908202311689,5.9216661802,12.6157236013,35,local_max_drop
d-block,Ni-Zn-O,Ni,Zn,O,ZnNi9O10_753454_POSCAR,-0.17533586477575966,6.2729539389,-0.2966671615182,-0.12133129674244034,5.7711176238,12.2949897202,35,local_max_drop
d-block,Ni-Zn-O,Ni,Zn,O,Zn_NiO2_2_1333466_POSCAR,-0.16872925745944978,6.6604078341,-0.36925616022667,-0.20052690276722024,6.1480687699,12.5523070719,35,local_max_drop
d-block,Ni-Zn-O,Ni,Zn,O,Zn_NiO2_2_1041154_POSCAR,-0.16716794855458583,7.660616704,-0.36225500427362,-0.19508705571903417,7.071338496,14.437316096,35,local_max_drop
d-block,Ni-Zn-O,Ni,Zn,O,ZnNi4O5_765902_POSCAR,-0.1662225385927476,8.2184725793,-0.28766048642328,-0.1214379478305324,7.560994773,16.1082062555,35,local_max_drop
d-block,Ni-Zn-O,Ni,Zn,O,Zn_NiO2_2_1040979_POSCAR,-0.16493277174259136,7.6256250305,-0.3617709491933,-0.19683817745070864,7.0390384897,14.3713702497,35,local_max_drop
d-block,Ni-Zn-O,Ni,Zn,O,Zn2Ni9O13_1045893_POSCAR,-0.16481469997739465,6.2983404847,-0.29841918532431,-0.13360448534691535,5.794473246,12.3447473501,35,local_max_drop
d-block,Ni-Zn-O,Ni,Zn,O,Zn3Ni7O10_754030_POSCAR,-0.15634024362404245,3.7623225,-0.27827653048482,-0.12193628686077754,3.4613367,7.3741521,35,local_max_drop
d-block,Ni-Zn-O,Ni,Zn,O,Zn_Ni2O3_2_1043670_POSCAR,-0.14575883085884184,6.3630844,-0.26747954740349,-0.12172071654464817,5.854037648,12.471645424,35,local_max_drop
d-block,Ni-Zn-O,Ni,Zn,O,Zn_NiO2_2_1376390_POSCAR,-0.13523085715688765,3.7514269,-0.28385660980888,-0.14862575265199235,3.31856995,7.06999685,35,local_max_drop
d-block,Ni-Zn-O,Ni,Zn,O,Zn_NiO2_2_1340027_POSCAR,-0.12468215136297121,6.4975027,-0.2430522184378,-0.11837006707482879,5.9976948,12.24529355,35,local_max_drop
d-block,Ni-Zn-O,Ni,Zn,O,ZnNiO2_1215685_POSCAR,-0.11029880830842982,3.7786107,-0.20847458688712,-0.09817577857869018,3.476321844,7.406076972,35,local_max_drop
d-block,Ni-Zn-O,Ni,Zn,O,ZnNi3O7_1044386_POSCAR,-0.10787797492950968,6.8614611,-0.23907920683497,-0.13120123190546032,6.3336564,12.93121515,35,local_max_drop
d-block,Ni-Zn-O,Ni,Zn,O,Zn_NiO2_4_1041362_POSCAR,-0.09106993191653075,7.7019587623,-0.17357622500731,-0.08250629309077924,6.2756701026,13.9776288649,35,local_max_drop
d-block,Ni-Zn-O,Ni,Zn,O,ZnNi4O5_1215716_POSCAR,-0.08304549237020471,5.7342750451,-0.14377181572287,-0.0607263233526653,5.2755330415,11.2391790883,35,local_max_drop
d-block,Ni-Zn-O,Ni,Zn,O,ZnNi4O5_1215738_POSCAR,-0.08282772306688767,4.8515415974,-0.14363191736309,-0.06080419429620233,4.4634182696,9.5090215308,35,local_max_drop
d-block,Ni-Zn-O,Ni,Zn,O,ZnNi4O5_1215686_POSCAR,-0.08282318832259519,5.1139462211,-0.14362449733085,-0.06080130900825481,4.7048305234,10.0233345933,35,local_max_drop
d-block,Ni-Zn-O,Ni,Zn,O,ZnNi4O5_1215636_POSCAR,-0.08196557664840488,3.7258571129,-0.14319630159183,-0.061230724943425116,3.4277885439,7.3026799414,35,local_max_drop
d-block,Ni-Zn-O,Ni,Zn,O,Zn2Ni3O5_759178_POSCAR,-0.07381031513778388,4.9970509605,-0.13482814259973,-0.061017827461946124,4.5972868837,9.7942198826,35,local_max_drop
d-block,Ni-Zn-O,Ni,Zn,O,ZnNiO3_1378884_POSCAR,-0.07306947934048616,6.5698698,-0.16951988097541,-0.09645040163492383,6.0644952,12.3816777,35,local_max_drop
d-block,Ni-Zn-O,Ni,Zn,O,Zn_NiO2_2_1047707_POSCAR,-0.07114681088201733,3.62844625,-0.14611771482658,-0.07497090394456268,3.4833084,7.11175465,35,local_max_drop
d-block,Ni-Zn-O,Ni,Zn,O,Zn2Ni2O5_1366467_POSCAR,-0.07010500828325578,4.59652875,-0.1620885138156,-0.09198350553234422,4.22880645,9.00919635,35,local_max_drop
d-block,Ni-Zn-O,Ni,Zn,O,ZnNiO2_1400332_POSCAR,-0.06880779417588663,3.8402165459,-0.1479870215102,-0.07917922733431336,3.3971146367,7.2373311826,35,local_max_drop
d-block,Ni-Zn-O,Ni,Zn,O,Zn2Ni3O8_1042880_POSCAR,-0.06808437079370744,7.479654624,-0.17600693682466,-0.10792256603095257,7.1919756,14.096272176,35,local_max_drop
d-block,Ni-Zn-O,Ni,Zn,O,ZnNiO2_1046933_POSCAR,-0.06632952472673588,7.6558108821,-0.14134267068247,-0.07501314595573412,6.772448088,14.4282589701,35,local_max_drop
d-block,Ni-Zn-O,Ni,Zn,O,ZnNiO2_1395801_POSCAR,-0.06463507698142554,3.7004308208,-0.13602948837697,-0.07139441139554445,3.2734580337,6.9738888545,35,local_max_drop
d-block,Ni-Zn-O,Ni,Zn,O,Zn_NiO2_2_768586_POSCAR,-0.06011162657918537,6.5143901481,-0.12562174202516,-0.06551011544597463,6.0132832137,12.2771198945,35,local_max_drop
d-block,Ni-Zn-O,Ni,Zn,O,Zn_NiO2_2_1400858_POSCAR,-0.06003085568518671,7.1904702237,-0.12122681762498,-0.06119596193979329,6.6373571295,13.5512708062,35,local_max_drop
d-block,Ni-Zn-O,Ni,Zn,O,Zn_NiO2_2_1047462_POSCAR,-0.05934200023679555,6.5461133853,-0.12437641437571,-0.06503441413891445,6.2943397936,12.3369059954,35,local_max_drop
d-block,Ni-Zn-O,Ni,Zn,O,Zn_NiO2_2_2215220_POSCAR,-0.058695955430535574,6.5878275822,-0.1215547930777,-0.06285883764716442,6.0810716143,12.4155212126,35,local_max_drop
d-block,Ni-Zn-O,Ni,Zn,O,Zn_NiO2_2_1048912_POSCAR,-0.05839880013983721,6.6301349029,-0.121584322047,-0.06318552190716278,6.1201245258,12.4952542402,35,local_max_drop
d-block,Ni-Zn-O,Ni,Zn,O,Zn_NiO2_2_1048547_POSCAR,-0.058067418733076234,7.3172069658,-0.12406724306947,-0.06599982433639377,7.0357759286,13.7901208201,35,local_max_drop
d-block,Ni-Zn-O,Ni,Zn,O,Zn_NiO2_2_1041962_POSCAR,-0.05804994053421485,6.6844901065,-0.12211663155206,-0.06406669101784515,6.1702985598,12.5976928929,35,local_max_drop
d-block,Ni-Zr-O,Ni,Zr,O,Zr4Ni2O_21602_POSCAR,-0.5248567787815661,10.5980867994,-0.72585591391466,-0.2009991351330939,9.0840743995,18.546651899,35,local_max_drop
d-block,Ni-Zr-O,Ni,Zr,O,Zr3NiO_18927_POSCAR,-0.1734493048372293,4.85300935,-0.23942358279185,-0.06597427795462067,4.18362875,8.19991235,35,local_max_drop
d-block,Ni-Zr-O,Ni,Zr,O,Zr6Ni2O_1215349_POSCAR,-0.169649144409438,8.222264862,-0.23380788323033,-0.06415873882089197,6.8046329892,13.892792353,35,local_max_drop
d-block,Ni-Zr-O,Ni,Zr,O,ZrNi4O_1206021_POSCAR,-0.07583762782892037,5.7012045264,-0.11743781921812,-0.041600191389199626,5.0903611843,9.9771079211,35,local_max_drop
d-block,Pd-Cd-O,Pd,Cd,O,CdPd3O4_13675_POSCAR,-0.061536006438717566,7.2061496875,-0.21794151129241,-0.15640550485369242,6.9179037,14.1240533875,35,local_max_drop
d-block,Pd-Ta-S,Pd,Ta,S,Ta20Pd9S50_1217846_POSCAR,-0.13347914363426816,14.7633281567,-0.50940864615345,-0.3759295025191819,12.7270070317,24.944933782,35,local_max_drop
d-block,Rh-Ag-S,Rh,Ag,S,Ag2_RhS_15_1201221_POSCAR,-0.21311693444600843,13.7230983,-0.68998770888141,-0.4768707744354016,13.2148354,24.9048821,35,local_max_drop
d-block,Rh-Pd-S,Rh,Pd,S,Pd2_RhS_15_1202732_POSCAR,-0.24620832502720214,13.593717783,-0.7081355142747,-0.46192718924749787,12.083304696,24.670080421,35,local_max_drop
d-block,Sc-Co-O,Sc,Co,O,ScCoO3_1643785_POSCAR,-0.09454695178935606,7.0147932629,-0.16895832563376,-0.07441137384440395,6.2632082704,12.27588821,35,local_max_drop
d-block,Sc-Co-O,Sc,Co,O,ScCoO3_754124_POSCAR,-0.08715307059229742,7.0161140422,-0.16460836974546,-0.07745529915316259,6.2643875377,12.2781995739,35,local_max_drop
d-block,Sc-Cr-O,Sc,Cr,O,ScCrO3_18961_POSCAR,-0.12347147907021773,7.1244376,-0.23683707342353,-0.11336559435331227,6.6155492,12.4677658,35,local_max_drop
d-block,Sc-Cu-O,Sc,Cu,O,Sc14Cu14O37_685833_POSCAR,-0.18933095510994022,8.2460915521,-0.42054645225926,-0.2312154971493198,7.9515882824,14.4306602162,35,local_max_drop
d-block,Sc-Cu-O,Sc,Cu,O,Sc13Cu13O33_686085_POSCAR,-0.1675647009857594,8.3438810679,-0.37877622128922,-0.2112115203034606,8.0458853154,14.6017918688,35,local_max_drop
d-block,Sc-Cu-O,Sc,Cu,O,Sc2Cu2O5_15336_POSCAR,-0.10495513393432884,4.5483158,-0.25067794343195,-0.14572280949762115,4.38587595,7.95955265,35,local_max_drop
d-block,Sc-Cu-O,Sc,Cu,O,Sc5Cu5O13_752959_POSCAR,-0.06588550620096961,7.7030975689,-0.14914761744617,-0.08326211124520039,7.4279869414,13.4804207455,35,local_max_drop
d-block,Sc-Fe-O,Sc,Fe,O,ScFeO3_771123_POSCAR,-0.10843037641319497,8.186051496,-0.21543318410784,-0.10700280769464501,7.30897455,14.325590118,35,local_max_drop
d-block,Sc-Fe-O,Sc,Fe,O,ScFeO3_756419_POSCAR,-0.09067275430933618,7.0323153705,-0.16755087409032,-0.07687811978098381,6.2788530093,12.3065518983,35,local_max_drop
d-block,Sc-Fe-O,Sc,Fe,O,ScFeO3_769734_POSCAR,-0.08315093883503287,7.1428168,-0.15844157069169,-0.07529063185665712,6.377515,12.4999294,35,local_max_drop
d-block,Sc-Fe-S,Sc,Fe,S,Sc22Fe7S40_685224_POSCAR,-0.20080017567285555,9.024790074,-0.43503707459969,-0.23423689892683444,8.3801622115,15.7933826294,35,local_max_drop
d-block,Sc-Hf-O,Sc,Hf,O,Hf3Sc4O12_685490_POSCAR,-0.4066038791663773,8.9457868819,-0.68822200196865,-0.2816181228022727,7.711885243,15.1152950763,35,local_max_drop
d-block,Sc-Hf-O,Sc,Hf,O,Hf3Sc4O12_531956_POSCAR,-0.24162935020193752,8.8945027428,-0.41049675421724,-0.1688674040153025,7.6676747783,15.0286425654,35,local_max_drop
d-block,Sc-Hf-O,Sc,Hf,O,Hf3Sc4O12_766090_POSCAR,-0.15186232406332237,8.7915735183,-0.26561564250018,-0.11375331843685763,7.5789426882,14.8547276689,35,local_max_drop
d-block,Sc-Mn-O,Sc,Mn,O,ScMnO3_18954_POSCAR,-0.14836795118497487,8.20048103,-0.25861560039198,-0.11024764920700512,7.614732385,14.3508418025,35,local_max_drop
d-block,Sc-Mn-O,Sc,Mn,O,ScMn2O5_773517_POSCAR,-0.1396628796722041,8.0087896,-0.25510310562321,-0.11544022595100588,7.150705,14.0153818,35,local_max_drop
d-block,Sc-Mn-O,Sc,Mn,O,ScMnO3_1105811_POSCAR,-0.10445670588566942,7.1445679966,-0.17772980583225,-0.07327309994658059,6.3790785684,12.5029939941,35,local_max_drop
d-block,Sc-Mn-O,Sc,Mn,O,Sc2Mn2O7_17619_POSCAR,-0.10160900135739331,8.2221578982,-0.17995430166908,-0.07834530031168668,7.9285094018,14.3887763218,35,local_max_drop
d-block,Sc-Mn-S,Sc,Mn,S,Sc10Mn17S32_685820_POSCAR,-0.16830335361139803,10.1948840167,-0.42968238202513,-0.26137902841373195,8.7384720143,17.8410470292,35,local_max_drop
d-block,Sc-Nb-O,Sc,Nb,O,Sc11Nb3O24_530728_POSCAR,-0.35310692112610675,8.8891186143,-0.60891923308357,-0.25581231195746323,8.2760759513,15.0195452449,35,local_max_drop
d-block,Sc-Nb-O,Sc,Nb,O,Sc11Nb3O24_676191_POSCAR,-0.16837702115811568,10.9044411909,-0.29631818744736,-0.12794116628924432,10.152410764,18.4247454605,35,local_max_drop
d-block,Sc-Nb-O,Sc,Nb,O,Sc3NbO7_676300_POSCAR,-0.10854826939338473,7.403555,-0.18641514241057,-0.07786687301718527,6.892965,12.509455,35,local_max_drop
d-block,Sc-Nb-O,Sc,Nb,O,Sc3NbO7_1173397_POSCAR,-0.0827903570855752,7.5515855,-0.15433322172669,-0.07154286464111481,7.0307865,12.7595755,35,local_max_drop
d-block,Sc-Re-O,Sc,Re,O,Sc6ReO12_13191_POSCAR,-0.0828528051499394,8.7849644326,-0.13768628620727,-0.05483348105733061,8.1791048166,14.8435605931,35,local_max_drop
d-block,Sc-Rh-O,Sc,Rh,O,ScRhO3_1196890_POSCAR,-0.1775776729703876,10.5443534,-0.41369693163834,-0.2361192586679524,9.41460125,18.45261845,35,local_max_drop
d-block,Sc-Rh-O,Sc,Rh,O,ScRhO3_1188449_POSCAR,-0.1046654221706847,7.1719592,-0.22146456236507,-0.11679914019438531,6.6596764,12.5509286,35,local_max_drop
d-block,Sc-Ta-O,Sc,Ta,O,Sc3TaO7_674341_POSCAR,-0.08782861195943198,11.2360693285,-0.15655440797967,-0.06872579602023801,10.4611679955,18.9850826585,35,local_max_drop
d-block,Sc-Ti-O,Sc,Ti,O,Sc2Ti2O7_780402_POSCAR,-0.40476211058223543,7.3924944,-0.67353648791943,-0.26877437733719456,6.6277536,12.4907664,35,local_max_drop
d-block,Sc-Ti-O,Sc,Ti,O,Sc4Ti3O12_675128_POSCAR,-0.19764650918030524,8.4655126517,-0.30817853191001,-0.11053202272970475,7.8816841929,14.303797239,35,local_max_drop
d-block,Sc-Ti-O,Sc,Ti,O,ScTiO3_754092_POSCAR,-0.13240683385176782,7.4755997,-0.19991099589611,-0.06750416204434218,6.9600411,12.6311857,35,local_max_drop
d-block,Sc-Ti-O,Sc,Ti,O,Sc4Ti3O12_1219404_POSCAR,-0.0994111884675182,8.4795925591,-0.15502105298236,-0.055609864514841796,7.8947930723,14.3275874275,35,local_max_drop
d-block,Sc-Ti-O,Sc,Ti,O,Sc2TiO5_753401_POSCAR,-0.0713185081856339,5.588903084,-0.11010634791436,-0.03878783972872609,5.203461492,9.443319004,35,local_max_drop
d-block,Sc-Ti-O,Sc,Ti,O,ScTiO3_1101375_POSCAR,-0.05852596969808692,6.7354884374,-0.089888646345503,-0.031362676647416085,6.2709719935,11.380652877,35,local_max_drop
d-block,Sc-V-O,Sc,V,O,Sc10V10O37_1173573_POSCAR,-0.21559311487962143,4.4102492295,-0.39648418671815,-0.18089107183852857,3.801938991,7.4518004223,35,local_max_drop
d-block,Sc-V-O,Sc,V,O,Sc7V9O24_863413_POSCAR,-0.2099626287025547,11.2952687778,-0.34021507021747,-0.1302524415149153,10.5162847242,19.0851093143,35,local_max_drop
d-block,Sc-V-O,Sc,V,O,Sc2VO5_1201569_POSCAR,-0.18139562104778234,10.2200943162,-0.2974969513086,-0.11610133026081765,9.5152602254,17.2684352238,35,local_max_drop
d-block,Sc-V-O,Sc,V,O,ScV2O2_1209615_POSCAR,-0.13899523346028678,10.4691324649,-0.20580993166611,-0.06681469820582323,9.0251141939,17.68922382,35,local_max_drop
d-block,Sc-V-O,Sc,V,O,ScVO2_1209108_POSCAR,-0.1258340034693289,7.8203678433,-0.19113040256954,-0.0652963991002111,6.7416964167,13.2137249766,35,local_max_drop
d-block,Sc-V-O,Sc,V,O,ScVO3_756546_POSCAR,-0.11588507421655299,7.8340194,-0.18343218380645,-0.067547109589897,7.2937422,13.2367914,35,local_max_drop
d-block,Sc-V-O,Sc,V,O,ScV2O2_1237488_POSCAR,-0.11577454138595515,9.8816809831,-0.19385961989148,-0.07808507850552486,8.5186905027,16.6966333853,35,local_max_drop
d-block,Sc-V-O,Sc,V,O,Sc7V9O24_1354180_POSCAR,-0.11016294711264812,13.8280083678,-0.18779919607036,-0.07763624895771187,11.4574926476,19.3592117149,35,local_max_drop
d-block,Sc-V-O,Sc,V,O,Sc2V2O7_756234_POSCAR,-0.09503378178357233,8.7106893199,-0.16441218932916,-0.06937840754558766,7.8095835282,14.7180612647,35,local_max_drop
d-block,Sc-Y-O,Sc,Y,O,YScO3_769007_POSCAR,-0.18393476903040867,8.95233741,-0.27822922444881,-0.09429445541840133,7.71753225,15.12636321,35,local_max_drop
d-block,Sc-Y-O,Sc,Y,O,YScO3_755165_POSCAR,-0.13775994953505416,7.9292496,-0.20446159653278,-0.06670164699772584,6.83556,13.3976976,35,local_max_drop
d-block,Sc-Y-O,Sc,Y,O,YScO3_768479_POSCAR,-0.057452809162582545,5.2063553115,-0.088719426961638,-0.03126661779905545,4.4882373375,8.7969451815,35,local_max_drop
d-block,Sc-Y-S,Sc,Y,S,YScS3_7792_POSCAR,-0.07017364886355909,8.941633204,-0.15381192902546,-0.08363828016190092,7.664257032,15.647858107,35,local_max_drop
d-block,Sc-Zr-O,Sc,Zr,O,Zr25Sc6O59_686417_POSCAR,-0.7656138917983808,18.6866441621,-1.3990826372178,-0.6334687454194192,17.3979100819,31.5739849635,35,local_max_drop
d-block,Sc-Zr-O,Sc,Zr,O,Zr3Sc4O12_532444_POSCAR,-0.4479314792103073,8.9952923584,-0.75153361146009,-0.3036021322497827,8.3749273682,15.1989422608,35,local_max_drop
d-block,Sc-Zr-O,Sc,Zr,O,Zr3Sc4O12_674363_POSCAR,-0.17580284053995318,8.8929489358,-0.29650616027186,-0.12070331973190682,8.2796421126,15.0260171674,35,local_max_drop
d-block,Sc-Zr-O,Sc,Zr,O,Zr3Sc4O12_675469_POSCAR,-0.17568031827024422,8.9144018045,-0.29642620438131,-0.12074588611106579,8.2996154731,15.0622651179,35,local_max_drop
d-block,Sc-Zr-O,Sc,Zr,O,Zr5Sc2O13_675672_POSCAR,-0.17274439445330148,11.2541445812,-0.31227382650761,-0.1395294320543085,10.477996679,19.0156236027,35,local_max_drop
d-block,Sc-Zr-O,Sc,Zr,O,Zr8Sc2O19_1100806_POSCAR,-0.12924985800694785,4.3956449863,-0.23514898574815,-0.10589912774120214,4.0924970562,7.4271242872,35,local_max_drop
d-block,Sc-Zr-O,Sc,Zr,O,Zr9ScO20_674976_POSCAR,-0.12241908220489447,8.9594680829,-0.22980242138902,-0.10738333918412551,8.3415737324,15.1384115884,35,local_max_drop
d-block,Ta-Au-S,Ta,Au,S,Ta5AuS_669370_POSCAR,-0.2339202903548504,11.1503494889,-0.50347340206696,-0.2695531117121096,9.612370249,18.8402456881,35,local_max_drop
d-block,Tc-Cd-O,Tc,Cd,O,CdTcO3_1189706_POSCAR,-0.05925155026554277,6.0035811,-0.23348590594388,-0.17423435567833723,5.73069105,13.37161245,35,local_max_drop
d-block,Ti-Co-O,Ti,Co,O,Ti3Co3O_504734_POSCAR,-0.5019698615955894,9.5466837051,-0.69050413040943,-0.18853426881384064,8.5238247367,16.7066964839,35,local_max_drop
d-block,Ti-Co-O,Ti,Co,O,Ti2CoO5_1101114_POSCAR,-0.1268086993793178,16.3575459742,-0.281127568187,-0.15431886880768222,15.7934926647,27.6386121633,35,local_max_drop
d-block,Ti-Co-O,Ti,Co,O,TiCo3O8_1094102_POSCAR,-0.1257940412532693,10.8964765784,-0.37286265783204,-0.2470686165787707,9.3935142917,18.4112880117,35,local_max_drop
d-block,Ti-Co-O,Ti,Co,O,Ti6Co3O16_758898_POSCAR,-0.11826181700160168,12.28957795,-0.26583274963843,-0.14757093263682833,11.8657994,20.76514895,35,local_max_drop
d-block,Ti-Co-O,Ti,Co,O,Ti2CoO5_753066_POSCAR,-0.08654057148883959,7.535498823,-0.1882982233947,-0.10175765190586042,7.275654036,12.732394563,35,local_max_drop
d-block,Ti-Co-O,Ti,Co,O,TiCo5O12_756754_POSCAR,-0.06999927737608538,7.1724533375,-0.15024789633633,-0.08024861896024463,6.1831494289,12.1189728806,35,local_max_drop
d-block,Ti-Co-O,Ti,Co,O,TiCo5O12_1306974_POSCAR,-0.06989735837754069,7.1845412379,-0.14463604094709,-0.07473868256954933,6.1935700327,12.139397264,35,local_max_drop
d-block,Ti-Co-S,Ti,Co,S,Ti3CoS6_1208259_POSCAR,-0.07162959866600727,8.064096152,-0.15859160648226,-0.08696200781625274,7.488089284,14.112168266,35,local_max_drop
d-block,Ti-Cr-O,Ti,Cr,O,Ti2CrO5_19369_POSCAR,-0.10193593690882993,7.54019285,-0.25027029963968,-0.14833436273085007,7.2801862,12.74032585,35,local_max_drop
d-block,Ti-Cr-O,Ti,Cr,O,TiCrO3_756083_POSCAR,-0.08005952696310872,7.5532088064,-0.25995065110352,-0.17989112414041128,7.0322978542,12.7623183281,35,local_max_drop
d-block,Ti-Cr-O,Ti,Cr,O,TiCr7O12_753458_POSCAR,-0.06821394494539557,7.1234774752,-0.17251880195967,-0.10430485701427444,6.3602477457,12.4660855816,35,local_max_drop
d-block,Ti-Cr-O,Ti,Cr,O,TiCrO4_1316892_POSCAR,-0.06535978385307552,5.106876204,-0.14542322932818,-0.08006344547510448,4.5785786657,8.628859793,35,local_max_drop
d-block,Ti-Cr-O,Ti,Cr,O,TiCrO3_755606_POSCAR,-0.06439205200154827,7.4211493,-0.20298020967536,-0.13858815767381175,6.9093459,12.5391833,35,local_max_drop
d-block,Ti-Cu-O,Ti,Cu,O,Ti4Cu2O_22432_POSCAR,-0.436577353302924,9.771951884,-0.63195676637559,-0.19537941307266593,9.0739553208,17.1009157969,35,local_max_drop
d-block,Ti-Cu-O,Ti,Cu,O,Ti4Cu2O_1217206_POSCAR,-0.4296003422442184,10.1833367004,-0.62053742030822,-0.19093707806400165,9.1298880763,17.2063275283,35,local_max_drop
d-block,Ti-Cu-O,Ti,Cu,O,Ti3Cu3O_21457_POSCAR,-0.39561224376048054,9.5803839947,-0.58984967686938,-0.19423743310889943,8.553914281,16.7656719908,35,local_max_drop
d-block,Ti-Cu-S,Ti,Cu,S,Ti3CuS6_686094_POSCAR,-0.3193036842542144,8.5564683453,-0.75003668650055,-0.4307330022463356,8.2508801901,14.9738196042,35,local_max_drop
d-block,Ti-Cu-S,Ti,Cu,S,Ti16CuS32_767157_POSCAR,-0.12442549296206232,9.6689181545,-0.28073549391895,-0.15631000095688766,9.323599649,16.9206067705,35,local_max_drop
d-block,Ti-Cu-S,Ti,Cu,S,Ti10Cu7S20_674343_POSCAR,-0.11673926098206597,9.2380463585,-0.27263344827507,-0.15589418729300406,8.5781859043,16.1665811274,35,local_max_drop
d-block,Ti-Cu-S,Ti,Cu,S,Ti8Cu3S16_676402_POSCAR,-0.08191793214051225,12.5853084127,-0.20027372022729,-0.11835578808677776,12.1358331122,22.0242897222,35,local_max_drop
d-block,Ti-Cu-S,Ti,Cu,S,Ti2CuS4_559918_POSCAR,-0.07465483544968396,9.3991949884,-0.18567778534064,-0.11102294989095604,9.0635094531,16.4485912297,35,local_max_drop
d-block,Ti-Fe-O,Ti,Fe,O,Ti4Fe2O_505361_POSCAR,-0.5027603407092435,10.0858266758,-0.69103194387309,-0.18827160316384653,9.0424652955,17.0415692108,35,local_max_drop
d-block,Ti-Fe-O,Ti,Fe,O,Ti4Fe2O_1217190_POSCAR,-0.4840406224632826,9.9537553331,-0.67726930804954,-0.19322868558625741,8.8872815474,17.4190718329,35,local_max_drop
d-block,Ti-Fe-O,Ti,Fe,O,Ti3Fe3O_27884_POSCAR,-0.46178879700946324,9.5317194607,-0.66112711774821,-0.19933832073874674,8.8256661674,17.298305688,35,local_max_drop
d-block,Ti-Fe-O,Ti,Fe,O,TiFe11O16_531066_POSCAR,-0.20774840141670203,6.7964874697,-0.58369282177432,-0.375944420357618,6.2736807413,12.8087648468,35,local_max_drop
d-block,Ti-Fe-O,Ti,Fe,O,TiFeO3_694948_POSCAR,-0.1880500167993598,6.679221453,-0.52001910037408,-0.33196908357472016,6.4489034718,11.2855810757,35,local_max_drop
d-block,Ti-Fe-O,Ti,Fe,O,Ti5Fe7O18_530384_POSCAR,-0.15959247596770335,12.2417935307,-0.3920035150927,-0.23241103912499664,10.1311394737,20.6844097588,35,local_max_drop
d-block,Ti-Fe-O,Ti,Fe,O,Ti2FeO5_1101128_POSCAR,-0.15877404075138077,5.461765455,-0.36082816102416,-0.20205412027277922,5.2734287152,9.2285002516,35,local_max_drop
d-block,Ti-Fe-O,Ti,Fe,O,TiFe5O8_530601_POSCAR,-0.15050453615498255,6.8211509863,-0.46367620104663,-0.31317166489164744,6.2964470643,12.8552460895,35,local_max_drop
d-block,Ti-Fe-O,Ti,Fe,O,Ti13_Fe5O14_3_757320_POSCAR,-0.14697078994903517,12.8826330712,-0.44193960746704,-0.2949688175180048,12.4384043446,21.767207603,35,local_max_drop
d-block,Ti-Fe-O,Ti,Fe,O,Ti2FeO5_1101126_POSCAR,-0.12784273837087895,16.554097231,-0.27557925454267,-0.14773651617179107,15.412435353,27.970716011,35,local_max_drop
d-block,Ti-Fe-O,Ti,Fe,O,Ti11Fe13O36_530780_POSCAR,-0.12518581213510555,7.5099735383,-0.38052128171758,-0.25533546958247444,6.9920443287,12.6892656336,35,local_max_drop
d-block,Ti-Fe-O,Ti,Fe,O,Ti11Fe13O36_530435_POSCAR,-0.1247973557079205,7.4761768592,-0.38013640985373,-0.2553390541458095,6.9605784551,12.6321609,35,local_max_drop
d-block,Ti-Fe-O,Ti,Fe,O,Ti6Fe8O21_769418_POSCAR,-0.12369408842970675,10.9706636008,-0.43159404343014,-0.30789995500043327,10.592364856,18.536638498,35,local_max_drop
d-block,Ti-Fe-O,Ti,Fe,O,TiFe11O16_759782_POSCAR,-0.12240745399389152,7.8957268,-0.38112444951008,-0.2587169955161885,6.9846814,14.8804082,35,local_max_drop
d-block,Ti-Fe-O,Ti,Fe,O,Ti3Fe9O16_531643_POSCAR,-0.12191290031889337,6.9647631921,-0.35389555372191,-0.23198265340301663,5.9697970218,12.1883355861,35,local_max_drop
d-block,Ti-Fe-O,Ti,Fe,O,Ti11Fe13O36_531901_POSCAR,-0.1203674860243209,8.0343036174,-0.37867449562551,-0.2583070096011891,7.7572586651,13.575202664,35,local_max_drop
d-block,Ti-Fe-O,Ti,Fe,O,Ti11Fe17O42_757435_POSCAR,-0.11849244341229742,10.916230455,-0.43250415110571,-0.3140117076934126,10.5398087152,18.4446652515,35,local_max_drop
d-block,Ti-Fe-O,Ti,Fe,O,Ti12Fe5O32_773026_POSCAR,-0.11089118880568606,12.2413092413,-0.23534880918151,-0.12445762037582393,11.8191951295,20.6835914767,35,local_max_drop
d-block,Ti-Fe-O,Ti,Fe,O,Ti8Fe35O64_685232_POSCAR,-0.10914936246989004,11.089667033,-0.60020603446189,-0.491056671992,10.2366157228,11.9427183432,35,local_max_drop
d-block,Ti-Fe-O,Ti,Fe,O,Ti5Fe7O18_532110_POSCAR,-0.10531335604992526,8.1012721873,-0.36988118579324,-0.2645678297433147,7.8219179739,13.6883564543,35,local_max_drop
d-block,Ti-Fe-O,Ti,Fe,O,Ti7Fe13O30_685365_POSCAR,-0.1033200270238202,7.470694072,-0.30074562154007,-0.1974255945162498,6.1826433699,12.6228968802,35,local_max_drop
d-block,Ti-Fe-O,Ti,Fe,O,Ti9Fe11O30_757488_POSCAR,-0.09831914220693241,10.4994975882,-0.31366094257557,-0.21534180036863756,10.1374459472,17.7405304076,35,local_max_drop
d-block,Ti-Fe-O,Ti,Fe,O,Ti_FeO2_2_531655_POSCAR,-0.09750194724433514,7.6673461343,-0.36150888583344,-0.26400693858910484,7.0539584435,15.0279984232,35,local_max_drop
d-block,Ti-Fe-O,Ti,Fe,O,Ti9Fe11O30_685183_POSCAR,-0.09342121399171219,7.4806287427,-0.3167509361262,-0.2233297221344878,7.2226760274,12.639683048,35,local_max_drop
d-block,Ti-Fe-O,Ti,Fe,O,Ti4_Fe2O5_3_685351_POSCAR,-0.08648921713269356,7.5598953815,-0.30738287546686,-0.22089365833416644,7.0385232862,12.7736163342,35,local_max_drop
d-block,Ti-Fe-O,Ti,Fe,O,Ti4_Fe2O5_3_759740_POSCAR,-0.08408705921767631,10.5145025346,-0.30473717512854,-0.22065011591086367,10.1519334817,17.765883593,35,local_max_drop
d-block,Ti-Fe-O,Ti,Fe,O,Ti3Fe9O16_530877_POSCAR,-0.08119275044662283,7.5913209869,-0.34555939588758,-0.26436664544095717,6.984015308,14.8789891344,35,local_max_drop
d-block,Ti-Fe-O,Ti,Fe,O,Ti7_Fe3O8_3_757103_POSCAR,-0.08014430646182891,8.0771306603,-0.2518432422417,-0.1716989357798711,7.7986089133,13.6475655984,35,local_max_drop
d-block,Ti-Fe-O,Ti,Fe,O,Ti7_Fe3O8_3_677097_POSCAR,-0.07851820821701377,7.4626141446,-0.24955357022761,-0.17103536201059621,7.2052826224,12.6092445892,35,local_max_drop
d-block,Ti-Fe-O,Ti,Fe,O,Ti_FeO2_2_780585_POSCAR,-0.0742028568485596,8.3732546706,-0.18629863838137,-0.11209578153281041,6.9295900722,14.147913064,35,local_max_drop
d-block,Ti-Fe-O,Ti,Fe,O,Ti7_Fe3O8_3_1101106_POSCAR,-0.07374931871219909,10.1054053915,-0.25040412731697,-0.1766548086047709,9.7569431366,17.0746504891,35,local_max_drop
d-block,Ti-Fe-O,Ti,Fe,O,Ti7Fe13O30_1101107_POSCAR,-0.06868862074837404,7.4610921064,-0.29740863138911,-0.22872001064073597,7.2038130682,12.6066728694,35,local_max_drop
d-block,Ti-Fe-O,Ti,Fe,O,Ti7Fe13O30_673704_POSCAR,-0.068423150617556,7.9638733801,-0.29579083967228,-0.227367689054724,7.6892570567,13.4561998492,35,local_max_drop
d-block,Ti-Fe-O,Ti,Fe,O,Ti3Fe5O12_685374_POSCAR,-0.06447563643482984,8.0224650574,-0.24372318001753,-0.17924754358270015,7.7458283313,13.5551995797,35,local_max_drop
d-block,Ti-Fe-O,Ti,Fe,O,Ti3Fe5O12_698576_POSCAR,-0.06171342643249697,8.0854241768,-0.24084746484921,-0.17913403841671302,7.8066164465,13.6615787815,35,local_max_drop
d-block,Ti-Fe-O,Ti,Fe,O,Ti_FeO2_3_674221_POSCAR,-0.054222607191638184,6.380372819,-0.29628494762892,-0.2420623404372818,6.1251579063,6.8908026445,35,local_max_drop
d-block,Ti-Fe-O,Ti,Fe,O,Ti3Fe9O16_760003_POSCAR,-0.05162784777075502,7.66092875,-0.3439112852766,-0.29228343750584496,7.04805445,8.27380305,35,local_max_drop
d-block,Ti-Fe-S,Ti,Fe,S,Ti3FeS6_16335_POSCAR,-0.05535306186223689,8.309857066,-0.13449788875927,-0.0791448268970331,8.0130764565,14.5422498655,35,local_max_drop
d-block,Ti-Hf-O,Ti,Hf,O,HfTiO4_753197_POSCAR,-0.06649430000518367,6.916693892,-0.13901961603191,-0.07252531602672632,5.9626671482,11.6868276105,35,local_max_drop
d-block,Ti-Mn-O,Ti,Mn,O,Ti3Mn3O_504732_POSCAR,-0.5482996504240987,9.8319117721,-0.74469269681523,-0.19639304639113137,8.7394771307,17.8430991419,35,local_max_drop
d-block,Ti-Mn-O,Ti,Mn,O,Ti4Mn2O_1217173_POSCAR,-0.5367393271513179,10.1929977382,-0.72810450387778,-0.1913651767264621,9.1008908377,17.8377460419,35,local_max_drop
d-block,Ti-Mn-O,Ti,Mn,O,TiMn2O4_530557_POSCAR,-0.24723233559672436,7.5346674022,-0.55448415101709,-0.30725181542036567,6.4582863447,13.1856679538,35,local_max_drop
d-block,Ti-Mn-O,Ti,Mn,O,TiMn4O10_777945_POSCAR,-0.16787549469906826,8.4175615485,-0.30678428532459,-0.13890879062552175,7.5467793193,14.2227764095,35,local_max_drop
d-block,Ti-Mn-O,Ti,Mn,O,TiMn9O20_771265_POSCAR,-0.16030858952938118,8.0962326928,-0.30722539105248,-0.1469168015230988,7.5179303576,14.1684072124,35,local_max_drop
d-block,Ti-Mn-O,Ti,Mn,O,Ti2MnO4_1286093_POSCAR,-0.15645051381766922,8.1930097918,-0.27319093827427,-0.11674042445660077,7.0225798216,14.3377671357,35,local_max_drop
d-block,Ti-Mn-O,Ti,Mn,O,TiMn3O8_774302_POSCAR,-0.1388493142080997,11.99948805,-0.24869434832442,-0.10984503411632031,10.7581617,20.27499705,35,local_max_drop
d-block,Ti-Mn-O,Ti,Mn,O,TiMn9O20_803475_POSCAR,-0.10214204239677299,9.0011608019,-0.21924264265887,-0.11710060026209701,8.1300807243,14.2276412675,35,local_max_drop
d-block,Ti-Mn-O,Ti,Mn,O,TiMn2O4_540763_POSCAR,-0.09235908408998106,7.6852577,-0.22787430021057,-0.13551521612058895,7.377847392,15.063105092,35,local_max_drop
d-block,Ti-Mn-O,Ti,Mn,O,Ti3MnO8_782664_POSCAR,-0.08178330727325869,8.6091444499,-0.14004461368628,-0.0582613064130213,7.7185433,14.5464854499,35,local_max_drop
d-block,Ti-Mn-O,Ti,Mn,O,TiMnO3_556925_POSCAR,-0.08100755276690491,7.5485521,-0.16521815168214,-0.08421059891523508,5.9867827,12.7544501,35,local_max_drop
d-block,Ti-Mn-O,Ti,Mn,O,Ti2MnO4_561097_POSCAR,-0.07872321840424464,7.4209940023,-0.13693421166015,-0.058210993255905355,6.360852002,12.986739504,35,local_max_drop
d-block,Ti-Mn-O,Ti,Mn,O,Ti5Mn3O16_776100_POSCAR,-0.07825191425411072,8.4956920971,-0.13802314286939,-0.05977122861527927,7.6168273974,14.354790095,35,local_max_drop
d-block,Ti-Mn-O,Ti,Mn,O,TiMn3O8_756589_POSCAR,-0.0695152862452537,8.429785656,-0.12456133519923,-0.0550460489539763,7.557738864,14.243430936,35,local_max_drop
d-block,Ti-Mn-O,Ti,Mn,O,Ti3Mn5O16_1101292_POSCAR,-0.06881799200304359,8.5030172242,-0.13013345348851,-0.061315461485466405,7.6233947528,14.3671670341,35,local_max_drop
d-block,Ti-Mn-O,Ti,Mn,O,TiMn3O8_755307_POSCAR,-0.06586695864866533,8.390552339,-0.1284896118228,-0.06262265317413467,7.522564166,14.177140159,35,local_max_drop
d-block,Ti-Nb-O,Ti,Nb,O,Ti15NbO32_1099073_POSCAR,-0.1565836141755127,11.0870509,-0.26604456571727,-0.10946095154175726,10.3224267,18.7332929,35,local_max_drop
d-block,Ti-Nb-O,Ti,Nb,O,Ti5Nb2O14_758324_POSCAR,-0.15177079967822693,6.860831832,-0.28105401386951,-0.12928321419128308,6.387671016,11.592439992,35,local_max_drop
d-block,Ti-Nb-O,Ti,Nb,O,TiNb2O7_759307_POSCAR,-0.1100210039981824,11.3525844875,-0.2435003213411,-0.1334793173429176,10.5957455217,18.542554663,35,local_max_drop
d-block,Ti-Nb-O,Ti,Nb,O,TiNb3O6_29699_POSCAR,-0.09982662198993195,9.2752675134,-0.17191303985713,-0.07208641786719805,8.315757081,15.6720037296,35,local_max_drop
d-block,Ti-Nb-O,Ti,Nb,O,Ti3NbO8_776082_POSCAR,-0.09006626114393107,8.662953167,-0.15662920180428,-0.06656294066034893,8.065508121,14.637403627,35,local_max_drop
d-block,Ti-Nb-O,Ti,Nb,O,Ti3NbO8_1101284_POSCAR,-0.08584016493729256,14.3507169018,-0.15935861707482,-0.07351845213752743,13.3610122879,24.247763041,35,local_max_drop
d-block,Ti-Nb-O,Ti,Nb,O,Ti3NbO8_758428_POSCAR,-0.08562829145781506,6.8511947989,-0.15858966934168,-0.07296137788386495,6.3786986058,11.5761567291,35,local_max_drop
d-block,Ti-Nb-O,Ti,Nb,O,Ti5NbO12_758848_POSCAR,-0.06575845716672102,7.6502099713,-0.11737260994676,-0.05161415278003899,7.1226092836,12.9262168481,35,local_max_drop
d-block,Ti-Nb-O,Ti,Nb,O,TiNbO4_756350_POSCAR,-0.06423260228878397,7.7604439905,-0.12458655767127,-0.06035395538248602,7.2252409567,13.1124743287,35,local_max_drop
d-block,Ti-Nb-O,Ti,Nb,O,TiNb2O7_1217062_POSCAR,-0.05735299395187535,13.6669989186,-0.12439917801638,-0.06704618406450465,12.7558656574,22.3227649004,35,local_max_drop
d-block,Ti-Nb-O,Ti,Nb,O,TiNb2O7_1216971_POSCAR,-0.056123383954440165,13.5850471501,-0.12426015824648,-0.06813677429203983,12.6793773401,22.1889103452,35,local_max_drop
d-block,Ti-Nb-S,Ti,Nb,S,Ti_NbS2_4_1192454_POSCAR,-0.10046231006440509,9.7156741774,-0.23801507566906,-0.1375527656046549,9.0456276824,16.4161391274,35,local_max_drop
d-block,Ti-Nb-S,Ti,Nb,S,Ti_NbS2_3_1188929_POSCAR,-0.08574780636191684,8.4285657709,-0.18622882265766,-0.10048101629574316,7.2660049749,14.2413697509,35,local_max_drop
d-block,Ti-Ni-O,Ti,Ni,O,Ti4Ni2O_540679_POSCAR,-0.5654934752935433,9.7444386021,-0.75916907926073,-0.19367560396718664,8.700391609,17.0527675536,35,local_max_drop
d-block,Ti-Ni-O,Ti,Ni,O,Ti3Ni3O_504735_POSCAR,-0.5502513196921284,9.4209163575,-0.74706338280252,-0.19681206311039173,8.411532462,16.4866036256,35,local_max_drop
d-block,Ti-Ni-O,Ti,Ni,O,Ti4Ni2O_1217223_POSCAR,-0.5376940147995002,10.0237081748,-0.72862983174227,-0.19093581694276984,8.6411277369,16.9366103643,35,local_max_drop
d-block,Ti-Ni-O,Ti,Ni,O,Ti4_Ni5O8_3_766093_POSCAR,-0.19083039200059448,7.3623445124,-0.41724316333068,-0.22641277133008553,6.7733569514,14.4301952443,35,local_max_drop
d-block,Ti-Ni-O,Ti,Ni,O,TiNiO3_531689_POSCAR,-0.15386502768497212,6.5348461907,-0.43690071659837,-0.28303568891339786,6.3095066669,11.041636667,35,local_max_drop
d-block,Ti-Ni-O,Ti,Ni,O,TiNiO3_698587_POSCAR,-0.12772697459170684,7.3407550801,-0.36119705531155,-0.23347008071984315,7.0876255945,12.4033447905,35,local_max_drop
d-block,Ti-Ni-O,Ti,Ni,O,TiNiO3_675030_POSCAR,-0.10423180905067003,7.9454577675,-0.29298823980774,-0.18875643075707,7.6714764652,13.425083814,35,local_max_drop
d-block,Ti-Ni-O,Ti,Ni,O,TiNiO3_690546_POSCAR,-0.08094791980748908,7.2684663272,-0.22399374749633,-0.14304582768884092,7.0178295573,12.2812017252,35,local_max_drop
d-block,Ti-Ni-S,Ti,Ni,S,Ti3NiS6_13994_POSCAR,-0.06249499241814066,8.254756006,-0.15679272675445,-0.09429773433630934,7.9599432915,14.4458230105,35,local_max_drop
d-block,Ti-Pd-O,Ti,Pd,O,Ti3PdO_760414_POSCAR,-0.21769191216504763,7.947205009,-0.32155569803429,-0.10386378586924237,7.095718758,13.9076087658,35,local_max_drop
d-block,Ti-V-O,Ti,V,O,Ti15VO24_765586_POSCAR,-0.24357665552332494,7.9087163252,-0.36988029267351,-0.12630363715018508,7.3632876132,13.3630034461,35,local_max_drop
d-block,Ti-V-O,Ti,V,O,TiV15O24_760220_POSCAR,-0.20022725209510756,7.7521218145,-0.33559612988821,-0.13536887779310247,7.1983988278,13.5662131754,35,local_max_drop
d-block,Ti-V-O,Ti,V,O,TiVO3_753428_POSCAR,-0.10374151691522453,7.4684140639,-0.16974772778405,-0.06600621086882548,6.6958195055,12.6190444528,35,local_max_drop
d-block,Ti-V-O,Ti,V,O,Ti3VO8_756455_POSCAR,-0.08872059734206783,8.6282377455,-0.14297782116672,-0.05425722382465218,8.0331868665,14.5787465355,35,local_max_drop
d-block,Ti-V-O,Ti,V,O,TiVO4_690490_POSCAR,-0.08603224784067892,4.35485315,-0.1483459528536,-0.062313705012921085,4.05451845,7.35820015,35,local_max_drop
d-block,Ti-V-O,Ti,V,O,TiVO4_761341_POSCAR,-0.08545329829266554,7.928195057,-0.1477618754715,-0.06230857717883446,7.3814229841,13.395915786,35,local_max_drop
d-block,Ti-V-O,Ti,V,O,Ti3V5O16_776195_POSCAR,-0.08248852725288788,8.5661730363,-0.13683476188045,-0.0543462346275621,7.9754024821,14.4738785786,35,local_max_drop
d-block,Ti-V-O,Ti,V,O,Ti3V2O9_1179324_POSCAR,-0.08131684268493722,13.8180426429,-0.15293116033952,-0.07161431765458279,12.3885899557,23.3477272242,35,local_max_drop
d-block,Ti-V-O,Ti,V,O,Ti3V5O16_2215221_POSCAR,-0.07968847043600663,8.547571782,-0.13382559618484,-0.054137125748833365,7.9580840729,14.442448873,35,local_max_drop
d-block,Ti-V-O,Ti,V,O,TiVO4_1191211_POSCAR,-0.07765264182923334,6.8303714495,-0.13582466095201,-0.05817201912277667,6.3593113495,11.5409724491,35,local_max_drop
d-block,Ti-V-O,Ti,V,O,Ti3V2O9_698211_POSCAR,-0.07689396270530965,15.2670792852,-0.13948013903616,-0.06258617633085034,14.2141772655,25.7960994819,35,local_max_drop
d-block,Ti-V-O,Ti,V,O,TiVO4_1274758_POSCAR,-0.07371452135255997,7.5554777226,-0.12590772399193,-0.05219320263937004,7.0344102934,12.766152014,35,local_max_drop
d-block,Ti-V-O,Ti,V,O,TiVO4_1276433_POSCAR,-0.07348803179022378,7.7839580786,-0.12570035823364,-0.052212326443416224,7.2471333835,13.1522050294,35,local_max_drop
d-block,Ti-V-O,Ti,V,O,Ti4VO8_768727_POSCAR,-0.07337889763372121,7.4159454203,-0.10944093269243,-0.0360620350587088,6.6487786527,12.5303905377,35,local_max_drop
d-block,Ti-V-O,Ti,V,O,TiVO4_1275288_POSCAR,-0.07247010489433364,5.6106202995,-0.12438735068319,-0.05191724578885636,5.2236809685,9.4800136095,35,local_max_drop
d-block,Ti-V-O,Ti,V,O,TiVO4_1272170_POSCAR,-0.07242996537824992,5.6140288856,-0.12428395476827,-0.051853989390020096,5.2268544797,9.4857729446,35,local_max_drop
d-block,Ti-V-O,Ti,V,O,TiVO4_1280499_POSCAR,-0.07077190597196961,5.4011373289,-0.12420304170288,-0.053431135730910385,5.2148912141,9.1260596247,35,local_max_drop
d-block,Ti-V-O,Ti,V,O,TiVO4_1279004_POSCAR,-0.0640299384654208,7.7987052834,-0.11648858845032,-0.0524586499848992,7.2608635397,13.1771227202,35,local_max_drop
d-block,Ti-V-O,Ti,V,O,TiV3O8_1314855_POSCAR,-0.060697564743646494,5.5914172076,-0.10897081037789,-0.048273245634243504,5.2186560605,9.1326481058,35,local_max_drop
d-block,Ti-V-O,Ti,V,O,TiV3O8_1301440_POSCAR,-0.06062925179769414,5.4332039769,-0.10900974549312,-0.04838049369542585,5.0709903784,8.8742331623,35,local_max_drop
d-block,Ti-V-O,Ti,V,O,TiV3O8_1317675_POSCAR,-0.06038822387561517,5.5642013693,-0.10904014577752,-0.04865192190190483,5.1932546113,9.0881955698,35,local_max_drop
d-block,Ti-V-O,Ti,V,O,TiVO3_1216763_POSCAR,-0.05429224702621287,6.3334166101,-0.088170129133215,-0.03387788210700213,5.6782355814,10.7012901343,35,local_max_drop
d-block,Ti-V-S,Ti,V,S,Ti3VS4_1217134_POSCAR,-0.059544718812360495,4.551155,-0.10274162761127,-0.0431969087989095,4.38861375,7.96452125,35,local_max_drop
d-block,Ti-V-S,Ti,V,S,TiVS2_1216761_POSCAR,-0.052838133058014616,4.8112624,-0.090134683444239,-0.037296550386224384,4.4794512,8.1293744,35,local_max_drop
d-block,Ti-W-O,Ti,W,O,Ti7_WO5_6_851115_POSCAR,-0.06083932785100264,7.5921778585,-0.15136909560329,-0.09052976775228737,7.330378622,12.8281625885,35,local_max_drop
d-block,Ti-Y-O,Ti,Y,O,Y16Ti16O35_685259_POSCAR,-0.5275801206245934,10.1077793366,-0.78062988481307,-0.25304976418847663,8.7136028764,17.0786616376,35,local_max_drop
d-block,Ti-Y-O,Ti,Y,O,Y2Ti2O7_685370_POSCAR,-0.4501057890261558,10.3884041213,-0.75354918061213,-0.3034433915859743,8.9555207942,17.5528207566,35,local_max_drop
d-block,Ti-Y-O,Ti,Y,O,Y2Ti3O9_1365383_POSCAR,-0.28544374153444146,7.69359705,-0.45683176011043,-0.1713880185759885,6.63241125,12.99952605,35,local_max_drop
d-block,Ti-Y-O,Ti,Y,O,YTi3O6_1045032_POSCAR,-0.21778893192761106,8.7588964123,-0.34998592082395,-0.13219698889633896,7.5507727692,14.7995146276,35,local_max_drop
d-block,Ti-Y-O,Ti,Y,O,YTiO3_1342458_POSCAR,-0.18970551780440736,8.834892543,-0.29056955566345,-0.10086403785904265,7.616286675,14.927921883,35,local_max_drop
d-block,Ti-Y-O,Ti,Y,O,Y2Ti2O7_686019_POSCAR,-0.16975790068192462,10.6784686868,-0.30977224086995,-0.14001434018802536,9.2055764542,18.0429298502,35,local_max_drop
d-block,Ti-Y-O,Ti,Y,O,Y2Ti2O7_1173093_POSCAR,-0.1641609381183225,11.153679,-0.29824877963348,-0.1340878415151575,9.2947325,18.2176757,35,local_max_drop
d-block,Ti-Y-O,Ti,Y,O,Y2TiO5_17559_POSCAR,-0.15108361625948333,5.527729695,-0.24650241988728,-0.09541880362779667,4.6064414125,9.0286251685,35,local_max_drop
d-block,Ti-Y-O,Ti,Y,O,YTiO3_4355_POSCAR,-0.14751524258048065,7.7541737,-0.22239141424253,-0.07487617166204934,6.6846325,13.1018797,35,local_max_drop
d-block,Ti-Y-O,Ti,Y,O,Y2Ti2O7_5373_POSCAR,-0.120094055485549,8.9698274191,-0.19734779666843,-0.077253741182881,7.732609844,15.1559152943,35,local_max_drop
d-block,Ti-Y-O,Ti,Y,O,YTi2O4_1409276_POSCAR,-0.11644018620322133,7.2823092137,-0.17330436033825,-0.056864174135028665,6.5020617979,12.7440411239,35,local_max_drop
d-block,Ti-Y-O,Ti,Y,O,YTi2O4_1045424_POSCAR,-0.11098363992558802,7.9911457851,-0.15566637661539,-0.04468273668980199,7.1644755315,13.5022808093,35,local_max_drop
d-block,Ti-Y-O,Ti,Y,O,YTi2O4_1045347_POSCAR,-0.09809033681505228,8.0884963372,-0.14653590896805,-0.048445572152997725,7.2517553368,13.6667696731,35,local_max_drop
d-block,Ti-Y-O,Ti,Y,O,YTi2O4_1400462_POSCAR,-0.092020353758054,7.9253336102,-0.14472526583381,-0.05270491207575602,6.8321841467,13.3910809275,35,local_max_drop
d-block,Ti-Y-O,Ti,Y,O,YTiO3_1443298_POSCAR,-0.06061188175417059,5.1068422175,-0.094752296236224,-0.034140414482053405,4.4024501875,8.6288023675,35,local_max_drop
d-block,Ti-Y-S,Ti,Y,S,Y_TiS2_2_1045465_POSCAR,-0.06015613402046109,8.9824294522,-0.11995088550134,-0.05979475148087891,8.0200262966,15.7192515413,35,local_max_drop
d-block,Ti-Zn-O,Ti,Zn,O,Ti5ZnO7_1045822_POSCAR,-0.1987429886151509,7.197606276,-0.32665733985408,-0.1279143512389291,6.683491542,12.595810983,35,local_max_drop
d-block,Ti-Zn-O,Ti,Zn,O,Ti2ZnO4_1351134_POSCAR,-0.19505902968330413,8.7613402818,-0.43806758415626,-0.24300855447295588,7.8549947354,14.8036439244,35,local_max_drop
d-block,Ti-Zn-O,Ti,Zn,O,Ti9Zn2O13_1045652_POSCAR,-0.17837953610617363,7.1249207349,-0.29671184959246,-0.11833231348628638,6.6159978253,12.4686112861,35,local_max_drop
d-block,Ti-Zn-O,Ti,Zn,O,Ti2ZnO4_1044647_POSCAR,-0.15751764676451005,8.423814588,-0.33309825309353,-0.17558060632901992,8.122964067,14.741675529,35,local_max_drop
d-block,Ti-Zn-O,Ti,Zn,O,Ti2ZnO4_1044943_POSCAR,-0.15093298948133158,8.67850984,-0.32821053982303,-0.17727755034169843,8.07999192,14.66368904,35,local_max_drop
d-block,Ti-Zn-O,Ti,Zn,O,Ti4ZnO6_1046715_POSCAR,-0.15033182331985567,7.220847284,-0.2599474531154,-0.10961562979554434,6.962959881,12.636482747,35,local_max_drop
d-block,Ti-Zn-O,Ti,Zn,O,Ti2ZnO4_1379379_POSCAR,-0.14452036309516744,8.8842762508,-0.32728141251891,-0.18276104942374258,7.9652131904,15.0113633203,35,local_max_drop
d-block,Ti-Zn-O,Ti,Zn,O,TiZn2O4_532524_POSCAR,-0.135753829702904,15.0944107785,-0.34737444901387,-0.21162061931096598,12.4919261615,25.5043492465,35,local_max_drop
d-block,Ti-Zn-O,Ti,Zn,O,Ti3Zn2O8_29104_POSCAR,-0.12716713874877564,12.1619821695,-0.295061918983,-0.16789478023422436,11.742603474,20.5495560795,35,local_max_drop
d-block,Ti-Zn-O,Ti,Zn,O,Ti2ZnO4_1041628_POSCAR,-0.12428101000372915,4.0921454,-0.26230875214441,-0.13802774214068086,3.94599735,7.16125445,35,local_max_drop
d-block,Ti-Zn-O,Ti,Zn,O,Ti2ZnO4_1366888_POSCAR,-0.11896033378860944,7.30202745,-0.22962856480573,-0.11066823101712055,6.79843935,12.33790845,35,local_max_drop
d-block,Ti-Zn-O,Ti,Zn,O,Ti2ZnO4_1370060_POSCAR,-0.11627524990638763,4.1318648,-0.24688393166931,-0.13060868176292237,3.9842982,7.2307634,35,local_max_drop
d-block,Ti-Zn-O,Ti,Zn,O,Ti3ZnO7_1043918_POSCAR,-0.0952822207131424,8.311161,-0.192841853336,-0.09755963262285762,7.7570836,13.5748963,35,local_max_drop
d-block,Ti-Zn-O,Ti,Zn,O,TiZnO2_1385424_POSCAR,-0.08556463074737483,8.5633442249,-0.1565378787113,-0.07097324796392518,7.3400093356,14.9858523936,35,local_max_drop
d-block,Ti-Zn-O,Ti,Zn,O,TiZnO2_1045961_POSCAR,-0.08426438516176528,4.0271193103,-0.1573714122335,-0.07310702707173473,3.4518165517,7.0474587931,35,local_max_drop
d-block,Ti-Zn-O,Ti,Zn,O,Ti2ZnO4_1045412_POSCAR,-0.07203455342684942,7.6546656641,-0.122173747942,-0.050139194515150594,6.334895722,12.9337454324,35,local_max_drop
d-block,Ti-Zn-O,Ti,Zn,O,Ti3Zn2O8_1042495_POSCAR,-0.06789995122634411,8.6519764205,-0.15812329432891,-0.0902233431025659,8.0552883915,14.6188567105,35,local_max_drop
d-block,Ti-Zn-O,Ti,Zn,O,Ti2ZnO4_1047249_POSCAR,-0.0664297633234065,7.3250089914,-0.12019619752162,-0.053766434198213496,6.5401865995,12.8187657349,35,local_max_drop
d-block,Ti-Zn-O,Ti,Zn,O,Ti4ZnO9_1040892_POSCAR,-0.06520402855121762,12.7725795,-0.12693011119911,-0.06172608264789237,11.9210742,20.86187985,35,local_max_drop
d-block,Ti-Zn-O,Ti,Zn,O,Ti2ZnO4_1047325_POSCAR,-0.061867087088015374,7.032896892,-0.13102420275706,-0.06915711566904463,6.781722003,12.307569561,35,local_max_drop
d-block,Ti-Zn-S,Ti,Zn,S,Ti9ZnS16_531696_POSCAR,-0.16613611345717427,19.4878866,-0.35996987180282,-0.1938337583456457,18.79189065,34.10380155,35,local_max_drop
d-block,Ti-Zr-O,Ti,Zr,O,Zr5Ti7O24_761840_POSCAR,-0.2675109238076715,21.09376335,-0.48754532754388,-0.22003440373620853,19.63902105,35.64118635,35,local_max_drop
d-block,Ti-Zr-O,Ti,Zr,O,ZrTi2O_752953_POSCAR,-0.14608621400727537,6.66276317,-0.1964932353952,-0.050407021387924626,5.9488956875,11.6598355475,35,local_max_drop
d-block,Ti-Zr-O,Ti,Zr,O,Zr5Ti7O24_860957_POSCAR,-0.12712722838496573,8.19411095,-0.23212408117777,-0.10499685279280427,7.62899985,13.84522195,35,local_max_drop
d-block,Ti-Zr-O,Ti,Zr,O,ZrTi2O_27296_POSCAR,-0.125948551330687,6.744858599,-0.17673108666274,-0.050782535332053,5.814533275,11.396485219,35,local_max_drop
d-block,Ti-Zr-O,Ti,Zr,O,ZrTi2O6_757504_POSCAR,-0.1246779091848102,6.8781411704,-0.22705309777821,-0.10237518859339981,6.4037866069,11.6216868052,35,local_max_drop
d-block,Ti-Zr-O,Ti,Zr,O,ZrTiO4_753891_POSCAR,-0.08195208131967323,7.0336738422,-0.15308356320538,-0.07113148188570677,6.5485928876,11.8844833886,35,local_max_drop
d-block,Ti-Zr-O,Ti,Zr,O,ZrTi2O_1215204_POSCAR,-0.07249936943013227,6.728607074,-0.096983062831276,-0.024483693401143723,6.0076848875,11.7750623795,35,local_max_drop
d-block,V-Ag-O,V,Ag,O,V18Ag7O48_863411_POSCAR,-0.08596752416855849,12.837278593,-0.23586352786911,-0.1498960037005515,12.0090670708,20.2911822921,35,local_max_drop
d-block,V-Ag-O,V,Ag,O,V16Ag7O40_1100952_POSCAR,-0.0802054567052291,5.5066467088,-0.24500626409016,-0.1648008073849309,5.1395369282,8.9941896244,35,local_max_drop
d-block,V-Ag-O,V,Ag,O,V6AgO15_757033_POSCAR,-0.06351929488909311,11.3430177994,-0.14274081141953,-0.07922151653043688,10.6112101995,17.9292861991,35,local_max_drop
d-block,V-Cd-O,V,Cd,O,V3CdO7_541360_POSCAR,-0.07141447705584124,8.0657025,-0.17282875970147,-0.10141428264562875,7.527989,13.17398075,35,local_max_drop
d-block,V-Cd-O,V,Cd,O,V3CdO7_1179420_POSCAR,-0.06917454138696114,8.077866,-0.1622731968485,-0.09309865546153887,7.5393416,13.1938478,35,local_max_drop
d-block,V-Co-O,V,Co,O,V_CoO2_2_530941_POSCAR,-0.14169336807963911,6.5454380572,-0.5830196214154,-0.44132625333576087,6.0218030127,7.0690731018,35,local_max_drop
d-block,V-Co-O,V,Co,O,V3CoO8_861494_POSCAR,-0.08172293202137416,12.5184369013,-0.18956260496077,-0.10783967293939582,11.6838744412,20.4467802721,35,local_max_drop
d-block,V-Co-O,V,Co,O,V2CoO7_1336251_POSCAR,-0.06053453995913763,23.26011065,-0.19637571842094,-0.13584117846180238,21.75945835,36.76598135,35,local_max_drop
d-block,V-Co-O,V,Co,O,V2CoO4_2740702_POSCAR,-0.05946518128044985,7.1633740922,-0.11495926728169,-0.055494086001240145,6.1400349361,12.5359046613,35,local_max_drop
d-block,V-Co-O,V,Co,O,V2CoO4_2758056_POSCAR,-0.05925977493199572,7.2619799218,-0.11479593698515,-0.05553616205315429,6.2245542187,12.7084648631,35,local_max_drop
d-block,V-Cr-O,V,Cr,O,VCrO3_770779_POSCAR,-0.10119101728561625,6.7413730597,-0.20519573391464,-0.10400471662902375,6.2598464126,11.7974028545,35,local_max_drop
d-block,V-Cr-O,V,Cr,O,VCrO3_1101715_POSCAR,-0.09889226144132518,6.7333181049,-0.20237858994969,-0.10348632850836481,6.2523668117,11.7833066836,35,local_max_drop
d-block,V-Cr-O,V,Cr,O,VCrO3_757023_POSCAR,-0.09534162453049833,7.0688572289,-0.20048187760932,-0.10514025307882166,6.5639388554,12.3705001506,35,local_max_drop
d-block,V-Cr-O,V,Cr,O,VCrO3_770778_POSCAR,-0.09526486089809938,6.7815481205,-0.20066937248442,-0.10540451158632061,6.2971518262,11.8677092109,35,local_max_drop
d-block,V-Cr-O,V,Cr,O,VCrO3_755281_POSCAR,-0.0943958260797321,6.7066267504,-0.1968773605499,-0.10248153447016789,6.2275819826,11.7365968133,35,local_max_drop
d-block,V-Cr-O,V,Cr,O,VCrO3_770843_POSCAR,-0.0926224327438278,7.0397874761,-0.1942862755971,-0.1016638428532722,6.5369455136,12.3196280833,35,local_max_drop
d-block,V-Cr-O,V,Cr,O,VCrO3_754036_POSCAR,-0.09158728364940269,6.7169928423,-0.19246660276584,-0.1008793191164373,6.2372076393,11.754737474,35,local_max_drop
d-block,V-Cr-O,V,Cr,O,VCrO3_770849_POSCAR,-0.09151038072421935,6.7683038671,-0.19320917883649,-0.10169879811227064,6.2848535908,11.8445317674,35,local_max_drop
d-block,V-Cr-O,V,Cr,O,VCrO3_753988_POSCAR,-0.0900754106780168,7.0430863941,-0.19160237944595,-0.10152696876793318,6.5400087945,12.3254011896,35,local_max_drop
d-block,V-Cr-O,V,Cr,O,VCrO3_770855_POSCAR,-0.08894946121143249,7.2939049249,-0.1925091562371,-0.1035596950256675,6.772911716,12.7643336186,35,local_max_drop
d-block,V-Cr-O,V,Cr,O,VCrO3_1376270_POSCAR,-0.07817434905599235,7.6593927976,-0.15865148472176,-0.08047713566576764,6.8934535178,12.5103415694,35,local_max_drop
d-block,V-Cr-O,V,Cr,O,VCrO3_1374293_POSCAR,-0.0767453582650421,7.6799321805,-0.15752719497556,-0.0807818367105179,6.9119389624,12.5438892281,35,local_max_drop
d-block,V-Cr-O,V,Cr,O,VCr2O4_1314508_POSCAR,-0.07531219394445846,7.1401527226,-0.15215562860894,-0.07684343466448154,6.6112525209,12.958054941,35,local_max_drop
d-block,V-Cr-O,V,Cr,O,V16CrO41_849774_POSCAR,-0.07084732136116341,18.05722255,-0.15347817028551,-0.08263084892434659,16.89224045,28.54206145,35,local_max_drop
d-block,V-Cr-O,V,Cr,O,VCr2O4_754077_POSCAR,-0.0706249672941974,7.0808151982,-0.14914020574765,-0.0785152384534526,6.5563103687,12.8503683226,35,local_max_drop
d-block,V-Cr-O,V,Cr,O,VCrO3_1375284_POSCAR,-0.06796328262363391,7.6771442026,-0.14961361238791,-0.08165032976427608,6.9094297823,12.5393355309,35,local_max_drop
d-block,V-Cr-O,V,Cr,O,VCrO3_1370790_POSCAR,-0.0670973590712137,7.6458605533,-0.14719536204325,-0.08009800297203631,6.8812744979,12.4882389037,35,local_max_drop
d-block,V-Cr-O,V,Cr,O,VCrO3_1373421_POSCAR,-0.06696686288643176,7.690488932,-0.14958132240287,-0.08261445951643824,6.9214400388,12.5611319222,35,local_max_drop
d-block,V-Cr-O,V,Cr,O,VCrO3_1337287_POSCAR,-0.06624126584248032,7.6639046118,-0.14916284807392,-0.08292158223143968,6.8975141507,12.517710866,35,local_max_drop
d-block,V-Cr-O,V,Cr,O,VCr2O4_1306534_POSCAR,-0.05785990403688018,7.1635404059,-0.14177235015494,-0.08391244611805981,6.6329077833,13.0004992552,35,local_max_drop
d-block,V-Cr-O,V,Cr,O,VCrO3_1216392_POSCAR,-0.05463645875639657,6.0984341158,-0.10947904944271,-0.05484259068631343,5.662831679,10.6722597027,35,local_max_drop
d-block,V-Cr-S,V,Cr,S,V_Cr7S10_2_1216997_POSCAR,-0.09709818737031908,8.8334128544,-0.30405224829065,-0.2069540609203309,8.1790859763,16.0310085135,35,local_max_drop
d-block,V-Cr-S,V,Cr,S,V4_CrS2_5_1217039_POSCAR,-0.09185661433229686,7.6783665592,-0.21272225907771,-0.12086564474541314,7.129911805,13.4371414786,35,local_max_drop
d-block,V-Cu-O,V,Cu,O,V30Cu34O95_1217808_POSCAR,-0.22126874010505548,17.3061854607,-0.71576977338862,-0.49450103328356454,16.1524397633,28.2667695858,35,local_max_drop
d-block,V-Cu-O,V,Cu,O,V18Cu20O57_863399_POSCAR,-0.13076533267603185,11.767110815,-0.42341934641759,-0.29265401374155814,10.9826367607,19.2196143312,35,local_max_drop
d-block,V-Cu-O,V,Cu,O,V12Cu2O29_772965_POSCAR,-0.12062166955740522,11.0055076969,-0.28332807665614,-0.1627064070987348,10.2718071838,17.9756625716,35,local_max_drop
d-block,V-Cu-O,V,Cu,O,V8CuO20_773059_POSCAR,-0.11957559763762585,14.6791966952,-0.26391581786903,-0.14434022023140416,13.7321517471,23.2026012279,35,local_max_drop
d-block,V-Cu-O,V,Cu,O,V3CuO8_775644_POSCAR,-0.08546761784823571,12.410643,-0.18566950119703,-0.10020188334879428,11.5832668,20.2707169,35,local_max_drop
d-block,V-Cu-O,V,Cu,O,V16_CuO8_5_758314_POSCAR,-0.08262617674673091,17.7759921,-0.19636363403547,-0.11373745728873909,16.6291539,28.0975359,35,local_max_drop
d-block,V-Cu-O,V,Cu,O,V4Cu3O10_1958773_POSCAR,-0.06956798955765199,15.8854271461,-0.16463782028692,-0.09506983072926802,14.7898804463,26.8408941434,35,local_max_drop
d-block,V-Cu-O,V,Cu,O,V6CuO15_758210_POSCAR,-0.05878025456226044,11.4285126322,-0.13649024675419,-0.07770999219192956,10.6911892366,18.0644231928,35,local_max_drop
d-block,V-Cu-O,V,Cu,O,V6CuO15_1216902_POSCAR,-0.05780561128611243,11.4266263475,-0.13573822782593,-0.07793261653981758,10.6894246476,18.061441646,35,local_max_drop
s-block,Be-Ca-O,Be,Ca,O,Ca12Be17O29_27407_POSCAR,-0.2312645271420709,13.3716051109,-0.34891655068416,-0.11765202354208909,11.2148946091,21.1357629172,35,local_max_drop
s-block,Be-Sr-O,Be,Sr,O,SrBe3O4_27791_POSCAR,-0.05646631877822474,7.117133543,-0.092905335755273,-0.03643901697704826,5.969208778,11.249662697,35,local_max_drop
s-block,Ca-Ba-O,Ca,Ba,O,BaCaO2_756930_POSCAR,-0.13600007971661748,5.8343922,-0.17585796638856,-0.039857886671942504,4.705155,9.2221038,35,local_max_drop
s-block,Ca-Ba-O,Ca,Ba,O,Ba3CaO4_1078915_POSCAR,-0.0711327080737588,8.218158,-0.090960156721948,-0.019827448648189208,6.848465,13.4229914,35,local_max_drop
s-block,Ca-Ba-O,Ca,Ba,O,BaCa3O4_1019541_POSCAR,-0.06366236866567448,7.662369,-0.086099592256505,-0.022437223590830516,6.6407198,12.5152027,35,local_max_drop
s-block,Ca-Sr-O,Ca,Sr,O,Sr3CaO4_1079940_POSCAR,-0.06563188036416054,7.6929675,-0.089780562297972,-0.024148681933811457,6.41080625,12.56518025,35,local_max_drop
s-block,Ca-Sr-O,Ca,Sr,O,SrCa3O4_978844_POSCAR,-0.06124195920016431,7.66614965,-0.085439090955807,-0.02419713175564269,6.67696905,12.11746235,35,local_max_drop
s-block,Cs-Ba-O,Cs,Ba,O,Cs2BaO2_755217_POSCAR,-0.1280173843596677,12.33950025,-0.17745581031019,-0.04943842595052232,9.8716002,17.27530035,35,local_max_drop
s-block,Cs-Ba-O,Cs,Ba,O,Cs2Ba2O3_754272_POSCAR,-0.09756413101371639,12.9861996,-0.13240360744688,-0.034839476433163624,11.0185936,19.2825388,35,local_max_drop
s-block,Cs-Ba-O,Cs,Ba,O,Cs2Ba2O3_752539_POSCAR,-0.07577613463356045,12.11396025,-0.10804187658479,-0.03226574195122955,9.34505505,16.95954435,35,local_max_drop
s-block,Cs-Be-O,Cs,Be,O,Cs2BeO2_755292_POSCAR,-0.08678916963443675,15.0559578415,-0.12652565616017,-0.03973648652573325,13.4282867235,19.9389711955,35,local_max_drop
s-block,Cs-Ca-O,Cs,Ca,O,Cs2CaO2_753803_POSCAR,-0.09166487068382075,11.7715248,-0.14361021289939,-0.05194534221556925,9.4826172,16.0223532,35,local_max_drop
s-block,Cs-Mg-O,Cs,Mg,O,Cs2MgO2_1178409_POSCAR,-0.16775273478993952,12.2111766,-0.26056654100507,-0.09281380621513048,10.8543792,16.62076815,35,local_max_drop
s-block,Cs-Sr-O,Cs,Sr,O,Cs2Sr2O3_753801_POSCAR,-0.08084420737194728,12.7763262,-0.11935916914139,-0.03851496176944271,10.5216804,18.4129407,35,local_max_drop
s-block,K-Be-O,K,Be,O,K4Be3O5_28158_POSCAR,-0.10666065781026347,10.1532093031,-0.16856466768244,-0.06190400987217652,8.9928425256,14.2144930243,35,local_max_drop
s-block,K-Be-O,K,Be,O,K2BeO2_27915_POSCAR,-0.10032545734281023,10.0332665125,-0.15101924775515,-0.05069379041233977,9.17327224,14.0465731175,35,local_max_drop
s-block,K-Be-O,K,Be,O,K2Be2O3_754587_POSCAR,-0.06029229740078529,13.1004768,-0.090892939859918,-0.03060064245913272,11.4629172,20.0601051,35,local_max_drop
s-block,K-Mg-O,K,Mg,O,K6MgO4_12171_POSCAR,-0.14662207431746324,15.631081494,-0.20426957051264,-0.05764749619517675,13.941234846,20.700621438,35,local_max_drop
s-block,K-Mg-O,K,Mg,O,K2Mg2O3_769025_POSCAR,-0.138601958086602,10.903283914,-0.22783784640223,-0.08923588831562801,8.979174988,15.713556229,35,local_max_drop
s-block,K-Mg-O,K,Mg,O,K2MgO2_755802_POSCAR,-0.10140484765867425,9.791461764,-0.15993644361937,-0.058531595960695765,8.703521568,13.327267401,35,local_max_drop
s-block,K-Rb-O,K,Rb,O,KRbO_756889_POSCAR,-0.0765062439209751,15.1072716695,-0.10449305325066,-0.0279868093296849,12.4412825514,21.7722444649,35,local_max_drop
s-block,K-Rb-S,K,Rb,S,KRbS_28760_POSCAR,-0.0990123655642354,8.2562585985,-0.13457882954997,-0.0355664639857346,7.2554999805,12.2592930705,35,local_max_drop
s-block,K-Sr-O,K,Sr,O,K2Sr2O3_756334_POSCAR,-0.10674797258910643,11.4558416,-0.14692248811594,-0.04017451552683357,10.0238614,17.54175745,35,local_max_drop
s-block,Li-Ba-O,Li,Ba,O,BaLi4O3_778878_POSCAR,-0.294433136649283,9.240105455,-0.3897634318003,-0.095330295151017,7.8812664175,13.3166225675,35,local_max_drop
s-block,Li-Ba-O,Li,Ba,O,BaLi4O3_1178558_POSCAR,-0.2843296271860232,9.268275237,-0.37955364050238,-0.09522401331635676,7.9052935845,13.3572201945,35,local_max_drop
s-block,Li-Cs-O,Li,Cs,O,CsLiO_1178395_POSCAR,-0.0755136432818384,13.219193414,-0.099513986315914,-0.0240003430340756,10.9530459716,18.5068707796,35,local_max_drop
s-block,Li-Cs-O,Li,Cs,O,CsLiO_1178393_POSCAR,-0.07339573758885,6.75261655,-0.10116468059241,-0.02776894300356,5.65759765,8.94265435,35,local_max_drop
s-block,Li-K-O,Li,K,O,KLiO_559612_POSCAR,-0.10404916131413673,9.610891128,-0.13589974786218,-0.03185058654804328,8.276045138,13.081490702,35,local_max_drop
s-block,Li-K-O,Li,K,O,KLi2O3_1103121_POSCAR,-0.0789905275271748,10.4987337675,-0.10470413986515,-0.0257136123379752,9.2261599775,15.5890289275,35,local_max_drop
s-block,Li-K-S,Li,K,S,KLiS_722181_POSCAR,-0.056204837803188405,6.4816781985,-0.076406998955495,-0.0202021611523066,5.854419018,10.2452332815,35,local_max_drop
s-block,Li-K-S,Li,K,S,KLiS_8430_POSCAR,-0.055931282967757824,6.898758064,-0.077299709933449,-0.021368426965691183,6.036413306,10.5637232855,35,local_max_drop
s-block,Li-Na-O,Li,Na,O,NaLiO_755959_POSCAR,-0.10617429120717738,10.8120717651,-0.13810172742819,-0.031927436221012614,9.4605627945,16.5559848903,35,local_max_drop
s-block,Li-Na-O,Li,Na,O,NaLiO_755144_POSCAR,-0.05909976548263289,5.699603158,-0.077746204143314,-0.018646438660681105,5.02906161,8.214133963,35,local_max_drop
s-block,Li-Na-S,Li,Na,S,NaLiS_8452_POSCAR,-0.058781582652586914,6.013891455,-0.0846470418399,-0.025865459187313086,5.212039261,9.8226893765,35,local_max_drop
s-block,Li-Rb-O,Li,Rb,O,RbLiO_28545_POSCAR,-0.09183117574087676,6.304516938,-0.12218593352166,-0.030354757780783233,5.604015056,8.5811480545,35,local_max_drop
s-block,Li-Rb-O,Li,Rb,O,RbLi2O3_1095542_POSCAR,-0.0696044569504817,9.2012432,-0.092864845704354,-0.023260388753872284,8.0510878,14.08940365,35,local_max_drop
s-block,Mg-Ba-O,Mg,Ba,O,Ba2MgO3_779511_POSCAR,-0.17253731800143593,10.1023839066,-0.2332997679935,-0.06076244999206406,8.4729671475,15.9682842394,35,local_max_drop
s-block,Mg-Ba-O,Mg,Ba,O,BaMgO2_756018_POSCAR,-0.07267526657878476,8.963161515,-0.10274986078431,-0.030074594205525246,7.768073313,14.6398304745,35,local_max_drop
s-block,Na-Ba-O,Na,Ba,O,BaNa6O4_779453_POSCAR,-0.37815855903863527,15.0505089049,-0.52787362566264,-0.1497150666240047,13.1691952918,23.0460917606,35,local_max_drop
s-block,Na-Ba-O,Na,Ba,O,Ba2Na2O3_752395_POSCAR,-0.26017732056053366,11.1305221,-0.3512902002598,-0.09111287969926636,9.6943257,17.5934059,35,local_max_drop
s-block,Na-Ba-O,Na,Ba,O,BaNa6O4_755322_POSCAR,-0.18606680621663024,12.848592448,-0.26557115248862,-0.07950434627198977,11.242518392,19.674407186,35,local_max_drop
s-block,Na-Ba-O,Na,Ba,O,BaNa2O2_756521_POSCAR,-0.1767392562187892,10.80806785,-0.24436113913373,-0.06762188291494081,9.41347845,17.08372015,35,local_max_drop
s-block,Na-Ba-O,Na,Ba,O,BaNa4O3_756084_POSCAR,-0.1438781355420102,10.6316971859,-0.20153483401935,-0.057656698477339785,9.259865291,16.8049407132,35,local_max_drop
s-block,Na-Ba-O,Na,Ba,O,BaNa4O3_756090_POSCAR,-0.1374669495691469,14.6237480081,-0.19071136891552,-0.0532444193463731,12.7368127813,23.114956529,35,local_max_drop
s-block,Na-Ba-O,Na,Ba,O,Ba2Na2O3_752689_POSCAR,-0.1210162706748418,9.3599044,-0.16596083114281,-0.04494456046796818,8.1521748,14.7946876,35,local_max_drop
s-block,Na-Ba-O,Na,Ba,O,BaNa2O2_755391_POSCAR,-0.08078837318482282,10.992165808,-0.1128965374924,-0.03210816430757718,9.2746399005,16.8317538935,35,local_max_drop
s-block,Na-Ba-O,Na,Ba,O,Ba2NaO_1019519_POSCAR,-0.06362979245398137,11.406530241,-0.088528244170813,-0.02489845171683163,9.716673909,20.700740067,35,local_max_drop
s-block,Na-Be-O,Na,Be,O,Na2BeO2_28588_POSCAR,-0.2672822139103636,8.438605152,-0.4137344673958,-0.1464522534854364,7.120073097,12.921614139,35,local_max_drop
s-block,Na-Be-O,Na,Be,O,Na6BeO4_755546_POSCAR,-0.15924718978166588,12.434874213,-0.24518905512255,-0.0859418653408841,10.971947835,17.9208481305,35,local_max_drop
s-block,Na-Be-O,Na,Be,O,Na6Be8O11_28559_POSCAR,-0.12467838690558153,8.0522480991,-0.20746029873642,-0.08278191183083847,7.0132483444,12.7277469954,35,local_max_drop
s-block,Na-Be-O,Na,Be,O,Na2Be2O3_754663_POSCAR,-0.07771866308691808,8.4998528,-0.13325407355239,-0.055535410465471925,6.9061304,13.0153996,35,local_max_drop
s-block,Na-Be-O,Na,Be,O,NaBeO2_753443_POSCAR,-0.06470953277744455,11.899259923,-0.11592804695159,-0.05121851417414544,9.6681486874,18.2207417571,35,local_max_drop
s-block,Na-Be-O,Na,Be,O,Na2Be2O3_755789_POSCAR,-0.05710762004565508,10.903197,-0.093349126037952,-0.03624150599229691,9.8128773,17.8085551,35,local_max_drop
s-block,Na-K-S,Na,K,S,KNaS_28383_POSCAR,-0.10107132290129914,7.416370912,-0.14630294377628,-0.04523162087498086,6.489324548,11.356317959,35,local_max_drop
s-block,Na-Mg-O,Na,Mg,O,Na6MgO4_753816_POSCAR,-0.1737583390490534,12.4191259665,-0.26852160452034,-0.0947632654712866,10.9137773645,18.4405203745,35,local_max_drop
s-block,Na-Mg-O,Na,Mg,O,Na6MgO4_755084_POSCAR,-0.14085600492512956,12.506278905,-0.22421497698379,-0.08335897205866043,11.034951975,18.0237548925,35,local_max_drop
s-block,Na-Mg-O,Na,Mg,O,Na4MgO3_754369_POSCAR,-0.11557091295362108,9.24127321,-0.18079704871819,-0.06522613576456891,8.0488508603,14.6071737836,35,local_max_drop
s-block,Rb-Be-O,Rb,Be,O,Rb2Be2O3_755752_POSCAR,-0.09513288371283532,9.3672343625,-0.16494605249468,-0.06981316878184468,8.2966932925,13.1141281075,35,local_max_drop
s-block,Rb-Be-O,Rb,Be,O,Rb2Be2O3_1345479_POSCAR,-0.074320818346162,14.0185822,-0.13423482886429,-0.059914010518127996,12.8819404,18.5651494,35,local_max_drop
s-block,Rb-Be-O,Rb,Be,O,Rb2Be2O3_771976_POSCAR,-0.074320818346162,14.0185822,-0.13423482886429,-0.059914010518127996,12.8819404,18.5651494,35,local_max_drop
s-block,Rb-Cs-O,Rb,Cs,O,Cs11Rb7O3_572722_POSCAR,-0.29473986972265315,15.4960287,-0.46649056736128,-0.17175069763862683,10.48260765,22.33251195,35,local_max_drop
s-block,Rb-Cs-O,Rb,Cs,O,CsRbO_754171_POSCAR,-0.08134419234878382,9.0721512,-0.10633092361193,-0.024986731263146187,8.3161386,12.3482058,35,local_max_drop
s-block,Rb-Mg-O,Rb,Mg,O,Rb2MgO2_778256_POSCAR,-0.196385547747716,11.0318916,-0.30970005558905,-0.113314507841334,9.734022,15.8989026,35,local_max_drop
s-block,Rb-Mg-O,Rb,Mg,O,Rb2MgO2_756372_POSCAR,-0.08899489646571716,10.1456658,-0.14400283998191,-0.05500794351619283,9.0183696,13.80937845,35,local_max_drop
s-block,Rb-Mg-O,Rb,Mg,O,Rb2MgO2_1541753_POSCAR,-0.08636397535201257,19.706438466,-0.14382464208546,-0.05746066673344743,18.0642352605,26.8226523565,35,local_max_drop
s-block,Sr-Ba-O,Sr,Ba,O,Ba3Sr4O7_760515_POSCAR,-0.1271229568344997,8.2055374977,-0.16379167546324,-0.03666871862874031,6.6173689498,12.9700431415,35,local_max_drop
s-block,Sr-Ba-O,Sr,Ba,O,Ba3SrO4_1079882_POSCAR,-0.0765420254768794,8.298702,-0.095970612456357,-0.019428586979477608,6.6389616,13.5545466,35,local_max_drop
s-block,Sr-Ba-O,Sr,Ba,O,BaSr3O4_984729_POSCAR,-0.07052326473006629,7.9915425,-0.093185634254558,-0.02266236952449171,6.65961875,13.05285275,35,local_max_drop
