chemsys,source,material_id,formula,crystal_system,space_group_symbol,space_group_number,energy_above_hull,formation_energy,predicted_stable,band_gap,is_metal,density,n_sites,cell_volume,volume_per_atom,sphere_volume_sum,packing_fraction,packing_percent
Co-Cd-O,Cd_CoO2_2_1178482_POSCAR,mp-1178482,Cd(CoO2)2,,,,,,,,,,28,334.98116229522617,11.96361293911522,136.33205214035803,0.4069842351917259,40.698423519172586
Co-Cd-O,Cd_CoO2_2_754042_POSCAR,mp-754042,Cd(CoO2)2,,,,,,,,,,28,297.11152870553354,10.611126025197626,136.33205214035803,0.4588581693020615,45.885816930206154
Co-Cd-O,Cd_CoO2_2_769705_POSCAR,mp-769705,Cd(CoO2)2,,,,,,,,,,28,329.6121859305176,11.771863783232773,136.33205214035803,0.4136135069020078,41.36135069020078
Co-Cu-O,Co11CuO16_757448_POSCAR,mp-757448,Co11CuO16,,,,,,,,,,28,289.4791813038753,10.338542189424118,121.0729596307541,0.41824409992254347,41.824409992254346
Co-Cu-O,Co21Cu3O32_757299_POSCAR,mp-757299,Co21Cu3O32,,,,,,,,,,56,540.2485316230677,9.64729520755478,243.40084729654006,0.45053495391332454,45.053495391332454
Co-Cu-O,Co25Cu11O48_758061_POSCAR,mp-758061,Co25Cu11O48,,,,,,,,,,84,802.1966211999647,9.549959776190056,373.25830317252036,0.4652952821144801,46.52952821144801
Co-Cu-O,Co5CuO8_1275601_POSCAR,mp-1275601,Co5CuO8,,,,,,,,,,28,288.4023893107314,10.300085332526121,122.32788766578648,0.4241569841295163,42.41569841295163
Co-Cu-O,Co5CuO8_761404_POSCAR,mp-761404,Co5CuO8,,,,,,,,,,28,265.13006716146737,9.468930970052407,122.32788766578648,0.46138821211585684,46.138821211585686
Co-Cu-O,Co9Cu3O16_2767725_POSCAR,mp-2767725,Co9Cu3O16,,,,,,,,,,28,258.71429114229846,9.239796112224946,123.58281570081886,0.47768066910863316,47.76806691086332
Co-Cu-O,Co9Cu3O16_753563_POSCAR,mp-753563,Co9Cu3O16,,,,,,,,,,28,285.59136153766576,10.199691483488063,123.58281570081886,0.43272602867058324,43.272602867058325
Co-Cu-O,Co9Cu3O16_767737_POSCAR,mp-767737,Co9Cu3O16,,,,,,,,,,28,276.92044640559885,9.890015943057103,123.58281570081886,0.4462755181313337,44.62755181313337
Co-Hf-O,HfCoO3_753534_POSCAR,mp-753534,HfCoO3,,,,,,,,,,20,229.8166236876694,11.49083118438347,137.7649367384505,0.5994559250234175,59.945592502341746
Co-Mo-O,Co4_MoO4_3_1213876_POSCAR,mp-1213876,Co4(MoO4)3,,,,,,,,,,76,979.6362973886892,12.88995128143012,375.45379891529643,0.3832583581438368,38.32583581438368
Co-Nb-O,Nb2Co4O9_1232651_POSCAR,mp-1232651,Nb2Co4O9,,,,,,,,,,30,337.62130353665,11.254043451221666,162.61600695863805,0.48165209142670556,48.165209142670555
Co-Nb-O,Nb2Co4O9_1275198_POSCAR,mp-1275198,Nb2Co4O9,,,,,,,,,,30,337.8356775079552,11.261189250265174,162.61600695863805,0.48134645860429837,48.134645860429835
Co-Nb-O,Nb2Co4O9_1276507_POSCAR,mp-1276507,Nb2Co4O9,,,,,,,,,,30,337.7815489055017,11.259384963516725,162.61600695863805,0.4814235931049382,48.14235931049382
Co-Nb-O,Nb2Co4O9_1291928_POSCAR,mp-1291928,Nb2Co4O9,,,,,,,,,,30,337.6551954241473,11.25517318080491,162.61600695863805,0.4816037459585573,48.16037459585573
Co-Nb-O,Nb2Co4O9_2767524_POSCAR,mp-2767524,Nb2Co4O9,,,,,,,,,,30,323.25551060470906,10.775183686823635,162.61600695863805,0.5030571842516616,50.305718425166155
Co-Nb-O,Nb2Co4O9_31513_POSCAR,mp-31513,Nb2Co4O9,,,,,,,,,,30,325.26840231897427,10.842280077299142,162.61600695863805,0.4999440640384391,49.99440640384391
Co-Nb-S,Nb2CoS4_1193022_POSCAR,mp-1193022,Nb2CoS4,,,,,,,,,,28,510.4941217736297,18.231932920486773,258.91354592030285,0.5071822277223279,50.71822277223279
Co-Nb-S,Nb2CoS4_1210385_POSCAR,mp-1210385,Nb2CoS4,,,,,,,,,,28,443.96934945007825,15.856048194645652,258.91354592030285,0.5831788753908476,58.31788753908476
Co-Nb-S,Nb3CoS6_7116_POSCAR,mp-7116,Nb3CoS6,,,,,,,,,,20,352.5636597480232,17.62818298740116,185.80600404553735,0.527014055215823,52.7014055215823
Co-Nb-S,Nb4CoS8_1094100_POSCAR,mp-1094100,Nb4CoS8,,,,,,,,,,26,468.887213020733,18.0341235777205,242.15523513092327,0.5164466601059043,51.644666010590434
Co-Ni-O,Co_NiO2_2_754168_POSCAR,mp-754168,Co(NiO2)2,,,,,,,,,,14,134.01256943473106,9.572326388195076,58.33818596074427,0.43531876305943873,43.531876305943875
Co-Ni-O,Co_NiO2_2_863417_POSCAR,mp-863417,Co(NiO2)2,,,,,,,,,,28,281.2980125589943,10.046357591392653,116.67637192148868,0.41477851499935187,41.477851499935184
Co-Ni-O,Co2NiO4_1096547_POSCAR,mp-1096547,Co2NiO4,,,,,,,,,,14,135.2905515810948,9.663610827221058,59.12360087930254,0.43701204694891893,43.70120469489189
Co-Ni-O,Co2NiO4_1153924_POSCAR,mp-1153924,Co2NiO4,,,,,,,,,,14,135.31024799701865,9.66501771407276,59.12360087930254,0.4369484333559513,43.69484333559513
Co-Ni-O,Co2NiO4_1304693_POSCAR,mp-1304693,Co2NiO4,,,,,,,,,,14,145.47727157868135,10.391233684191524,59.12360087930254,0.4064112574954745,40.64112574954745
Co-Ni-O,Co2NiO4_38683_POSCAR,mp-38683,Co2NiO4,,,,,,,,,,14,138.0247935220176,9.858913823001258,59.12360087930254,0.4283549308108271,42.83549308108271
Co-Ni-O,Co3NiO8_752738_POSCAR,mp-752738,Co3NiO8,,,,,,,,,,24,266.9645556804423,11.123523153351762,85.51599509840435,0.3203271493492468,32.03271493492468
Co-Ni-O,Co3NiO8_753483_POSCAR,mp-753483,Co3NiO8,,,,,,,,,,24,252.89263992498212,10.537193330207588,85.51599509840435,0.3381513796675607,33.81513796675607
Co-Ni-O,Co3NiO8_773140_POSCAR,mp-773140,Co3NiO8,,,,,,,,,,24,231.06657445547222,9.627773935644676,85.51599509840435,0.3700924519261601,37.00924519261601
Co-Ni-S,Co3_Ni3S4_2_1226487_POSCAR,mp-1226487,Co3(Ni3S4)2,,,,,,,,,,17,244.45118501439504,14.379481471435001,111.84853988306001,0.4575495916555838,45.754959165558375
Co-Rh-S,Co8RhS8_1188878_POSCAR,mp-1188878,Co8RhS8,,,,,,,,,,17,242.706058449,14.276826967588235,117.81934197192746,0.48544046541254726,48.54404654125473
Co-Ru-O,Co2RuO4_754049_POSCAR,mp-754049,Co2RuO4,,,,,,,,,,28,312.24884255562034,11.151744376986441,138.44574918801487,0.4433827458090698,44.338274580906976
Co-Ru-O,Co5RuO8_1329603_POSCAR,mp-1329603,Co5RuO8,,,,,,,,,,70,768.0019342154656,10.971456203078079,322.8297259796703,0.4203501470467642,42.03501470467642
Co-Ru-O,Co5RuO8_530751_POSCAR,mp-530751,Co5RuO8,,,,,,,,,,70,768.0019049335003,10.97145578476429,322.8297259796703,0.4203501630736495,42.03501630736495
Co-Ru-O,Co7_RuO6_2_675115_POSCAR,mp-675115,Co7(RuO6)2,,,,,,,,,,42,424.03670761121464,10.0961120859813,198.35476498587548,0.4677773443325111,46.77773443325111
Co-Ru-O,Co7_RuO6_2_690550_POSCAR,mp-690550,Co7(RuO6)2,,,,,,,,,,42,443.6789811487876,10.563785265447324,198.35476498587548,0.4470682033940149,44.70682033940149
Co-Ru-O,Co9Ru3O16_531333_POSCAR,mp-531333,Co9Ru3O16,,,,,,,,,,56,622.5484866605977,11.116937261796389,267.5776395798828,0.4298101197148381,42.98101197148381
Co-Ta-O,Ta2Co4O9_773173_POSCAR,mp-773173,Ta2Co4O9,,,,,,,,,,60,677.0155504267437,11.283592507112395,342.0560719577101,0.5052410860313351,50.52410860313351
Co-Ta-O,Ta2Co4O9_863438_POSCAR,mp-863438,Ta2Co4O9,,,,,,,,,,30,336.23605570414867,11.207868523471623,171.028035978855,0.5086546581706906,50.86546581706906
Co-Ta-O,Ta2Co4O9_885579_POSCAR,mp-885579,Ta2Co4O9,,,,,,,,,,60,675.6856274158376,11.261427123597294,342.0560719577101,0.5062355303692117,50.623553036921166
Co-Ta-S,Ta9_CoS3_2_1189705_POSCAR,mp-1189705,Ta9(CoS3)2,,,,,,,,,,17,297.82611400389425,17.519183176699663,231.06833683931436,0.7758498196578323,77.58498196578323
Co-Ta-S,Ta9_CoS3_2_29580_POSCAR,mp-29580,Ta9(CoS3)2,,,,,,,,,,34,606.6805718072495,17.843546229624987,462.1366736786288,0.7617462881693462,76.17462881693461
Co-Tc-O,Co2TcO4_36069_POSCAR,mp-36069,Co2TcO4,,,,,,,,,,14,157.6991111590218,11.264222225644415,69.76228186383864,0.44237587232493164,44.23758723249316
Co-Y-O,Y_CoO2_2_1383697_POSCAR,mp-1383697,Y(CoO2)2,,,,,,,,,,14,153.29310476028323,10.949507482877374,100.61252903774098,0.6563408653968937,65.63408653968938
Co-Y-O,Y_CoO2_3_1045123_POSCAR,mp-1045123,Y(CoO2)3,,,,,,,,,,40,479.6327789173807,11.990819472934517,244.3757630839629,0.5095059675353381,50.95059675353381
Co-Y-O,Y2Co2O5_1187759_POSCAR,mp-1187759,Y2Co2O5,,,,,,,,,,9,96.25469295713921,10.69496588412658,80.24143696221562,0.8336366206886758,83.36366206886758
Co-Y-O,Y2Co2O7_1369302_POSCAR,mp-1369302,Y2Co2O7,,,,,,,,,,22,243.6694489749219,11.075884044314632,165.29991563929212,0.6783776806435203,67.83776806435203
Co-Y-O,YCoO3_1273178_POSCAR,mp-1273178,YCoO3,,,,,,,,,,20,226.93867725522597,11.346933862761299,162.8913947818616,0.7177771402918077,71.77771402918077
Co-Y-O,YCoO3_1288734_POSCAR,mp-1288734,YCoO3,,,,,,,,,,20,225.35994082726717,11.267997041363358,162.8913947818616,0.722805455947088,72.2805455947088
Co-Y-O,YCoO3_1330514_POSCAR,mp-1330514,YCoO3,,,,,,,,,,30,376.2581360727808,12.541937869092694,244.33709217279238,0.6493868670138989,64.9386867013899
Co-Y-O,YCoO3_22668_POSCAR,mp-22668,YCoO3,,,,,,,,,,20,205.826268147834,10.291313407391701,162.8913947818616,0.7914023620389669,79.14023620389669
Co-Zn-O,Zn_Co2O3_2_1043057_POSCAR,mp-1043057,Zn(Co2O3)2,,,,,,,,,,22,217.1068143479247,9.868491561269305,96.69678093366343,0.4453880511493385,44.53880511493385
Co-Zn-O,Zn_CoO2_2_1040942_POSCAR,mp-1040942,Zn(CoO2)2,,,,,,,,,,42,449.47844959547245,10.701867847511249,175.08935292012927,0.38953892690007386,38.953892690007386
Co-Zn-O,Zn_CoO2_2_1041156_POSCAR,mp-1041156,Zn(CoO2)2,,,,,,,,,,42,451.3459558015855,10.746332280990131,175.08935292012927,0.3879271558092783,38.792715580927826
Co-Zn-O,Zn_CoO2_2_1042295_POSCAR,mp-1042295,Zn(CoO2)2,,,,,,,,,,28,276.36670218178807,9.870239363635289,116.72623528008643,0.42235998171482475,42.23599817148248
Co-Zn-O,Zn_CoO2_2_1048280_POSCAR,mp-1048280,Zn(CoO2)2,,,,,,,,,,28,303.35149243179603,10.833981872564143,116.72623528008643,0.3847887292208742,38.47887292208742
Co-Zn-O,Zn_CoO2_2_1048393_POSCAR,mp-1048393,Zn(CoO2)2,,,,,,,,,,28,278.91518970336415,9.961256775120148,116.72623528008643,0.41850081884829854,41.850081884829855
Co-Zn-O,Zn_CoO2_2_1340366_POSCAR,mp-1340366,Zn(CoO2)2,,,,,,,,,,28,276.36778478624694,9.870278028080248,116.72623528008643,0.4223583272209777,42.23583272209777
Co-Zn-O,Zn_CoO2_2_1350001_POSCAR,mp-1350001,Zn(CoO2)2,,,,,,,,,,56,564.1291965578012,10.073735652817877,233.45247056017234,0.4138280237659222,41.382802376592224
Co-Zn-O,Zn_CoO2_2_1379105_POSCAR,mp-1379105,Zn(CoO2)2,,,,,,,,,,42,421.24371646232294,10.029612296721975,175.08935292012927,0.4156485808039102,41.56485808039102
Co-Zn-O,Zn_CoO2_2_530742_POSCAR,mp-530742,Zn(CoO2)2,,,,,,,,,,56,593.939281179024,10.60605859248257,233.45247056017234,0.3930578056678585,39.30578056678585
Co-Zn-O,Zn2Co3O8_1042827_POSCAR,mp-1042827,Zn2Co3O8,,,,,,,,,,26,279.0192629005906,10.731510111561176,99.96792449070688,0.3582832362592958,35.828323625929585
Co-Zn-O,Zn2Co9O13_1045890_POSCAR,mp-1045890,Zn2Co9O13,,,,,,,,,,24,240.74934245626437,10.031222602344348,106.28019675706848,0.441455813223564,44.1455813223564
Co-Zn-O,Zn3Co2O7_1376556_POSCAR,mp-1376556,Zn3Co2O7,,,,,,,,,,24,230.91186547182213,9.621327727992588,96.01350547545869,0.4158015235781597,41.58015235781597
Co-Zn-O,Zn3Co9O16_765468_POSCAR,mp-765468,Zn3Co9O16,,,,,,,,,,28,275.28529054541445,9.831617519479087,117.49918435899525,0.4268269624076087,42.68269624076087
Co-Zn-O,Zn4CoO5_1215675_POSCAR,mp-1215675,Zn4CoO5,,,,,,,,,,20,237.16201866366936,11.858100933183469,89.65056560277995,0.37801400961221215,37.80140096122121
Co-Zn-O,Zn5Co19O32_861852_POSCAR,mp-861852,Zn5Co19O32,,,,,,,,,,56,544.6599101241369,9.726069823645302,235.7713177968988,0.43287804630813137,43.287804630813135
Co-Zn-O,ZnCo3O7_1044368_POSCAR,mp-1044368,ZnCo3O7,,,,,,,,,,44,533.710227051294,12.12977788752941,164.6939820034284,0.30858314803774584,30.858314803774583
Co-Zn-O,ZnCo3O7_1338829_POSCAR,mp-1338829,ZnCo3O7,,,,,,,,,,88,1008.2087490646096,11.456917603006927,329.38796400685675,0.326706115486951,32.6706115486951
Co-Zn-O,ZnCo5O7_1370323_POSCAR,mp-1370323,ZnCo5O7,,,,,,,,,,26,244.73297854948095,9.41280686728773,115.86361258047353,0.4734286865104607,47.342868651046075
Co-Zn-O,ZnCoO2_1272466_POSCAR,mp-1272466,ZnCoO2,,,,,,,,,,16,160.97097202204006,10.060685751377504,73.57553027160513,0.4570732806504468,45.70732806504468
Co-Zn-O,ZnCoO2_1291102_POSCAR,mp-1291102,ZnCoO2,,,,,,,,,,16,158.83665178285736,9.927290736428585,73.57553027160513,0.4632150668360151,46.32150668360151
Co-Zn-O,ZnCoO2_754633_POSCAR,mp-754633,ZnCoO2,,,,,,,,,,16,160.41709615797794,10.026068509873621,73.57553027160513,0.45865142826889427,45.865142826889425
Co-Zr-O,Zr6Co2O_1215347_POSCAR,mp-1215347,Zr6Co2O,,,,,,,,,,9,170.34185146410738,18.92687238490082,152.65835624075717,0.8961881940852552,89.61881940852552
Co-Zr-O,Zr9Co3O2_1215381_POSCAR,mp-1215381,Zr9Co3O2,,,,,,,,,,28,492.7476572937464,17.5981306176338,459.1793291509871,0.9318752151413114,93.18752151413115
Co-Zr-O,ZrCoO3_756665_POSCAR,mp-756665,ZrCoO3,,,,,,,,,,20,228.82372412305963,11.441186206152981,137.7649367384505,0.6020570518481798,60.20570518481798
Cr-Ag-S,Cr5AgS8_676751_POSCAR,mp-676751,Cr5AgS8,,,,,,,,,,28,524.8160869839636,18.7434316779987,215.6198188590694,0.41084834136507314,41.08483413650731
Cr-Co-O,CrCo3O8_861562_POSCAR,mp-861562,CrCo3O8,,,,,,,,,,24,242.53827826107522,10.105761594211467,92.04208834955949,0.3794951007711975,37.949510077119754
Cr-Cu-O,Cr3_CuO6_2_764630_POSCAR,mp-764630,Cr3(CuO6)2,,,,,,,,,,68,948.0253930516175,13.941549897817904,269.87110274796834,0.28466653396200176,28.466653396200176
Cr-Cu-O,Cr3_CuO6_2_772337_POSCAR,mp-772337,Cr3(CuO6)2,,,,,,,,,,68,975.992129446165,14.352825433031839,269.87110274796834,0.2765095072038224,27.65095072038224
Cr-Fe-O,Cr_FeO2_3_1244915_POSCAR,mp-1244915,Cr(FeO2)3,,,,,,,,,,80,1056.804161880897,13.210052023511214,379.01845937956966,0.3586458807135976,35.86458807135976
Cr-Fe-O,Cr_FeO2_3_1245073_POSCAR,mp-1245073,Cr(FeO2)3,,,,,,,,,,80,1018.9507565725414,12.736884457156767,379.01845937956966,0.371969358612068,37.196935861206796
Cr-Fe-O,Cr_FeO2_3_1245256_POSCAR,mp-1245256,Cr(FeO2)3,,,,,,,,,,80,1055.8943302451667,13.198679128064583,379.01845937956966,0.3589549148270982,35.895491482709815
Cr-Fe-O,Cr_FeO2_3_1245289_POSCAR,mp-1245289,Cr(FeO2)3,,,,,,,,,,80,995.3531544649102,12.441914430811376,379.01845937956966,0.38078792203489364,38.078792203489364
Cr-Fe-O,Cr10Fe5O24_771184_POSCAR,mp-771184,Cr10Fe5O24,,,,,,,,,,39,455.54803852381764,11.680718936508145,189.5676130476592,0.4161308951344501,41.61308951344501
Cr-Fe-O,Cr2FeO4_1192780_POSCAR,mp-1192780,Cr2FeO4,,,,,,,,,,28,303.39982060898524,10.83570787889233,147.80045706623852,0.4871474767835159,48.714747678351586
Cr-Fe-O,Cr3FeO6_1244873_POSCAR,mp-1244873,Cr3FeO6,,,,,,,,,,80,967.6490694450545,12.09561336806318,404.86503747982664,0.41840068911761186,41.840068911761186
Cr-Fe-O,Cr3FeO6_1244931_POSCAR,mp-1244931,Cr3FeO6,,,,,,,,,,80,1006.0578793598792,12.57572349199849,404.86503747982664,0.4024271821591703,40.24271821591703
Cr-Fe-O,Cr3FeO6_1244976_POSCAR,mp-1244976,Cr3FeO6,,,,,,,,,,80,1022.2554655093974,12.778193318867467,404.86503747982664,0.39605074381097044,39.60507438109705
Cr-Fe-O,Cr3FeO6_1245016_POSCAR,mp-1245016,Cr3FeO6,,,,,,,,,,80,992.0725787834265,12.40090723479283,404.86503747982664,0.40810021982092337,40.81002198209234
Cr-Fe-O,Cr3FeO6_1245083_POSCAR,mp-1245083,Cr3FeO6,,,,,,,,,,80,998.6986901970486,12.483733627463106,404.86503747982664,0.40539257881668456,40.539257881668455
Cr-Fe-O,Cr7FeO12_1244957_POSCAR,mp-1244957,Cr7FeO12,,,,,,,,,,80,980.4706523451481,12.25588315431435,411.3266820048911,0.41951962664160874,41.951962664160874
Cr-Fe-O,Cr7FeO12_1245032_POSCAR,mp-1245032,Cr7FeO12,,,,,,,,,,80,963.0576146499169,12.038220183123961,411.3266820048911,0.42710495794627334,42.710495794627334
Cr-Fe-O,Cr7FeO12_1245071_POSCAR,mp-1245071,Cr7FeO12,,,,,,,,,,80,950.0562686019143,11.875703357523928,411.3266820048911,0.4329498110782344,43.29498110782344
Cr-Fe-O,Cr7FeO12_1245230_POSCAR,mp-1245230,Cr7FeO12,,,,,,,,,,80,960.074528410435,12.000931605130438,411.3266820048911,0.4284320329650987,42.84320329650987
Cr-Fe-O,Cr7FeO12_1245235_POSCAR,mp-1245235,Cr7FeO12,,,,,,,,,,80,1056.1803423440135,13.202254279300169,411.3266820048911,0.3894473940804665,38.94473940804665
Cr-Fe-O,Cr7FeO12_1245241_POSCAR,mp-1245241,Cr7FeO12,,,,,,,,,,80,991.2572682468797,12.390715853085997,411.3266820048911,0.4149545180459118,41.495451804591184
Cr-Fe-O,CrFe7O12_1245166_POSCAR,mp-1245166,CrFe7O12,,,,,,,,,,80,981.5573803370761,12.26946725421345,372.5568148545054,0.37955683724426365,37.955683724426365
Cr-Fe-O,CrFeO3_1244905_POSCAR,mp-1244905,CrFeO3,,,,,,,,,,80,1005.4239735245333,12.567799669056665,391.9417484296981,0.38982733528397845,38.982733528397844
Cr-Fe-O,CrFeO3_1245072_POSCAR,mp-1245072,CrFeO3,,,,,,,,,,80,1037.6192676178,12.9702408452225,391.9417484296981,0.37773175639801937,37.773175639801934
Cr-Fe-O,CrFeO3_1245144_POSCAR,mp-1245144,CrFeO3,,,,,,,,,,80,1042.5793311396665,13.03224163924583,391.9417484296981,0.37593470033715126,37.59347003371513
Cr-Fe-O,CrFeO3_1245179_POSCAR,mp-1245179,CrFeO3,,,,,,,,,,80,991.2331187557079,12.390413984446349,391.9417484296981,0.39540824556155013,39.540824556155016
Cr-Fe-O,CrFeO3_1245204_POSCAR,mp-1245204,CrFeO3,,,,,,,,,,80,1027.2413530549793,12.84051691318724,391.9417484296981,0.3815478682435022,38.15478682435022
Cr-Fe-O,CrFeO3_1245260_POSCAR,mp-1245260,CrFeO3,,,,,,,,,,80,1025.6300130578365,12.820375163222957,391.9417484296981,0.3821473079372493,38.21473079372493
Cr-Fe-S,Cr12Fe3S20_1226707_POSCAR,mp-1226707,Cr12Fe3S20,,,,,,,,,,35,509.8538947110113,14.567254134600324,260.8771502373418,0.5116704078238116,51.16704078238116
Cr-Hf-O,HfCrO3_756322_POSCAR,mp-756322,HfCrO3,,,,,,,,,,20,244.80676715117258,12.24033835755863,149.24629340364424,0.6096493783257306,60.964937832573064
Cr-Mn-O,Mn13Cr3O32_775873_POSCAR,mp-775873,Mn13Cr3O32,,,,,,,,,,48,566.3480266674497,11.798917222238536,218.5282466946998,0.38585505096677236,38.58550509667724
Cr-Mn-O,Mn15CrO32_771190_POSCAR,mp-771190,Mn15CrO32,,,,,,,,,,48,555.9394746700082,11.582072388958503,218.5282466946998,0.39307920493397724,39.307920493397724
Cr-Mn-O,Mn2CrO4_34139_POSCAR,mp-34139,Mn2CrO4,,,,,,,,,,14,153.6804724613833,10.977176604384521,77.1310507956515,0.5018923325800742,50.18923325800741
Cr-Mn-O,Mn2CrO4_675077_POSCAR,mp-675077,Mn2CrO4,,,,,,,,,,14,157.95800750687786,11.282714821919848,77.1310507956515,0.48830098589521037,48.830098589521036
Cr-Mn-O,Mn2CrO4_765581_POSCAR,mp-765581,Mn2CrO4,,,,,,,,,,28,306.9311343665275,10.961826227375981,154.2621015913028,0.5025951567594569,50.259515675945686
Cr-Mn-O,Mn2CrO6_753734_POSCAR,mp-753734,Mn2CrO6,,,,,,,,,,18,214.10464228018893,11.894702348899385,81.9480925105126,0.38274785468346306,38.27478546834631
Cr-Mn-O,Mn3Cr3O8_1221796_POSCAR,mp-1221796,Mn3Cr3O8,,,,,,,,,,14,160.2403926291822,11.445742330655872,77.1310507956515,0.4813458674813854,48.13458674813854
Cr-Mn-O,Mn3Cr3O8_1290512_POSCAR,mp-1290512,Mn3Cr3O8,,,,,,,,,,28,301.6628670842427,10.773673824437239,154.2621015913028,0.5113725235138848,51.13725235138848
Cr-Mn-O,Mn3Cr5O16_756938_POSCAR,mp-756938,Mn3Cr5O16,,,,,,,,,,24,260.490780868694,10.853782536195583,109.26412334735014,0.41945485741557614,41.94548574155761
Cr-Mn-O,Mn3CrO8_772951_POSCAR,mp-772951,Mn3CrO8,,,,,,,,,,48,561.7743702954368,11.703632714488267,218.5282466946998,0.3889964694896563,38.89964694896563
Cr-Mn-O,Mn3CrO8_773120_POSCAR,mp-773120,Mn3CrO8,,,,,,,,,,24,256.42950754523446,10.684562814384769,109.26412334735014,0.426098089854483,42.609808985448296
Cr-Mn-O,Mn5Cr2O12_2214957_POSCAR,mp-2214957,Mn5Cr2O12,,,,,,,,,,19,221.2031260610161,11.642269792685058,93.19758707150082,0.4213212929269067,42.13212929269067
Cr-Mn-O,Mn5Cr2O12_755906_POSCAR,mp-755906,Mn5Cr2O12,,,,,,,,,,19,217.61822712437103,11.453590901282686,93.19758707150082,0.42826186162355534,42.82618616235553
Cr-Mn-O,Mn5Cr3O16_1353690_POSCAR,mp-1353690,Mn5Cr3O16,,,,,,,,,,48,563.0821131911734,11.730877358149447,218.5282466946998,0.3880930357674258,38.80930357674258
Cr-Mn-O,Mn5Cr3O16_771053_POSCAR,mp-771053,Mn5Cr3O16,,,,,,,,,,48,563.0821418188531,11.730877954559439,218.5282466946998,0.3880930160363737,38.80930160363737
Cr-Mn-O,Mn5Cr3O16_771133_POSCAR,mp-771133,Mn5Cr3O16,,,,,,,,,,24,260.2318620608774,10.842994252536558,109.26412334735014,0.41987219582584934,41.987219582584935
Cr-Mn-O,Mn5Cr3O16_877768_POSCAR,mp-877768,Mn5Cr3O16,,,,,,,,,,48,563.0821131911734,11.730877358149447,218.5282466946998,0.3880930357674258,38.80930357674258
Cr-Mn-O,Mn5Cr4O12_1222112_POSCAR,mp-1222112,Mn5Cr4O12,,,,,,,,,,42,484.27867614199687,11.530444670047544,231.39315238695414,0.4778099135612294,47.78099135612294
Cr-Mn-O,Mn5Cr4O12_1222248_POSCAR,mp-1222248,Mn5Cr4O12,,,,,,,,,,42,481.35534311043,11.460841502629286,231.39315238695414,0.4807117147422401,48.07117147422401
Cr-Mn-O,Mn5CrO12_1176453_POSCAR,mp-1176453,Mn5CrO12,,,,,,,,,,18,206.70547675644738,11.48363759758041,81.9480925105126,0.39644857889792967,39.644857889792966
Cr-Mn-O,Mn5CrO8_1221988_POSCAR,mp-1221988,Mn5CrO8,,,,,,,,,,14,155.350201476018,11.096442962572713,77.1310507956515,0.4964979128627556,49.64979128627556
Cr-Mn-O,Mn6Cr9O20_757545_POSCAR,mp-757545,Mn6Cr9O20,,,,,,,,,,70,797.0189227838458,11.385984611197797,385.655253978257,0.4838721427481691,48.387214274816905
Cr-Mn-O,Mn7CrO16_769632_POSCAR,mp-769632,Mn7CrO16,,,,,,,,,,24,279.50201743332104,11.645917393055043,109.26412334735014,0.39092427436026134,39.092427436026135
Cr-Mn-O,MnCr2O4_28226_POSCAR,mp-28226,MnCr2O4,,,,,,,,,,14,151.07905137567113,10.791360812547937,77.1310507956515,0.5105343864243526,51.05343864243525
Cr-Mn-O,MnCr3O8_760027_POSCAR,mp-760027,MnCr3O8,,,,,,,,,,24,263.7374428709918,10.989060119624659,109.26412334735014,0.41429128210967414,41.42912821096741
Cr-Mn-O,MnCrO4_755908_POSCAR,mp-755908,MnCrO4,,,,,,,,,,24,308.5596892208903,12.856653717537094,109.26412334735014,0.3541101678681386,35.41101678681386
Cr-Mn-S,Mn2Cr13S20_1222474_POSCAR,mp-1222474,Mn2Cr13S20,,,,,,,,,,35,532.6381001239282,15.218231432112235,265.72338363114,0.4988816676263198,49.88816676263198
Cr-Mo-O,Cr14MoO24_674480_POSCAR,mp-674480,Cr14MoO24,,,,,,,,,,39,414.2534760469774,10.621884001204549,201.69374181149527,0.4868848506382181,48.688485063821815
Cr-Nb-S,Nb3CrS6_1189260_POSCAR,mp-1189260,Nb3CrS6,,,,,,,,,,20,356.57163162506555,17.828581581253278,191.54668237813422,0.5371899090939046,53.71899090939046
Cr-Nb-S,Nb4CrS8_5306_POSCAR,mp-5306,Nb4CrS8,,,,,,,,,,26,471.07287176514444,18.11818737558248,247.89591346352015,0.526236869753582,52.6236869753582
Cr-Ni-O,Cr3_NiO6_2_776211_POSCAR,mp-776211,Cr3(NiO6)2,,,,,,,,,,68,965.862902458516,14.203866212625236,256.6900187934762,0.26576237490858706,26.576237490858706
Cr-Ni-S,Cr11NiS16_1226263_POSCAR,mp-1226263,Cr11NiS16,,,,,,,,,,28,464.1993372277237,16.578547758132988,209.31566027933445,0.45091761985142564,45.09176198514256
Cr-Ni-S,Cr11NiS16_1226505_POSCAR,mp-1226505,Cr11NiS16,,,,,,,,,,28,467.0735854576439,16.681199480630138,209.31566027933445,0.44814279119262257,44.81427911926226
Cr-Y-O,Y2Cr2O7_1939204_POSCAR,mp-1939204,Y2Cr2O7,,,,,,,,,,22,256.5325000055539,11.660568182070632,176.78127230448587,0.6891184247635623,68.91184247635623
Cr-Y-O,Y2Cr2O7_2763860_POSCAR,mp-2763860,Y2Cr2O7,,,,,,,,,,22,245.0019074521789,11.136450338735404,176.78127230448587,0.7215505958417536,72.15505958417536
Cr-Y-O,Y2Cr3O9_1365415_POSCAR,mp-1365415,Y2Cr3O9,,,,,,,,,,56,647.7269691268598,11.566553020122496,408.1946062826469,0.6301954770123218,63.019547701232185
Cr-Y-O,Y2Cr3O9_1396182_POSCAR,mp-1396182,Y2Cr3O9,,,,,,,,,,14,164.38771585022772,11.741979703587694,102.04865157066182,0.6207802757210733,62.07802757210733
Cr-Y-O,Y2Cr3O9_1659341_POSCAR,mp-1659341,Y2Cr3O9,,,,,,,,,,56,647.7269119539217,11.566551999177173,408.1946062826469,0.630195532637812,63.019553263781205
Cr-Y-O,YCr2O2_1208171_POSCAR,mp-1208171,YCr2O2,,,,,,,,,,20,341.15913994537897,17.05795699726895,214.55368797614716,0.6288962037203463,62.88962037203463
Cr-Y-O,YCr2O4_1388393_POSCAR,mp-1388393,YCr2O4,,,,,,,,,,14,181.85591428544947,12.98970816324639,112.09388570293477,0.6163884531519113,61.638845315191126
Cr-Y-O,YCr2O4_1388764_POSCAR,mp-1388764,YCr2O4,,,,,,,,,,14,166.89954244684995,11.92139588906071,112.09388570293477,0.6716248832056065,67.16248832056066
Cr-Y-O,YCr3O6_1045038_POSCAR,mp-1045038,YCr3O6,,,,,,,,,,40,503.6962560474345,12.592406401185862,278.81983307954414,0.5535475591331116,55.35475591331116
Cr-Y-O,YCrO2_1207648_POSCAR,mp-1207648,YCrO2,,,,,,,,,,16,221.00171442613387,13.812607151633367,169.55570973219432,0.7672144542972108,76.72144542972109
Cr-Y-O,YCrO3_1336975_POSCAR,mp-1336975,YCrO3,,,,,,,,,,30,385.4542583341232,12.848475277804107,261.559127170583,0.6785737127435125,67.85737127435125
Cr-Y-O,YCrO3_18725_POSCAR,mp-18725,YCrO3,,,,,,,,,,20,219.38031950904443,10.969015975452221,174.37275144705535,0.7948422713454315,79.48422713454315
Cr-Y-S,Y2CrS4_555795_POSCAR,mp-555795,Y2CrS4,,,,,,,,,,56,1191.2404599221932,21.272151070039165,704.8600930680899,0.5917026131853584,59.17026131853584
Cr-Y-S,Y3CrS6_1207827_POSCAR,mp-1207827,Y3CrS6,,,,,,,,,,40,801.2591469907037,20.03147867476759,506.1460806790911,0.6316883652187043,63.16883652187043
Cr-Zn-O,Zn2Cr9O13_1046037_POSCAR,mp-1046037,Zn2Cr9O13,,,,,,,,,,24,268.75433334067725,11.198097222528219,132.11324925375442,0.49157625706553937,49.15762570655394
Cr-Zn-O,ZnCr2O4_1040929_POSCAR,mp-1040929,ZnCr2O4,,,,,,,,,,42,462.9273824026145,11.022080533395584,209.5334229157106,0.4526269796965184,45.26269796965184
Cr-Zn-O,ZnCr2O4_1041789_POSCAR,mp-1041789,ZnCr2O4,,,,,,,,,,28,282.9519710103384,10.105427536083514,139.68894861047383,0.493684310138168,49.368431013816796
Cr-Zn-O,ZnCr2O4_1048271_POSCAR,mp-1048271,ZnCr2O4,,,,,,,,,,28,280.65531184995405,10.023403994641216,139.68894861047383,0.49772422866222227,49.77242286622223
Cr-Zn-O,ZnCr2O4_1048859_POSCAR,mp-1048859,ZnCr2O4,,,,,,,,,,42,459.0102084339822,10.928814486523386,209.5334229157106,0.45648967945741675,45.648967945741674
Cr-Zn-O,ZnCr2O4_1362371_POSCAR,mp-1362371,ZnCr2O4,,,,,,,,,,42,462.56889072755314,11.013545017322693,209.5334229157106,0.4529777663736642,45.29777663736642
Cr-Zn-O,ZnCr2O4_1365412_POSCAR,mp-1365412,ZnCr2O4,,,,,,,,,,56,619.0676079395645,11.054778713206508,279.3778972209474,0.4512881850672135,45.12881850672135
Cr-Zn-O,ZnCr2O4_1378442_POSCAR,mp-1378442,ZnCr2O4,,,,,,,,,,28,311.3457257619552,11.119490205784114,139.68894861047383,0.44866184775337326,44.866184775337324
Cr-Zn-O,ZnCr4O6_1042605_POSCAR,mp-1042605,ZnCr4O6,,,,,,,,,,22,233.39695277842716,10.608952399019417,119.65949426405096,0.5126866175397259,51.26866175397259
Cr-Zn-O,ZnCr5O7_1046078_POSCAR,mp-1046078,ZnCr5O7,,,,,,,,,,26,282.38068115895055,10.860795429190405,144.56700424345777,0.5119578423358282,51.19578423358282
Cr-Zn-O,ZnCrO2_1046147_POSCAR,mp-1046147,ZnCrO2,,,,,,,,,,16,210.79489415379734,13.174680884612334,85.05688693679889,0.4035054419996569,40.35054419996569
Cr-Zn-O,ZnCrO2_1367483_POSCAR,mp-1367483,ZnCrO2,,,,,,,,,,16,210.0449901625065,13.127811885156657,85.05688693679889,0.4049460397555425,40.49460397555425
Cr-Zn-O,ZnCrO2_1444696_POSCAR,mp-1444696,ZnCrO2,,,,,,,,,,16,188.88307648006491,11.805192280004057,85.05688693679889,0.45031502303900667,45.031502303900666
Cr-Zn-O,ZnCrO2_1444748_POSCAR,mp-1444748,ZnCrO2,,,,,,,,,,16,185.11048049331765,11.569405030832353,85.05688693679889,0.45949255120576155,45.949255120576154
Cu-Nb-O,Nb3CuO8_27383_POSCAR,mp-27383,Nb3CuO8,,,,,,,,,,48,581.1618562550517,12.107538671980244,298.79089569051246,0.5141268176405981,51.41268176405981
Cu-Nb-O,Nb8Cu2O21_2646914_POSCAR,mp-2646914,Nb8Cu2O21,,,,,,,,,,62,711.47236278279,11.475360690045001,384.7395760619101,0.5407653145613046,54.07653145613046
Cu-Nb-S,Nb24_CuS8_5_690962_POSCAR,mp-690962,Nb24(CuS8)5,,,,,,,,,,69,1282.1371818080777,18.58169828707359,685.568804086715,0.5347078407943225,53.470784079432256
Cu-Nb-S,Nb2CuS4_1193370_POSCAR,mp-1193370,Nb2CuS4,,,,,,,,,,28,508.9043732034225,18.175156185836517,263.93325806043237,0.51863035956842,51.863035956842
Cu-Nb-S,Nb2CuS4_1210558_POSCAR,mp-1210558,Nb2CuS4,,,,,,,,,,28,515.3690366779402,18.40603702421215,263.93325806043237,0.5121247868551466,51.21247868551466
Cu-Nb-S,Nb2CuS4_1237864_POSCAR,mp-1237864,Nb2CuS4,,,,,,,,,,28,458.4360564637853,16.372716302278047,263.93325806043237,0.5757253478191066,57.572534781910655
Cu-Nb-S,Nb3_CuS3_2_1220938_POSCAR,mp-1220938,Nb3(CuS3)2,,,,,,,,,,22,403.9407396848843,18.360942712949285,207.58402697504638,0.5138972294227699,51.389722942277
Cu-Pd-S,Cu3Pd13S7_1225772_POSCAR,mp-1225772,Cu3Pd13S7,,,,,,,,,,23,363.994894188608,15.825864964722086,209.08901740772413,0.5744284349751959,57.44284349751959
Cu-Ta-S,Ta14_CuS8_3_676854_POSCAR,mp-676854,Ta14(CuS8)3,,,,,,,,,,41,737.4568966678316,17.986753577264185,433.3927764143639,0.5876855696551637,58.768556965516375
Cu-Ta-S,Ta22_CuS12_3_686369_POSCAR,mp-686369,Ta22(CuS12)3,,,,,,,,,,61,1138.8231772880774,18.669232414558646,656.2175657530781,0.5762242803274814,57.62242803274814
Cu-Y-O,Y2Cu2O5_2882_POSCAR,mp-2882,Y2Cu2O5,,,,,,,,,,36,487.1820782555275,13.532835507097985,331.005172129121,0.6794280555523811,67.94280555523811
Cu-Y-O,Y2Cu2O5_510475_POSCAR,mp-510475,Y2Cu2O5,,,,,,,,,,36,506.84768382192664,14.07910232838685,331.005172129121,0.6530663603573154,65.30663603573153
Cu-Y-O,Y2CuO4_755924_POSCAR,mp-755924,Y2CuO4,,,,,,,,,,14,180.95706907973067,12.925504934266476,143.82589834768575,0.7948067410636236,79.48067410636236
Cu-Y-O,Y4_Cu2O5_3_1335004_POSCAR,mp-1335004,Y4(Cu2O5)3,,,,,,,,,,100,1439.8895434794956,14.398895434794957,763.1682202703284,0.5300185863049822,53.00185863049822
Cu-Y-O,Y4_Cu2O5_3_1338483_POSCAR,mp-1338483,Y4(Cu2O5)3,,,,,,,,,,100,1579.9764381432879,15.799764381432878,763.1682202703284,0.4830250640744788,48.30250640744788
Cu-Y-O,Y4Cu2O7_755210_POSCAR,mp-755210,Y4Cu2O7,,,,,,,,,,13,176.92835479508267,13.60987344577559,142.6216379189705,0.8060982542009957,80.60982542009957
Cu-Y-O,Y4Cu7O16_530641_POSCAR,mp-530641,Y4Cu7O16,,,,,,,,,,54,621.4227517293499,11.507828735728701,403.26079785203683,0.648931499095917,64.8931499095917
Cu-Y-O,Y6Cu11O24_867628_POSCAR,mp-867628,Y6Cu11O24,,,,,,,,,,41,453.1017071131866,11.051261149102112,307.2626401038889,0.6781317202743036,67.81317202743035
Cu-Y-O,YCuO3_1333124_POSCAR,mp-1333124,YCuO3,,,,,,,,,,30,365.10076537685745,12.170025512561915,251.86666038298665,0.689855196887932,68.98551968879319
Cu-Y-O,YCuO3_1340758_POSCAR,mp-1340758,YCuO3,,,,,,,,,,20,223.45319909981657,11.172659954990829,167.9111069219911,0.7514374714634772,75.14374714634772
Cu-Y-S,Y2_CuS2_3_1352540_POSCAR,mp-1352540,Y2(CuS2)3,,,,,,,,,,44,975.6328000832947,22.173472729165788,461.83345553328434,0.4733681109264216,47.336811092642165
Fe-Cd-O,Cd_FeO2_2_532027_POSCAR,mp-532027,Cd(FeO2)2,,,,,,,,,,84,1036.696282909226,12.341622415586025,439.1144292618503,0.42357094985388266,42.357094985388265
Fe-Cd-O,Cd_FeO2_2_756539_POSCAR,mp-756539,Cd(FeO2)2,,,,,,,,,,28,298.1480220118558,10.648143643280564,146.3714764206169,0.49093559445045204,49.0935594450452
Fe-Cd-O,Cd_FeO2_2_772600_POSCAR,mp-772600,Cd(FeO2)2,,,,,,,,,,28,309.2095959663847,11.04319985594231,146.3714764206169,0.473373007597505,47.3373007597505
Fe-Co-O,Fe19Co5O32_757738_POSCAR,mp-757738,Fe19Co5O32,,,,,,,,,,56,619.4228315312523,11.061121991629506,263.479695857058,0.4253632291946998,42.53632291946998
Fe-Co-O,Fe2Co3O10_778217_POSCAR,mp-778217,Fe2Co3O10,,,,,,,,,,30,343.24509742307555,11.441503247435852,112.89647466133272,0.3289092124225718,32.89092124225718
Fe-Co-O,Fe2CoO4_36738_POSCAR,mp-36738,Fe2CoO4,,,,,,,,,,42,465.25584362615103,11.077520086336929,194.78618381397064,0.41866466909008454,41.86646690900845
Fe-Co-O,Fe2CoO4_532300_POSCAR,mp-532300,Fe2CoO4,,,,,,,,,,56,619.6217469474325,11.064674052632723,259.71491175196087,0.4191507367703713,41.91507367703713
Fe-Co-O,Fe2CoO4_685218_POSCAR,mp-685218,Fe2CoO4,,,,,,,,,,84,931.9485829579212,11.0946259875943,389.5723676279416,0.4180191640953773,41.80191640953773
Fe-Co-O,Fe2CoO4_691111_POSCAR,mp-691111,Fe2CoO4,,,,,,,,,,42,454.3251610606381,10.817265739539002,194.78618381397064,0.42873739010895945,42.873739010895946
Fe-Co-O,Fe3Co7O20_775826_POSCAR,mp-775826,Fe3Co7O20,,,,,,,,,,30,341.95594753248787,11.398531584416263,111.64154662630037,0.3264793241114596,32.64793241114596
Fe-Co-O,Fe7_CoO6_2_1225378_POSCAR,mp-1225378,Fe7(CoO6)2,,,,,,,,,,42,465.8810024025324,11.092404819107914,197.2960398840354,0.42349020214730043,42.34902021473005
Fe-Co-O,FeCo3O8_1178259_POSCAR,mp-1178259,FeCo3O8,,,,,,,,,,48,531.9672616297142,11.08265128395238,177.6225321740542,0.33389748765722294,33.389748765722295
Fe-Co-O,FeCo3O8_776400_POSCAR,mp-776400,FeCo3O8,,,,,,,,,,48,512.2728939011297,10.672351956273536,177.6225321740542,0.3467342002451059,34.673420024510584
Fe-Co-O,FeCo9O20_771048_POSCAR,mp-771048,FeCo9O20,,,,,,,,,,30,338.5207603629729,11.28402534543243,109.13169055623564,0.32237813255299647,32.23781325529965
Fe-Cu-O,Fe13Cu5O24_758556_POSCAR,mp-758556,Fe13Cu5O24,,,,,,,,,,42,429.8483109625657,10.234483594346802,202.3157520241649,0.47066778410997184,47.06677841099719
Fe-Cu-O,Fe13Cu5O24_763652_POSCAR,mp-763652,Fe13Cu5O24,,,,,,,,,,42,462.9200598863776,11.021906187770895,202.3157520241649,0.4370425253851015,43.704252538510154
Fe-Cu-O,Fe2CuO4_38090_POSCAR,mp-38090,Fe2CuO4,,,,,,,,,,42,461.8509734745452,10.996451749393932,202.3157520241649,0.43805418553548964,43.80541855354896
Fe-Cu-O,Fe2CuO4_685418_POSCAR,mp-685418,Fe2CuO4,,,,,,,,,,56,617.3657533748088,11.024388453121587,269.7543360322199,0.4369441203332336,43.69441203332336
Fe-Cu-O,Fe9Cu3O16_705842_POSCAR,mp-705842,Fe9Cu3O16,,,,,,,,,,28,310.58087398195653,11.092174070784163,134.87716801611006,0.4342739019529769,43.42739019529769
Fe-Cu-O,Fe9Cu3O16_861469_POSCAR,mp-861469,Fe9Cu3O16,,,,,,,,,,28,287.162011853736,10.255786137633427,134.87716801611006,0.46969014858695457,46.96901485869546
Fe-Cu-O,Fe9Cu3O16_868046_POSCAR,mp-868046,Fe9Cu3O16,,,,,,,,,,28,287.1535775958783,10.25548491413851,134.87716801611006,0.469703944298154,46.9703944298154
Fe-Nb-S,Nb2FeS4_1193958_POSCAR,mp-1193958,Nb2FeS4,,,,,,,,,,28,477.0771802995553,17.03847072498412,263.93325806043237,0.5532296847539626,55.32296847539626
Fe-Nb-S,Nb2FeS4_1210649_POSCAR,mp-1210649,Nb2FeS4,,,,,,,,,,28,547.0814240409819,19.538622287177926,263.93325806043237,0.48243871289013296,48.2438712890133
Fe-Nb-S,Nb3FeS6_22613_POSCAR,mp-22613,Nb3FeS6,,,,,,,,,,20,341.58808073878663,17.07940403693933,188.31586011560208,0.5512951731463012,55.129517314630114
Fe-Nb-S,Nb4FeS8_1193686_POSCAR,mp-1193686,Nb4FeS8,,,,,,,,,,26,475.2034303999582,18.27705501538301,244.66509120098803,0.5148638994357931,51.48638994357931
Fe-Ni-O,Fe_NiO2_2_640147_POSCAR,mp-640147,Fe(NiO2)2,,,,,,,,,,14,137.35932892725648,9.811380637661177,60.848042030809,0.4429844154453699,44.298441544536985
Fe-Ni-O,Fe11_NiO3_8_36806_POSCAR,mp-36806,Fe11(NiO3)8,,,,,,,,,,43,463.2619144478638,10.773532894136366,198.76875149939497,0.4290634418680768,42.90634418680768
Fe-Ni-O,Fe13_NiO10_2_757258_POSCAR,mp-757258,Fe13(NiO10)2,,,,,,,,,,70,785.2428032500667,11.21775433214381,330.6023780630288,0.4210193034494401,42.10193034494401
Fe-Ni-O,Fe14Ni11O32_1365499_POSCAR,mp-1365499,Fe14Ni11O32,,,,,,,,,,57,619.7096116063054,10.872098449233428,261.2644290245154,0.4215917005826493,42.15917005826493
Fe-Ni-O,Fe14Ni11O32_685456_POSCAR,mp-685456,Fe14Ni11O32,,,,,,,,,,57,619.7096113831703,10.872098445318779,261.2644290245154,0.42159170073444924,42.159170073444926
Fe-Ni-O,Fe21Ni9O40_698680_POSCAR,mp-698680,Fe21Ni9O40,,,,,,,,,,70,780.5162117427582,11.150231596325117,322.3642005914713,0.4130140998246373,41.30140998246373
Fe-Ni-O,Fe2NiO4_1326188_POSCAR,mp-1326188,Fe2NiO4,,,,,,,,,,70,758.4292782024617,10.834703974320881,320.71656509715973,0.42286944124478393,42.286944124478396
Fe-Ni-O,Fe2NiO4_530214_POSCAR,mp-530214,Fe2NiO4,,,,,,,,,,56,611.7245584763098,10.923652829934102,256.5732520777278,0.41942611020359105,41.9426110203591
Fe-Ni-O,Fe2NiO4_699378_POSCAR,mp-699378,Fe2NiO4,,,,,,,,,,70,758.4291586000455,10.834702265714936,320.71656509715973,0.4228695079302565,42.28695079302565
Fe-Ni-O,Fe7_Ni3O8_2_754651_POSCAR,mp-754651,Fe7(Ni3O8)2,,,,,,,,,,29,305.08970634694276,10.520334701618715,134.6254384799632,0.4412650957383317,44.126509573833175
Fe-Ni-S,Fe5Ni7S16_675307_POSCAR,mp-675307,Fe5Ni7S16,,,,,,,,,,56,842.3381105307514,15.041751973763416,363.32064973907717,0.43132400777895635,43.13240077789563
Fe-Ni-S,Fe6Ni9S20_1333995_POSCAR,mp-1333995,Fe6Ni9S20,,,,,,,,,,70,1033.7343953489617,14.767634219270882,453.3269944266907,0.4385333374475359,43.85333374475359
Fe-Ni-S,Fe6Ni9S20_530925_POSCAR,mp-530925,Fe6Ni9S20,,,,,,,,,,70,1033.7344224235314,14.76763460605045,453.3269944266907,0.4385333259618959,43.853332596189595
Fe-Ni-S,FeNi35S32_1225604_POSCAR,mp-1225604,FeNi35S32,,,,,,,,,,68,968.6813636970512,14.245314172015458,444.3293055152013,0.4586950076332453,45.86950076332453
Fe-Ta-S,Ta9_FeS3_2_3652_POSCAR,mp-3652,Ta9(FeS3)2,,,,,,,,,,34,613.4610175906158,18.042971105606348,467.1563858187581,0.7615094886607906,76.15094886607906
Fe-Ta-S,Ta9_FeS3_2_615821_POSCAR,mp-615821,Ta9(FeS3)2,,,,,,,,,,17,299.6428784285069,17.62605167226511,233.5781929093791,0.7795219233455253,77.95219233455254
Fe-Y-O,Y_FeO2_2_557783_POSCAR,mp-557783,Y(FeO2)2,,,,,,,,,,21,273.67939082454376,13.032351944025894,158.44836176680556,0.5789561329021922,57.89561329021922
Fe-Y-O,Y_FeO2_3_1045059_POSCAR,mp-1045059,Y(FeO2)3,,,,,,,,,,40,515.2418829183557,12.881047072958893,259.43489950435145,0.5035205950938989,50.35205950938989
Fe-Y-O,Y2Fe2O7_1379819_POSCAR,mp-1379819,Y2Fe2O7,,,,,,,,,,22,248.1317823546938,11.27871737975881,170.3196277794216,0.6864079488856327,68.64079488856328
Fe-Y-O,Y3Fe5O12_4704_POSCAR,mp-4704,Y3Fe5O12,,,,,,,,,,80,990.6826701404029,12.383533376755036,595.2571133483359,0.600855482072755,60.085548207275494
Fe-Y-O,Y6Fe16O_504492_POSCAR,mp-504492,Y6Fe16O,,,,,,,,,,23,423.45073443992897,18.410901497388217,327.73506739204856,0.7739626849992896,77.39626849992895
Fe-Y-O,YFeO3_1275986_POSCAR,mp-1275986,YFeO3,,,,,,,,,,20,252.68252202526202,12.634126101263101,167.9111069219911,0.6645141325018282,66.45141325018282
Fe-Y-O,YFeO3_1376289_POSCAR,mp-1376289,YFeO3,,,,,,,,,,30,376.5719108421803,12.552397028072676,251.86666038298665,0.6688408060487095,66.88408060487096
Fe-Y-O,YFeO3_20783_POSCAR,mp-20783,YFeO3,,,,,,,,,,20,226.55587763986915,11.327793881993458,167.9111069219911,0.7411465492363029,74.11465492363028
Fe-Zn-O,Zn_Fe2O3_2_1043611_POSCAR,mp-1043611,Zn(Fe2O3)2,,,,,,,,,,22,231.73006557468855,10.53318479884948,106.73620521392237,0.4606057696881823,46.06057696881823
Fe-Zn-O,Zn_Fe2O3_4_1100888_POSCAR,mp-1100888,Zn(Fe2O3)4,,,,,,,,,,126,1425.9320466441543,11.316921005112336,594.7799933888508,0.4171166464689744,41.71166464689744
Fe-Zn-O,Zn_FeO2_2_1042141_POSCAR,mp-1042141,Zn(FeO2)2,,,,,,,,,,28,289.2263445129309,10.329512304033246,126.7656595603454,0.43829223016950275,43.82922301695027
Fe-Zn-O,Zn_FeO2_2_1100838_POSCAR,mp-1100838,Zn(FeO2)2,,,,,,,,,,70,784.254473619439,11.203635337420556,316.9141489008629,0.4040960677447741,40.40960677447741
Fe-Zn-O,Zn_FeO2_2_1340255_POSCAR,mp-1340255,Zn(FeO2)2,,,,,,,,,,28,293.35172248148723,10.476847231481687,126.7656595603454,0.4321285673321564,43.21285673321564
Fe-Zn-O,Zn_FeO2_2_1353844_POSCAR,mp-1353844,Zn(FeO2)2,,,,,,,,,,42,468.6185251550379,11.157583932262806,190.14848934051778,0.4057639191229348,40.57639191229348
Fe-Zn-O,Zn_FeO2_2_1371352_POSCAR,mp-1371352,Zn(FeO2)2,,,,,,,,,,28,275.2349765775327,9.82982059205474,126.7656595603454,0.46057249386193466,46.05724938619347
Fe-Zn-O,Zn_FeO2_2_1376718_POSCAR,mp-1376718,Zn(FeO2)2,,,,,,,,,,28,305.13879771407227,10.89781420407401,126.7656595603454,0.41543605896727065,41.543605896727065
Fe-Zn-O,Zn_FeO2_2_1378434_POSCAR,mp-1378434,Zn(FeO2)2,,,,,,,,,,28,274.28329025862814,9.795831794951004,126.7656595603454,0.46217055162498266,46.21705516249827
Fe-Zn-O,Zn_FeO2_2_1810050_POSCAR,mp-1810050,Zn(FeO2)2,,,,,,,,,,28,305.13737118852976,10.897763256733205,126.7656595603454,0.41543800114219037,41.54380011421904
Fe-Zn-O,Zn_FeO2_2_34140_POSCAR,mp-34140,Zn(FeO2)2,,,,,,,,,,42,473.11012484383764,11.264526781996134,190.14848934051778,0.40191168896096074,40.19116889609607
Fe-Zn-O,Zn_FeO2_2_34425_POSCAR,mp-34425,Zn(FeO2)2,,,,,,,,,,42,473.32199834576414,11.269571389184861,190.14848934051778,0.4017317809125223,40.17317809125223
Fe-Zn-O,Zn_FeO2_2_530392_POSCAR,mp-530392,Zn(FeO2)2,,,,,,,,,,56,626.1885899638427,11.181939106497191,253.53131912069037,0.4048801322542938,40.488013225429384
Fe-Zn-O,Zn_FeO2_2_530413_POSCAR,mp-530413,Zn(FeO2)2,,,,,,,,,,84,939.0457500603219,11.17911607214669,380.2969786810354,0.40498237562611417,40.498237562611415
Fe-Zn-O,Zn_FeO2_2_530636_POSCAR,mp-530636,Zn(FeO2)2,,,,,,,,,,56,623.5033996476053,11.133989279421524,253.53131912069037,0.40662379589908,40.662379589908
Fe-Zn-O,Zn_FeO2_2_531053_POSCAR,mp-531053,Zn(FeO2)2,,,,,,,,,,84,926.3976288513539,11.028543200611356,380.2969786810354,0.41051160628786143,41.05116062878614
Fe-Zn-O,Zn_FeO2_2_531960_POSCAR,mp-531960,Zn(FeO2)2,,,,,,,,,,70,780.2623785050399,11.146605407214857,316.9141489008629,0.4061635645025731,40.616356450257314
Fe-Zn-O,Zn_FeO2_2_532403_POSCAR,mp-532403,Zn(FeO2)2,,,,,,,,,,70,758.1463259223048,10.830661798890068,316.9141489008629,0.4180118508327909,41.801185083279094
Fe-Zn-O,Zn_FeO2_2_677654_POSCAR,mp-677654,Zn(FeO2)2,,,,,,,,,,77,939.2204156962463,12.197667736314887,348.60556379094913,0.37116480643420324,37.116480643420324
Fe-Zn-O,Zn_FeO2_2_743547_POSCAR,mp-743547,Zn(FeO2)2,,,,,,,,,,70,767.9384330657211,10.970549043796016,316.9141489008629,0.41268171412608673,41.26817141260867
Fe-Zn-O,Zn11Fe25O48_1101180_POSCAR,mp-1101180,Zn11Fe25O48,,,,,,,,,,84,940.75572984578,11.199472974354524,382.32485579497654,0.4064018359554949,40.64018359554949
Fe-Zn-O,Zn2Fe7O12_757326_POSCAR,mp-757326,Zn2Fe7O12,,,,,,,,,,42,472.4997370142605,11.249993738434775,194.20424356840016,0.4110145008663547,41.101450086635474
Fe-Zn-O,Zn2Fe9O13_1045954_POSCAR,mp-1045954,Zn2Fe9O13,,,,,,,,,,24,257.41988234408575,10.725828431003572,117.5745490723598,0.45674229978553593,45.67422997855359
Fe-Zn-O,Zn9Fe15O32_766377_POSCAR,mp-766377,Zn9Fe15O32,,,,,,,,,,56,620.3597121739427,11.07785200310612,251.5034420067492,0.4054154985748496,40.54154985748496
Fe-Zn-O,Zn9Fe21O40_776633_POSCAR,mp-776633,Zn9Fe21O40,,,,,,,,,,70,784.0500504979822,11.200715007114031,318.9420260148041,0.4067878393888643,40.67878393888643
Fe-Zn-O,ZnFe5O7_1046059_POSCAR,mp-1046059,ZnFe5O7,,,,,,,,,,26,279.0132513682416,10.731278898778523,128.41289293079723,0.46023940548012876,46.023940548012874
Fe-Zr-O,Zr6Fe2O_1215351_POSCAR,mp-1215351,Zr6Fe2O,,,,,,,,,,9,174.56378066030337,19.395975628922596,155.16821231082193,0.8888912220157243,88.88912220157243
Fe-Zr-S,Zr6FeS2_1207526_POSCAR,mp-1207526,Zr6FeS2,,,,,,,,,,36,689.6144931129033,19.155958142025092,616.1118598960651,0.8934148949146223,89.34148949146223
Hf-Re-O,Hf9Re4O3_1212448_POSCAR,mp-1212448,Hf9Re4O3,,,,,,,,,,32,520.0203474441802,16.25063585763063,526.6873130351552,1.0128205860092632,101.28205860092632
Hf-Re-S,Hf9Re4S_1192774_POSCAR,mp-1192774,Hf9Re4S,,,,,,,,,,28,543.1420396687929,19.397929988171175,529.159846984495,0.974256839531655,97.4256839531655
Hf-Re-S,Hf9Re4S_1399219_POSCAR,mp-1399219,Hf9Re4S,,,,,,,,,,84,1881.389591375447,22.397495135421988,1587.479540953484,0.8437803356788579,84.3780335678858
Hf-W-O,Hf9W4O3_1212452_POSCAR,mp-1212452,Hf9W4O3,,,,,,,,,,32,553.3564553667885,17.29238923021214,553.7829883744799,1.0007708105752715,100.07708105752715
Hf-W-S,Hf9W4S_1193767_POSCAR,mp-1193767,Hf9W4S,,,,,,,,,,28,563.1440477398529,20.11228741928046,556.2555223238197,0.9877677382124878,98.77677382124878
Mn-Ag-O,Mn3_AgO2_4_31239_POSCAR,mp-31239,Mn3(AgO2)4,,,,,,,,,,60,747.3269130663098,12.455448551105162,377.8510770598175,0.5056034654358702,50.56034654358702
Mn-Ag-O,Mn3_AgO2_4_704268_POSCAR,mp-704268,Mn3(AgO2)4,,,,,,,,,,180,2242.4638401630177,12.458132445350099,1133.5532311794586,0.5054945417077735,50.54945417077735
Mn-Ag-O,Mn3_AgO2_4_705778_POSCAR,mp-705778,Mn3(AgO2)4,,,,,,,,,,60,763.2531052961864,12.720885088269773,377.8510770598175,0.4950534422171652,49.50534422171652
Mn-Cd-O,Mn2Cd3O5_760391_POSCAR,mp-760391,Mn2Cd3O5,,,,,,,,,,20,256.286858790631,12.814342939531551,132.08654571619886,0.5153855579622387,51.538555796223875
Mn-Cd-O,Mn2CdO3_1221887_POSCAR,mp-1221887,Mn2CdO3,,,,,,,,,,12,146.24861527519775,12.187384606266479,77.23886187794228,0.5281339705856428,52.813397058564284
Mn-Cd-O,Mn4CdO5_1221716_POSCAR,mp-1221716,Mn4CdO5,,,,,,,,,,10,120.01133753850095,12.001133753850095,63.526940918378095,0.5293411624380735,52.93411624380735
Mn-Cd-O,Mn7CdO12_1105241_POSCAR,mp-1105241,Mn7CdO12,,,,,,,,,,20,211.5352704376892,10.57676352188446,105.7052476023497,0.4997050722729793,49.97050722729793
Mn-Cd-O,Mn7CdO12_1105404_POSCAR,mp-1105404,Mn7CdO12,,,,,,,,,,20,212.40731754502858,10.620365877251428,105.7052476023497,0.49765351224277415,49.76535122427742
Mn-Cd-O,Mn9CdO10_756679_POSCAR,mp-756679,Mn9CdO10,,,,,,,,,,20,234.99311803679169,11.749655901839585,125.7957158668956,0.5353165953021671,53.531659530216714
Mn-Cd-O,MnCd4O5_1176452_POSCAR,mp-1176452,MnCd4O5,,,,,,,,,,40,508.04834215589557,12.70120855389739,269.20575531184016,0.5298821646961184,52.988216469611835
Mn-Cd-O,MnCd4O5_1221762_POSCAR,mp-1221762,MnCd4O5,,,,,,,,,,40,507.5632517644397,12.689081294110993,269.20575531184016,0.5303885858087667,53.03885858087667
Mn-Cd-O,MnCd4O5_753688_POSCAR,mp-753688,MnCd4O5,,,,,,,,,,40,530.3079830388846,13.257699575972115,269.20575531184016,0.5076403975085941,50.76403975085941
Mn-Cd-O,MnCd6O8_752683_POSCAR,mp-752683,MnCd6O8,,,,,,,,,,60,833.5962926257212,13.893271543762019,383.71816470321454,0.4603165442285637,46.03165442285637
Mn-Cd-O,MnCd9O10_757244_POSCAR,mp-757244,MnCd9O10,,,,,,,,,,80,1077.2211405821004,13.465264257276255,543.444174503125,0.5044871048570982,50.448710485709825
Mn-Cd-O,MnCdO2_1221645_POSCAR,mp-1221645,MnCdO2,,,,,,,,,,16,192.05846968074508,12.003654355046567,104.66270379707059,0.5449522948456753,54.49522948456753
Mn-Co-O,Mn_CoO2_2_1222025_POSCAR,mp-1222025,Mn(CoO2)2,,,,,,,,,,14,155.8781559708725,11.134153997919466,65.6496941304577,0.4211603205180657,42.11603205180657
Mn-Co-O,Mn_CoO2_2_767807_POSCAR,mp-767807,Mn(CoO2)2,,,,,,,,,,28,286.2682632359564,10.2238665441413,131.29938826091544,0.4586585560575816,45.86585560575816
Mn-Co-O,Mn2CoO4_1221996_POSCAR,mp-1221996,Mn2CoO4,,,,,,,,,,14,151.76461263715785,10.840329474082704,71.39037246305462,0.47040196803807144,47.04019680380714
Mn-Co-O,Mn2CoO4_766445_POSCAR,mp-766445,Mn2CoO4,,,,,,,,,,28,314.2242335093878,11.222294053906706,142.78074492610907,0.45439125853367174,45.43912585336717
Mn-Co-O,Mn3_CoO4_2_504423_POSCAR,mp-504423,Mn3(CoO4)2,,,,,,,,,,26,255.4384001367044,9.824553851411707,120.28175580413279,0.47088360927629097,47.0883609276291
Mn-Co-O,Mn3CoO8_758012_POSCAR,mp-758012,Mn3CoO8,,,,,,,,,,48,560.0879325893931,11.668498595612355,207.04689002950605,0.36966854306660185,36.96685430666019
Mn-Co-O,Mn3CoO8_773167_POSCAR,mp-773167,Mn3CoO8,,,,,,,,,,24,249.00559088701033,10.37523295362543,103.52344501475324,0.4157474723598813,41.57474723598813
Mn-Co-O,Mn5Co3O16_756965_POSCAR,mp-756965,Mn5Co3O16,,,,,,,,,,24,245.5384447985006,10.230768533270858,100.6531058484548,0.4099280906134885,40.99280906134885
Mn-Co-O,MnCo3O8_757029_POSCAR,mp-757029,MnCo3O8,,,,,,,,,,24,238.7595376491352,9.948314068713968,92.04208834955949,0.3855012003114962,38.55012003114962
Mn-Co-O,MnCo3O8_867992_POSCAR,mp-867992,MnCo3O8,,,,,,,,,,48,520.5217261501101,10.844202628127293,184.08417669911847,0.3536532049500496,35.36532049500496
Mn-Co-O,MnCo9O10_1176471_POSCAR,mp-1176471,MnCo9O10,,,,,,,,,,20,202.14742008847372,10.107371004423687,98.70449740034897,0.4882797779815792,48.82797779815792
Mn-Cu-O,Mn11Cu7O24_760128_POSCAR,mp-760128,Mn11Cu7O24,,,,,,,,,,42,458.0831878334763,10.906742567463722,220.0852744680917,0.48044826859722634,48.04482685972263
Mn-Cu-O,Mn11Cu7O24_765492_POSCAR,mp-765492,Mn11Cu7O24,,,,,,,,,,42,461.31118745357423,10.983599701275576,220.0852744680917,0.47708635830610724,47.708635830610724
Mn-Cu-O,Mn13Cu11O32_759736_POSCAR,mp-759736,Mn13Cu11O32,,,,,,,,,,56,607.2061933620523,10.842967738608078,290.75468073867887,0.4788401105212603,47.88401105212603
Mn-Cu-O,Mn2CuO4_34237_POSCAR,mp-34237,Mn2CuO4,,,,,,,,,,42,467.0691844849328,11.120694868688876,221.7006855993578,0.4746634823357944,47.46634823357944
Mn-Cu-O,Mn2CuO4_530196_POSCAR,mp-530196,Mn2CuO4,,,,,,,,,,56,576.0939712918414,10.287392344497167,295.600914132477,0.5131123199738009,51.31123199738009
Mn-Cu-O,Mn2CuO4_685330_POSCAR,mp-685330,Mn2CuO4,,,,,,,,,,42,470.03950743250044,11.191416843630963,221.7006855993578,0.47166393908110993,47.16639390811099
Mn-Cu-O,Mn2CuO4_698748_POSCAR,mp-698748,Mn2CuO4,,,,,,,,,,84,942.8316234461885,11.224185993407005,443.40137119871514,0.4702869103796262,47.02869103796262
Mn-Cu-O,Mn2CuO4_705869_POSCAR,mp-705869,Mn2CuO4,,,,,,,,,,70,770.67351114968,11.009621587852573,369.50114266559603,0.47945224186358676,47.94522418635868
Mn-Cu-O,Mn3Cu3O8_21784_POSCAR,mp-21784,Mn3Cu3O8,,,,,,,,,,56,604.3052793229464,10.791165702195471,289.1392696074128,0.47846556947402424,47.846556947402426
Mn-Cu-O,Mn8Cu7O20_532104_POSCAR,mp-532104,Mn8Cu7O20,,,,,,,,,,70,733.4782898971366,10.478261284244809,363.0394981405318,0.4949560241127855,49.49560241127855
Mn-Cu-O,Mn9_Cu3O10_2_685488_POSCAR,mp-685488,Mn9(Cu3O10)2,,,,,,,,,,70,769.1685816298628,10.988122594712326,366.2703204030639,0.47618991356477364,47.618991356477366
Mn-Fe-O,Mn_FeO2_2_1192567_POSCAR,mp-1192567,Mn(FeO2)2,,,,,,,,,,14,147.6825880071918,10.548756286227986,70.66940627058719,0.4785222633500013,47.85222633500013
Mn-Fe-O,Mn_FeO2_2_697842_POSCAR,mp-697842,Mn(FeO2)2,,,,,,,,,,70,807.1543693274918,11.530776704678456,353.34703135293546,0.4377688392461266,43.77688392461266
Mn-Fe-O,Mn13Fe11O32_1333722_POSCAR,mp-1333722,Mn13Fe11O32,,,,,,,,,,56,657.6376534123422,11.743529525220396,290.75468073867887,0.4421198804995647,44.21198804995647
Mn-Fe-O,Mn13Fe11O32_758522_POSCAR,mp-758522,Mn13Fe11O32,,,,,,,,,,56,627.2262531637033,11.200468806494701,290.75468073867887,0.46355629929730185,46.355629929730185
Mn-Fe-O,Mn13Fe11O32_762538_POSCAR,mp-762538,Mn13Fe11O32,,,,,,,,,,56,656.1718492192764,11.71735445034422,290.75468073867887,0.4431075199044631,44.31075199044631
Mn-Fe-O,Mn13Fe3O32_771188_POSCAR,mp-771188,Mn13Fe3O32,,,,,,,,,,48,571.996495932171,11.916593665253563,213.68201330090162,0.37357224182408394,37.357224182408395
Mn-Fe-O,Mn17Fe13O40_532236_POSCAR,mp-532236,Mn17Fe13O40,,,,,,,,,,70,826.802654686809,11.811466495525842,364.65490927179786,0.44104225742952935,44.104225742952934
Mn-Fe-O,Mn19Fe17O48_706492_POSCAR,mp-706492,Mn19Fe17O48,,,,,,,,,,84,983.1807076208814,11.704532233581922,435.3243155423848,0.44277141746992826,44.277141746992825
Mn-Fe-O,Mn23FeO32_757698_POSCAR,mp-757698,Mn23FeO32,,,,,,,,,,56,665.055402839867,11.875989336426198,306.9087920513394,0.4614785335790097,46.14785335790097
Mn-Fe-O,Mn2FeO3_761563_POSCAR,mp-761563,Mn2FeO3,,,,,,,,,,12,135.43925067444977,11.286604222870814,71.49170767568882,0.5278507324847118,52.78507324847118
Mn-Fe-O,Mn2FeO4_1307341_POSCAR,mp-1307341,Mn2FeO4,,,,,,,,,,14,162.61281099928064,11.615200785662903,73.90022853311936,0.4544551445792686,45.44551445792686
Mn-Fe-O,Mn2FeO4_1307551_POSCAR,mp-1307551,Mn2FeO4,,,,,,,,,,14,161.91748250498992,11.565534464642138,73.90022853311936,0.45640672884623146,45.64067288462314
Mn-Fe-O,Mn2FeO4_38856_POSCAR,mp-38856,Mn2FeO4,,,,,,,,,,14,162.57214531246038,11.61229609374717,73.90022853311936,0.4545688216827342,45.456882168273424
Mn-Fe-O,Mn2FeO6_752751_POSCAR,mp-752751,Mn2FeO6,,,,,,,,,,36,431.7149287588057,11.992081354411269,157.4345404959606,0.36467244936048415,36.46724493604842
Mn-Fe-O,Mn3Fe5O12_1354810_POSCAR,mp-1354810,Mn3Fe5O12,,,,,,,,,,40,439.5701141796256,10.98925285449064,192.74005195231706,0.4384739674853234,43.84739674853234
Mn-Fe-O,Mn3Fe5O12_757662_POSCAR,mp-757662,Mn3Fe5O12,,,,,,,,,,40,439.5700928182866,10.989252320457165,192.74005195231706,0.43847398879339516,43.847398879339515
Mn-Fe-O,Mn3FeO8_771261_POSCAR,mp-771261,Mn3FeO8,,,,,,,,,,48,573.2355578099755,11.94240745437449,212.06660216963556,0.36994669866577695,36.994669866577695
Mn-Fe-O,Mn4FeO5_1221857_POSCAR,mp-1221857,Mn4FeO5,,,,,,,,,,10,111.1143499381264,11.11143499381264,60.65336381725135,0.5458643627130605,54.58643627130605
Mn-Fe-O,Mn5_FeO3_4_1222437_POSCAR,mp-1222437,Mn5(FeO3)4,,,,,,,,,,42,493.3610188449575,11.74669092487994,218.46986333682565,0.44281946686485474,44.281946686485476
Mn-Fe-O,Mn5_FeO3_4_758400_POSCAR,mp-758400,Mn5(FeO3)4,,,,,,,,,,42,487.4846349170333,11.606777021834127,218.46986333682565,0.44815743448818196,44.815743448818196
Mn-Fe-O,Mn5FeO12_776272_POSCAR,mp-776272,Mn5FeO12,,,,,,,,,,36,427.6364588528194,11.878790523689426,160.66536275849273,0.37570548402139237,37.57054840213924
Mn-Fe-O,Mn7Fe3O20_777317_POSCAR,mp-777317,Mn7Fe3O20,,,,,,,,,,60,719.4161212529216,11.990268687548694,263.4678415807784,0.3662245448738732,36.622454487387316
Mn-Fe-O,Mn7Fe3O20_805897_POSCAR,mp-805897,Mn7Fe3O20,,,,,,,,,,60,719.4159204959915,11.990265341599859,263.4678415807784,0.3662246470708267,36.62246470708267
Mn-Fe-O,Mn9_FeO6_4_769622_POSCAR,mp-769622,Mn9(FeO6)4,,,,,,,,,,37,434.82255684491093,11.751960995808403,168.6840350569488,0.3879376366325763,38.79376366325763
Mn-Fe-O,Mn9FeO10_753618_POSCAR,mp-753618,Mn9FeO10,,,,,,,,,,20,229.76303783305625,11.488151891652812,122.92213876576886,0.5349952713242022,53.49952713242022
Mn-Fe-O,MnFe2O3_761716_POSCAR,mp-761716,MnFe2O3,,,,,,,,,,12,120.57831508660686,10.048192923883905,68.26088541315664,0.5661124503533443,56.611245035334434
Mn-Fe-O,MnFe4O5_1221795_POSCAR,mp-1221795,MnFe4O5,,,,,,,,,,10,108.49332888375051,10.84933288837505,55.80713042345313,0.5143830592869899,51.43830592869899
Mn-Fe-O,MnFeO3_674482_POSCAR,mp-674482,MnFeO3,,,,,,,,,,40,435.42851573630713,10.885712893407678,195.9708742148492,0.45006440123349195,45.00644012334919
Mn-Fe-O,MnFeO3_759744_POSCAR,mp-759744,MnFeO3,,,,,,,,,,40,438.4171176199702,10.960427940499255,195.9708742148492,0.44699640214486597,44.6996402144866
Mn-Hf-O,HfMnO3_754657_POSCAR,mp-754657,HfMnO3,,,,,,,,,,20,239.86518852023724,11.993259426011862,149.24629340364424,0.6222090596987668,62.22090596987668
Mn-Nb-O,Mn27Nb13O60_706836_POSCAR,mp-706836,Mn27Nb13O60,,,,,,,,,,100,1190.3139343382481,11.903139343382481,616.1867261433976,0.517667405520179,51.7667405520179
Mn-Nb-O,Mn3Nb6O11_31908_POSCAR,mp-31908,Mn3Nb6O11,,,,,,,,,,40,497.0086131503288,12.42521532875822,315.7089250504006,0.6352182169424677,63.521821694246775
Mn-Nb-O,Mn4Nb2O9_1222064_POSCAR,mp-1222064,Mn4Nb2O9,,,,,,,,,,30,365.8920496948287,12.19640165649429,185.57872028902563,0.5071952791644614,50.71952791644614
Mn-Nb-O,Mn4Nb2O9_31901_POSCAR,mp-31901,Mn4Nb2O9,,,,,,,,,,30,348.8992462499307,11.62997487499769,185.57872028902563,0.5318977392002964,53.18977392002964
Mn-Nb-O,MnNb3O6_29876_POSCAR,mp-29876,MnNb3O6,,,,,,,,,,40,489.89683352557205,12.247420838139302,295.6184567858547,0.6034300214974215,60.343002149742155
Mn-Nb-O,MnNb4O12_775807_POSCAR,mp-775807,MnNb4O12,,,,,,,,,,68,897.8569305456708,13.203778390377511,398.426783159266,0.44375308537978636,44.37530853797863
Mn-Nb-S,Mn_NbS2_2_1193946_POSCAR,mp-1193946,Mn(NbS2)2,,,,,,,,,,28,480.969459348003,17.177480691000106,270.39490258549665,0.562187260189121,56.2187260189121
Mn-Nb-S,Mn_NbS2_2_1211179_POSCAR,mp-1211179,Mn(NbS2)2,,,,,,,,,,28,512.875679375353,18.31698854911975,270.39490258549665,0.5272133451810757,52.72133451810757
Mn-Nb-S,Mn_NbS2_3_10199_POSCAR,mp-10199,Mn(NbS2)3,,,,,,,,,,20,371.4609332042216,18.57304666021108,191.54668237813422,0.5156576782539493,51.56576782539493
Mn-Nb-S,Mn_NbS2_4_3669_POSCAR,mp-3669,Mn(NbS2)4,,,,,,,,,,26,490.63425865122895,18.870548409662653,247.89591346352017,0.5052560213487637,50.525602134876365
Mn-Ni-O,Mn_Ni3O4_2_19442_POSCAR,mp-19442,Mn(Ni3O4)2,,,,,,,,,,15,144.6642071580719,9.644280477204793,68.80226560317425,0.4755997834902955,47.55997834902955
Mn-Ni-O,Mn_Ni9O10_2_758680_POSCAR,mp-758680,Mn(Ni9O10)2,,,,,,,,,,78,743.4339449736812,9.531204422739503,358.1815319453699,0.4817933514699146,48.179335146991455
Mn-Ni-O,Mn15NiO32_851082_POSCAR,mp-851082,Mn15NiO32,,,,,,,,,,48,558.5752748659729,11.636984893041102,215.26520006912222,0.38538261494079545,38.53826149407954
Mn-Ni-O,Mn2NiO3_1221867_POSCAR,mp-1221867,Mn2NiO3,,,,,,,,,,6,64.60187457222007,10.766979095370012,34.09821834353289,0.5278208808850219,52.782088088502185
Mn-Ni-O,Mn2NiO3_1221937_POSCAR,mp-1221937,Mn2NiO3,,,,,,,,,,6,64.18701007568697,10.697835012614496,34.09821834353289,0.5312323833642589,53.12323833642589
Mn-Ni-O,Mn2NiO4_1180531_POSCAR,mp-1180531,Mn2NiO4,,,,,,,,,,14,158.01464682753615,11.286760487681153,70.60495754449633,0.4468253985439562,44.68253985439562
Mn-Ni-O,Mn2NiO4_1422345_POSCAR,mp-1422345,Mn2NiO4,,,,,,,,,,14,157.83598036068204,11.273998597191575,70.60495754449633,0.44733119395940013,44.733119395940015
Mn-Ni-O,Mn2NiO4_29399_POSCAR,mp-29399,Mn2NiO4,,,,,,,,,,14,154.38170675976158,11.0272647685544,70.60495754449633,0.45734017991112774,45.73401799111277
Mn-Ni-O,Mn2NiO4_622693_POSCAR,mp-622693,Mn2NiO4,,,,,,,,,,14,157.83520078666808,11.273942913333434,70.60495754449633,0.44733340340173433,44.733340340173434
Mn-Ni-O,Mn2NiO4_690543_POSCAR,mp-690543,Mn2NiO4,,,,,,,,,,28,308.21616912251557,11.007720325804128,141.2099150889926,0.4581521971771112,45.815219717711116
Mn-Ni-O,Mn3_Ni17O20_2_758834_POSCAR,mp-758834,Mn3(Ni17O20)2,,,,,,,,,,77,748.715680174813,9.723580262010557,353.45813063553686,0.4720859199222462,47.20859199222462
Mn-Ni-O,Mn3NiO4_1221811_POSCAR,mp-1221811,Mn3NiO4,,,,,,,,,,8,88.14295063202485,11.017868829003106,46.55197333323637,0.5281417628912766,52.81417628912766
Mn-Ni-O,Mn3NiO4_776651_POSCAR,mp-776651,Mn3NiO4,,,,,,,,,,8,87.20233470305406,10.900291837881758,46.55197333323637,0.5338386121398879,53.383861213988794
Mn-Ni-O,Mn3NiO8_775810_POSCAR,mp-775810,Mn3NiO8,,,,,,,,,,48,539.7448330152235,11.24468402115049,205.4760601923895,0.3806911111024828,38.06911111024828
Mn-Ni-O,MnNi3O4_1221715_POSCAR,mp-1221715,MnNi3O4,,,,,,,,,,8,79.24538412993313,9.905673016241641,40.02588008208122,0.5050878422956924,50.50878422956924
Mn-Ni-O,MnNi3O4_759859_POSCAR,mp-759859,MnNi3O4,,,,,,,,,,8,79.07849109600991,9.884811387001239,40.02588008208122,0.5061538166362511,50.615381663625115
Mn-Ni-O,MnNi7O8_1221343_POSCAR,mp-1221343,MnNi7O8,,,,,,,,,,16,154.88218592123945,9.680136620077466,76.78871353858493,0.4957878989235951,49.57878989235951
Mn-Re-O,Mn3ReO6_1105243_POSCAR,mp-1105243,Mn3ReO6,,,,,,,,,,20,228.84481907963882,11.44224095398194,110.7916913592316,0.4841345843214204,48.41345843214204
Mn-Re-O,Mn3ReO6_1278885_POSCAR,mp-1278885,Mn3ReO6,,,,,,,,,,20,229.3807645325291,11.469038226626456,110.7916913592316,0.4830034095710756,48.300340957107565
Mn-Rh-O,Mn_RhO2_2_554354_POSCAR,mp-554354,Mn(RhO2)2,,,,,,,,,,14,159.98903622608668,11.427788301863334,80.10792346322827,0.5007088320103678,50.07088320103678
Mn-Ta-O,Ta2Mn3O8_31909_POSCAR,mp-31909,Ta2Mn3O8,,,,,,,,,,52,647.7800106483321,12.457307897083309,338.16647865967116,0.522039076693979,52.2039076693979
Mn-Ta-O,Ta2Mn4O9_17993_POSCAR,mp-17993,Ta2Mn4O9,,,,,,,,,,30,348.18073982128254,11.606024660709418,193.99074930924255,0.557155313670756,55.7155313670756
Mn-Ta-O,Ta2Mn4O9_690508_POSCAR,mp-690508,Ta2Mn4O9,,,,,,,,,,30,363.71425268484217,12.123808422828072,193.99074930924255,0.5333603175494341,53.33603175494341
Mn-Ta-O,Ta2Mn4O9_698762_POSCAR,mp-698762,Ta2Mn4O9,,,,,,,,,,90,1128.3532472093661,12.53725830232629,581.9722479277311,0.515771323711843,51.5771323711843
Mn-Ta-O,Ta4Mn11O21_29747_POSCAR,mp-29747,Ta4Mn11O21,,,,,,,,,,72,884.1051341266374,12.279237973981076,462.70402855670613,0.5233586037409318,52.33586037409318
Mn-Ta-O,Ta9Mn11O34_675520_POSCAR,mp-675520,Ta9Mn11O34,,,,,,,,,,54,618.2141914065494,11.448410951973138,349.905031232229,0.5659932044525403,56.59932044525403
Mn-Tc-O,Mn2TcO4_34263_POSCAR,mp-34263,Mn2TcO4,,,,,,,,,,14,174.23762924545,12.44554494610357,81.24363852903242,0.46628067014493085,46.628067014493084
Mn-W-O,Mn3WO6_19158_POSCAR,mp-19158,Mn3WO6,,,,,,,,,,20,234.69614316221765,11.734807158110883,117.56561019406274,0.5009268947074412,50.09268947074412
Mn-Y-O,Y2Mn2O7_18831_POSCAR,mp-18831,Y2Mn2O7,,,,,,,,,,22,242.67026463102852,11.03046657413766,176.78127230448587,0.7284834529408681,72.84834529408681
Mn-Y-O,Y2Mn3O9_1336972_POSCAR,mp-1336972,Y2Mn3O9,,,,,,,,,,28,381.0154150679455,13.60769339528377,204.09730314132332,0.5356667868803344,53.56667868803344
Mn-Y-O,Y2Mn3O9_1343591_POSCAR,mp-1343591,Y2Mn3O9,,,,,,,,,,28,332.754752422228,11.884098300793857,204.09730314132332,0.6133565385787398,61.335653857873986
Mn-Y-O,Y2Mn3O9_1350656_POSCAR,mp-1350656,Y2Mn3O9,,,,,,,,,,56,635.96344730739,11.356490130489107,408.1946062826469,0.6418523077244531,64.18523077244531
Mn-Y-O,YMn2O4_1385591_POSCAR,mp-1385591,YMn2O4,,,,,,,,,,14,185.09749624183794,13.221249731559853,112.09388570293477,0.6055937437234657,60.559374372346575
Mn-Y-O,YMn2O4_1385844_POSCAR,mp-1385844,YMn2O4,,,,,,,,,,14,162.65616774085282,11.618297695775201,112.09388570293477,0.6891462356442891,68.91462356442891
Mn-Y-O,YMn2O5_510598_POSCAR,mp-510598,YMn2O5,,,,,,,,,,32,349.1519296518882,10.910997801621507,229.00481312073026,0.6558887225657118,65.58887225657118
Mn-Y-O,YMn3O6_1045064_POSCAR,mp-1045064,YMn3O6,,,,,,,,,,40,528.9494593622248,13.223736484055621,278.81983307954414,0.5271199887711921,52.711998877119214
Mn-Y-O,YMnO3_19385_POSCAR,mp-19385,YMnO3,,,,,,,,,,30,373.2740109311682,12.442467031038941,261.559127170583,0.7007161482207089,70.0716148220709
Mn-Y-O,YMnO3_20699_POSCAR,mp-20699,YMnO3,,,,,,,,,,20,235.56508314016247,11.778254157008124,174.37275144705535,0.740231740301268,74.02317403012681
Mn-Y-S,Y6Mn11S20_1100884_POSCAR,mp-1100884,Y6Mn11S20,,,,,,,,,,37,766.9420196757402,20.728162693938923,393.1108774749662,0.5125692260820078,51.25692260820078
Mn-Y-S,Y6Mn11S20_1100893_POSCAR,mp-1100893,Y6Mn11S20,,,,,,,,,,37,729.750307308605,19.722981278610945,393.1108774749662,0.5386923082290982,53.86923082290982
Mn-Zn-O,Mn11ZnO16_861549_POSCAR,mp-861549,Mn11ZnO16,,,,,,,,,,28,312.7023009632835,11.167939320117268,150.61881334609555,0.48166838837486114,48.16683883748611
Mn-Zn-O,Mn2Zn3O7_1378139_POSCAR,mp-1378139,Mn2Zn3O7,,,,,,,,,,24,242.00333742606543,10.083472392752727,107.49486214065243,0.4441875194117653,44.41875194117653
Mn-Zn-O,Mn2ZnO4_1041069_POSCAR,mp-1041069,Mn2ZnO4,,,,,,,,,,42,478.49881558599145,11.392828942523606,209.5334229157106,0.43789747454046757,43.789747454046754
Mn-Zn-O,Mn2ZnO4_1041340_POSCAR,mp-1041340,Mn2ZnO4,,,,,,,,,,42,478.96986182182144,11.404044329090986,209.5334229157106,0.43746682122905217,43.74668212290522
Mn-Zn-O,Mn2ZnO4_1041477_POSCAR,mp-1041477,Mn2ZnO4,,,,,,,,,,28,290.36618165902985,10.370220773536781,139.6889486104738,0.4810785740004228,48.10785740004228
Mn-Zn-O,Mn2ZnO4_1047660_POSCAR,mp-1047660,Mn2ZnO4,,,,,,,,,,14,144.20910004335425,10.300650003096733,69.84447430523696,0.4843277871107946,48.43277871107946
Mn-Zn-O,Mn2ZnO4_1331108_POSCAR,mp-1331108,Mn2ZnO4,,,,,,,,,,42,474.35273412019603,11.294112717147524,209.5334229157106,0.4417249187028339,44.172491870283395
Mn-Zn-O,Mn2ZnO4_1332857_POSCAR,mp-1332857,Mn2ZnO4,,,,,,,,,,56,634.3792761376124,11.32820135960022,279.37789722094743,0.44039568713834143,44.03956871383414
Mn-Zn-O,Mn2ZnO4_1341462_POSCAR,mp-1341462,Mn2ZnO4,,,,,,,,,,28,287.56392883514553,10.270140315540912,139.6889486104738,0.4857665882376875,48.576658823768746
Mn-Zn-O,Mn2ZnO4_1367059_POSCAR,mp-1367059,Mn2ZnO4,,,,,,,,,,28,324.84229394576556,11.601510498063055,139.6889486104738,0.43002081691307026,43.002081691307026
Mn-Zn-O,Mn2ZnO4_1378586_POSCAR,mp-1378586,Mn2ZnO4,,,,,,,,,,28,328.07264677665387,11.716880242023352,139.6889486104738,0.42578663592631544,42.57866359263154
Mn-Zn-O,Mn2ZnO4_1388705_POSCAR,mp-1388705,Mn2ZnO4,,,,,,,,,,14,158.80219868351736,11.343014191679812,69.84447430523696,0.4398205748047137,43.98205748047137
Mn-Zn-O,Mn3ZnO7_1044337_POSCAR,mp-1044337,Mn3ZnO7,,,,,,,,,,44,542.0476313897931,12.319264349768025,199.13805199900972,0.3673810943300795,36.73810943300795
Mn-Zn-O,Mn4ZnO6_1042996_POSCAR,mp-1042996,Mn4ZnO6,,,,,,,,,,22,242.68588857623104,11.031176753465047,119.65949426405095,0.4930632554124144,49.30632554124144
Mn-Zn-O,Mn6Zn3O16_772816_POSCAR,mp-772816,Mn6Zn3O16,,,,,,,,,,50,571.1150013612896,11.422300027225793,219.16750634543266,0.38375372004418146,38.375372004418146
Mn-Zn-O,Mn9Zn2O13_1045310_POSCAR,mp-1045310,Mn9Zn2O13,,,,,,,,,,24,278.24799266107965,11.593666360878318,132.1132492537544,0.474803961711505,47.4803961711505
Mn-Zn-O,Mn9Zn2O13_1045871_POSCAR,mp-1045871,Mn9Zn2O13,,,,,,,,,,24,267.4857012440334,11.145237551834725,132.1132492537544,0.49390770661503286,49.39077066150329
Mn-Zn-O,Mn9Zn3O16_1221877_POSCAR,mp-1221877,Mn9Zn3O16,,,,,,,,,,28,306.24201426193054,10.937214795068948,143.33223685568103,0.46803583499515566,46.80358349951557
Mn-Zn-O,MnZn4O5_1176421_POSCAR,mp-1176421,MnZn4O5,,,,,,,,,,40,484.207712476546,12.10519281191365,190.7824878707533,0.39400960157154535,39.400960157154536
Mn-Zn-O,MnZn4O5_1221575_POSCAR,mp-1221575,MnZn4O5,,,,,,,,,,40,486.70325994423234,12.16758149860581,190.7824878707533,0.3919893363619829,39.19893363619829
Mn-Zn-O,MnZn4O5_773099_POSCAR,mp-773099,MnZn4O5,,,,,,,,,,40,508.47356030332827,12.711839007583206,190.7824878707533,0.37520630916766373,37.52063091676637
Mn-Zn-O,MnZnO2_1046085_POSCAR,mp-1046085,MnZnO2,,,,,,,,,,16,216.80568858561404,13.550355536600877,85.05688693679889,0.39231852029201214,39.231852029201214
Mn-Zn-O,MnZnO2_1371409_POSCAR,mp-1371409,MnZnO2,,,,,,,,,,16,208.5952311531744,13.0372019470734,85.05688693679889,0.40776045773712066,40.77604577371206
Mn-Zn-O,MnZnO2_1377379_POSCAR,mp-1377379,MnZnO2,,,,,,,,,,16,200.93997499107567,12.55874843694223,85.05688693679889,0.4232950011095429,42.329500110954285
Mn-Zn-O,MnZnO2_1412672_POSCAR,mp-1412672,MnZnO2,,,,,,,,,,16,209.20809816343976,13.075506135214985,85.05688693679889,0.4065659392895482,40.65659392895482
Mn-Zn-O,MnZnO2_1442837_POSCAR,mp-1442837,MnZnO2,,,,,,,,,,16,188.63978316171608,11.789986447607255,85.05688693679889,0.45089580528133766,45.089580528133766
Mn-Zr-O,Zr4MnO9_763464_POSCAR,mp-763464,Zr4MnO9,,,,,,,,,,56,689.7394353036311,12.316775630421985,447.54011373813535,0.6488538871800524,64.88538871800525
Mo-Hf-O,Hf9Mo4O3_1212453_POSCAR,mp-1212453,Hf9Mo4O3,,,,,,,,,,32,545.366895466164,17.042715483317625,533.7014589882307,0.9786099292514592,97.86099292514592
Mo-Hf-S,Hf8Mo5S_1224623_POSCAR,mp-1224623,Hf8Mo5S,,,,,,,,,,28,546.3286646774594,19.51173802419498,521.8725332670042,0.9552354965213228,95.52354965213227
Mo-Hf-S,Hf9Mo4S_1194092_POSCAR,mp-1194092,Hf9Mo4S,,,,,,,,,,28,557.0252663980094,19.893759514214622,536.1739929375705,0.962566736702496,96.2566736702496
Nb-Ag-O,Nb13AgO33_1210284_POSCAR,mp-1210284,Nb13AgO33,,,,,,,,,,47,680.2630371101633,14.473681640641772,292.70539195946736,0.43028266419253647,43.02826641925365
Nb-Ag-O,Nb14AgO36_1210596_POSCAR,mp-1210596,Nb14AgO36,,,,,,,,,,51,745.1200321214818,14.610196708264349,314.7946922666744,0.42247514319323975,42.247514319323976
Nb-Cd-O,Nb6CdO16_773090_POSCAR,mp-773090,Nb6CdO16,,,,,,,,,,92,1245.3255142364194,13.536146893874124,570.5397660666459,0.45814508700279594,45.814508700279596
Nb-Cd-S,Nb6CdS8_1220444_POSCAR,mp-1220444,Nb6CdS8,,,,,,,,,,15,276.09604976438754,18.406403317625838,162.15916074374334,0.5873287969245679,58.732879692456784
Nb-Ir-S,Nb15IrS32_1173016_POSCAR,mp-1173016,Nb15IrS32,,,,,,,,,,48,1008.4717473529416,21.00982806985295,444.0594343286777,0.44032907763083545,44.03290776308354
Nb-Ir-S,Nb15IrS32_675380_POSCAR,mp-675380,Nb15IrS32,,,,,,,,,,48,987.7431138349732,20.57798153822861,444.0594343286777,0.44956975969651636,44.95697596965164
Nb-Ir-S,Nb17Ir3S40_674499_POSCAR,mp-674499,Nb17Ir3S40,,,,,,,,,,60,1241.6485226461682,20.694142044102804,543.28906779063,0.43755463634168135,43.75546363416814
Nb-Ir-S,Nb9IrS20_1173506_POSCAR,mp-1173506,Nb9IrS20,,,,,,,,,,30,644.3213289185404,21.477377630618015,275.0117410725199,0.4268238978431968,42.68238978431968
Nb-Pt-O,Nb5Pt3O_17525_POSCAR,mp-17525,Nb5Pt3O,,,,,,,,,,18,285.74530943729764,15.874739413183201,250.39401578827042,0.876283905696851,87.6283905696851
Nb-Re-O,Nb4ReO4_795582_POSCAR,mp-795582,Nb4ReO4,,,,,,,,,,18,235.54473611462603,13.08581867303478,186.28983444693145,0.7908893975719115,79.08893975719114
Ni-Cu-O,Cu2Ni11O13_757285_POSCAR,mp-757285,Cu2Ni11O13,,,,,,,,,,26,242.29920332633407,9.319200127935925,122.77447972225997,0.5067060808982707,50.67060808982708
Ni-Cu-O,CuNi3O4_1225790_POSCAR,mp-1225790,CuNi3O4,,,,,,,,,,8,75.61057677792321,9.451322097240402,38.410468950815144,0.5080039141035919,50.80039141035919
Ni-Cu-O,CuNi3O4_761415_POSCAR,mp-761415,CuNi3O4,,,,,,,,,,16,152.52431626734563,9.532769766709102,76.82093790163034,0.5036635454702062,50.36635454702062
Ni-Cu-O,CuNi4O5_1225756_POSCAR,mp-1225756,CuNi4O5,,,,,,,,,,10,94.99237559041724,9.499237559041724,47.601177314941054,0.5011052415425963,50.11052415425963
Ni-Cu-O,CuNi4O5_772088_POSCAR,mp-772088,CuNi4O5,,,,,,,,,,20,187.2522456000889,9.362612280004445,95.2023546298822,0.5084176925344013,50.84176925344013
Ni-Cu-O,CuNi9O10_757221_POSCAR,mp-757221,CuNi9O10,,,,,,,,,,20,187.04009182263104,9.352004591131552,93.55471913557069,0.500185378567329,50.018537856732905
Ni-Hf-O,HfNiO3_1178219_POSCAR,mp-1178219,HfNiO3,,,,,,,,,,20,216.25322779441063,10.812661389720532,136.19410690133404,0.629789937890833,62.978993789083304
Ni-Nb-O,Nb2Ni4O9_646749_POSCAR,mp-646749,Nb2Ni4O9,,,,,,,,,,60,654.1531756640027,10.902552927733378,318.9486945688099,0.4875749387672984,48.75749387672984
Ni-Nb-O,Nb2Ni4O9_651075_POSCAR,mp-651075,Nb2Ni4O9,,,,,,,,,,120,1312.6676315801114,10.938896929834263,637.8973891376239,0.48595499255951097,48.5954992559511
Ni-Nb-O,Nb6Ni6O_541419_POSCAR,mp-541419,Nb6Ni6O,,,,,,,,,,26,346.63569098780533,13.332141961069436,319.9641243350938,0.9230559133229883,92.30559133229883
Ni-Nb-S,Nb2NiS4_1194246_POSCAR,mp-1194246,Nb2NiS4,,,,,,,,,,28,549.7206193654295,19.632879263051052,257.3427160831863,0.468133642831608,46.8133642831608
Ni-Nb-S,Nb2NiS4_1210488_POSCAR,mp-1210488,Nb2NiS4,,,,,,,,,,28,448.9853389465344,16.035190676661944,257.3427160831863,0.5731650763630635,57.31650763630635
Ni-Nb-S,Nb3NiS6_1173526_POSCAR,mp-1173526,Nb3NiS6,,,,,,,,,,20,351.23046346243416,17.561523173121707,185.0205891269791,0.5267783076190029,52.67783076190029
Ni-Nb-S,Nb4NiS8_1192540_POSCAR,mp-1192540,Nb4NiS8,,,,,,,,,,26,468.20996529548995,18.008075588288076,241.369820212365,0.5155161959443455,51.55161959443455
Ni-Rh-O,Ni_RhO2_2_19307_POSCAR,mp-19307,Ni(RhO2)2,,,,,,,,,,14,159.7077051026974,11.407693221621242,73.58183021207311,0.46072811681037895,46.0728116810379
Ni-Rh-O,Ni_RhO2_2_636519_POSCAR,mp-636519,Ni(RhO2)2,,,,,,,,,,14,159.29856803318575,11.378469145227553,73.58183021207311,0.46191143536672746,46.19114353667275
Ni-Ta-S,Ta2Ni3S8_562537_POSCAR,mp-562537,Ta2Ni3S8,,,,,,,,,,26,487.21374529543044,18.7389902036704,207.82156488997938,0.4265511121078146,42.65511121078146
Ni-Ta-S,Ta9_NiS3_2_3824_POSCAR,mp-3824,Ta9(NiS3)2,,,,,,,,,,17,302.11609405554145,17.771534944443616,230.28292192075608,0.7622332158127946,76.22332158127946
Ni-Y-O,Y_NiO2_2_1396217_POSCAR,mp-1396217,Y(NiO2)2,,,,,,,,,,14,151.27233139585775,10.805166528275553,99.04169920062448,0.6547244845552537,65.47244845552537
Ni-Y-O,Y_NiO2_3_1045129_POSCAR,mp-1045129,Y(NiO2)3,,,,,,,,,,40,484.9631603652468,12.124079009131169,239.66327357261326,0.49418861711498346,49.418861711498344
Ni-Y-O,Y2_NiO3_3_1349550_POSCAR,mp-1349550,Y2(NiO3)3,,,,,,,,,,56,618.7831586204566,11.049699261079581,369.0380467757157,0.596393165577528,59.6393165577528
Ni-Y-O,Y2Ni2O7_1346622_POSCAR,mp-1346622,Y2Ni2O7,,,,,,,,,,22,240.77914686143166,10.944506675519621,163.72908580217558,0.6799969512991157,67.99969512991157
Ni-Y-O,YNiO3_1346989_POSCAR,mp-1346989,YNiO3,,,,,,,,,,30,375.84041805121956,12.528013935040653,241.98084741711756,0.6438393418989343,64.38393418989344
Ni-Y-O,YNiO3_19242_POSCAR,mp-19242,YNiO3,,,,,,,,,,20,210.04992412781706,10.502496206390854,161.32056494474506,0.7680105842198743,76.80105842198743
Ni-Zn-O,Zn_Ni2O3_2_1043670_POSCAR,mp-1043670,Zn(Ni2O3)2,,,,,,,,,,22,211.73853281640422,9.62447876438201,93.55512125943036,0.4418426821751467,44.18426821751467
Ni-Zn-O,Zn_NiO2_2_1040979_POSCAR,mp-1040979,Zn(NiO2)2,,,,,,,,,,42,432.6244819183202,10.300582902817148,170.37686340877974,0.39382159477730855,39.38215947773085
Ni-Zn-O,Zn_NiO2_2_1041154_POSCAR,mp-1041154,Zn(NiO2)2,,,,,,,,,,42,436.35543361700155,10.389415086119085,170.37686340877974,0.3904543183901845,39.04543183901845
Ni-Zn-O,Zn_NiO2_2_1041962_POSCAR,mp-1041962,Zn(NiO2)2,,,,,,,,,,14,146.00891907073793,10.42920850505271,56.79228780292662,0.3889645109653341,38.896451096533404
Ni-Zn-O,Zn_NiO2_2_1047462_POSCAR,mp-1047462,Zn(NiO2)2,,,,,,,,,,14,136.95985795024382,9.782846996445986,56.79228780292662,0.4146637463917253,41.46637463917253
Ni-Zn-O,Zn_NiO2_2_1047707_POSCAR,mp-1047707,Zn(NiO2)2,,,,,,,,,,14,132.0242695410465,9.430304967217607,56.79228780292662,0.43016551426758576,43.016551426758575
Ni-Zn-O,Zn_NiO2_2_1048547_POSCAR,mp-1048547,Zn(NiO2)2,,,,,,,,,,14,137.44262880522842,9.817330628944887,56.79228780292662,0.4132072290570609,41.32072290570609
Ni-Zn-O,Zn_NiO2_2_1048912_POSCAR,mp-1048912,Zn(NiO2)2,,,,,,,,,,14,144.72378902934102,10.337413502095787,56.79228780292662,0.39241846958147747,39.24184695814775
Ni-Zn-O,Zn_NiO2_2_1333466_POSCAR,mp-1333466,Zn(NiO2)2,,,,,,,,,,42,431.6145740191376,10.276537476646133,170.37686340877974,0.3947430732522607,39.47430732522607
Ni-Zn-O,Zn_NiO2_2_1340027_POSCAR,mp-1340027,Zn(NiO2)2,,,,,,,,,,28,287.6718056694245,10.273993059622303,113.58457560585337,0.3948408337811808,39.48408337811808
Ni-Zn-O,Zn_NiO2_2_1376390_POSCAR,mp-1376390,Zn(NiO2)2,,,,,,,,,,28,259.78363361542847,9.277986914836731,113.58457560585337,0.43722760369884833,43.72276036988483
Ni-Zn-O,Zn_NiO2_2_1400858_POSCAR,mp-1400858,Zn(NiO2)2,,,,,,,,,,14,145.9945096354738,10.4281792596767,56.79228780292662,0.38900290116887526,38.900290116887525
Ni-Zn-O,Zn_NiO2_2_1656374_POSCAR,mp-1656374,Zn(NiO2)2,,,,,,,,,,56,581.0506643847937,10.37590472115703,227.16915121170626,0.39096272517342184,39.096272517342186
Ni-Zn-O,Zn_NiO2_2_2215220_POSCAR,mp-2215220,Zn(NiO2)2,,,,,,,,,,14,143.32237347241784,10.237312390886988,56.79228780292662,0.3962555630845467,39.62555630845467
Ni-Zn-O,Zn_NiO2_2_768586_POSCAR,mp-768586,Zn(NiO2)2,,,,,,,,,,14,136.98230353420976,9.784450252443554,56.79228780292662,0.41459580060823986,41.45958006082399
Ni-Zn-O,Zn_NiO2_4_1041362_POSCAR,mp-1041362,Zn(NiO2)4,,,,,,,,,,26,283.1813533254327,10.891590512516643,98.37216297429146,0.34738220514555535,34.738220514555536
Ni-Zn-O,Zn2Ni11O13_1101164_POSCAR,mp-1101164,Zn2Ni11O13,,,,,,,,,,26,248.07718132920246,9.541430051123172,118.7187254943776,0.4785556045835425,47.855560458354255
Ni-Zn-O,Zn2Ni2O5_1366467_POSCAR,mp-1366467,Zn2Ni2O5,,,,,,,,,,18,199.40793946288738,11.078218859049299,74.41322129191913,0.37317080499579847,37.317080499579845
Ni-Zn-O,Zn2Ni3O5_759178_POSCAR,mp-759178,Zn2Ni3O5,,,,,,,,,,10,97.03396995546646,9.703396995546646,45.19305858137018,0.4657447139606,46.574471396060005
Ni-Zn-O,Zn2Ni3O8_1042880_POSCAR,mp-1042880,Zn2Ni3O8,,,,,,,,,,26,263.4214231734447,10.131593198978642,97.61167973503207,0.3705533079242441,37.055330792424414
Ni-Zn-O,Zn2Ni9O13_1045893_POSCAR,mp-1045893,Zn2Ni9O13,,,,,,,,,,24,230.42567156964935,9.60106964873539,102.74582962355629,0.4458957585917242,44.58957585917242
Ni-Zn-O,Zn3Ni7O10_754030_POSCAR,mp-754030,Zn3Ni7O10,,,,,,,,,,20,192.23990955316756,9.611995477658379,90.76635878237012,0.47215148505501653,47.21514850550165
Ni-Zn-O,ZnNi3O7_1044386_POSCAR,mp-1044386,ZnNi3O7,,,,,,,,,,44,547.2201604081672,12.436821827458346,159.98149249207887,0.29235306749800655,29.235306749800653
Ni-Zn-O,ZnNi4O5_1215636_POSCAR,mp-1215636,ZnNi4O5,,,,,,,,,,10,95.68006576784029,9.568006576784029,45.57330020099987,0.4763092482772711,47.630924827727114
Ni-Zn-O,ZnNi4O5_1215686_POSCAR,mp-1215686,ZnNi4O5,,,,,,,,,,10,95.84879459199645,9.584879459199644,45.57330020099987,0.4754707703419081,47.547077034190806
Ni-Zn-O,ZnNi4O5_1215716_POSCAR,mp-1215716,ZnNi4O5,,,,,,,,,,10,95.77691931162525,9.577691931162525,45.57330020099987,0.47582758485601295,47.582758485601296
Ni-Zn-O,ZnNi4O5_1215738_POSCAR,mp-1215738,ZnNi4O5,,,,,,,,,,10,96.11857756132777,9.611857756132776,45.57330020099987,0.47413623211311207,47.413623211311204
Ni-Zn-O,ZnNi4O5_765902_POSCAR,mp-765902,ZnNi4O5,,,,,,,,,,20,191.63468286721815,9.581734143360908,91.14660040199982,0.4756268491604645,47.56268491604645
Ni-Zn-O,ZnNi9O10_753454_POSCAR,mp-753454,ZnNi9O10,,,,,,,,,,20,190.82250673082282,9.54112533654114,91.5268420216295,0.4796438511875262,47.964385118752624
Ni-Zn-O,ZnNi9O10_753807_POSCAR,mp-753807,ZnNi9O10,,,,,,,,,,20,190.78341208413332,9.539170604206666,91.5268420216295,0.47974213807051114,47.974213807051115
Ni-Zn-O,ZnNiO2_1046933_POSCAR,mp-1046933,ZnNiO2,,,,,,,,,,16,190.91236670226212,11.932022918891382,72.00470043448858,0.3771610067921043,37.71610067921043
Ni-Zn-O,ZnNiO2_1215685_POSCAR,mp-1215685,ZnNiO2,,,,,,,,,,16,156.17974450764652,9.761234031727907,72.00470043448858,0.4610373813933551,46.10373813933551
Ni-Zn-O,ZnNiO2_1395801_POSCAR,mp-1395801,ZnNiO2,,,,,,,,,,16,196.46565049051043,12.279103155656902,72.00470043448858,0.3665002012042126,36.65002012042126
Ni-Zn-O,ZnNiO2_1400332_POSCAR,mp-1400332,ZnNiO2,,,,,,,,,,16,182.73043560288824,11.420652225180515,72.00470043448858,0.39404875382101084,39.40487538210108
Ni-Zn-O,ZnNiO3_1378884_POSCAR,mp-1378884,ZnNiO3,,,,,,,,,,20,192.01812681303318,9.600906340651658,76.82174214934967,0.40007546904230823,40.00754690423082
Ni-Zr-O,Zr3NiO_18927_POSCAR,mp-18927,Zr3NiO,,,,,,,,,,10,161.7661872291168,16.17661872291168,153.07720175091416,0.9462867634637636,94.62867634637637
Ni-Zr-O,Zr4Ni2O_21602_POSCAR,mp-21602,Zr4Ni2O,,,,,,,,,,28,472.2710548224487,16.866823386516025,427.8973852585792,0.9060419453812348,90.60419453812348
Ni-Zr-O,Zr6Ni2O_1215349_POSCAR,mp-1215349,Zr6Ni2O,,,,,,,,,,9,161.73847056372983,17.97094117374776,151.8729413221989,0.9390031993801771,93.9003199380177
Ni-Zr-O,ZrNi4O_1206021_POSCAR,mp-1206021,ZrNi4O,,,,,,,,,,6,73.52056972898372,12.253428288163953,55.599349674134906,0.7562420949550422,75.62420949550422
Pd-Cd-O,CdPd3O4_13675_POSCAR,mp-13675,CdPd3O4,,,,,,,,,,16,191.5930708559616,11.9745669284976,102.14637185734928,0.5331423072922207,53.31423072922207
Pd-Ta-S,Ta20Pd9S50_1217846_POSCAR,mp-1217846,Ta20Pd9S50,,,,,,,,,,79,1537.7060491933437,19.464633534092957,755.2883896119965,0.49117865537968647,49.11786553796865
Rh-Ag-S,Ag2_RhS_15_1201221_POSCAR,mp-1201221,Ag2(RhS)15,,,,,,,,,,64,1050.4012194270363,16.41251905354744,556.3630318132153,0.5296671610079579,52.966716100795786
Rh-Pd-S,Pd2_RhS_15_1202732_POSCAR,mp-1202732,Pd2(RhS)15,,,,,,,,,,64,1020.97108506066,15.952673204072813,550.2808079049006,0.5389778574113157,53.897785741131564
Sc-Co-O,ScCoO3_1643785_POSCAR,mp-1643785,ScCoO3,,,,,,,,,,20,202.46357048414063,10.123178524207031,130.2858518278045,0.6435026879959624,64.35026879959625
Sc-Co-O,ScCoO3_754124_POSCAR,mp-754124,ScCoO3,,,,,,,,,,20,207.5436409696248,10.37718204848124,130.2858518278045,0.6277515958529059,62.77515958529059
Sc-Cr-O,ScCrO3_18961_POSCAR,mp-18961,ScCrO3,,,,,,,,,,20,207.88887214092208,10.394443607046103,141.76720849299815,0.6819374554925581,68.19374554925581
Sc-Cu-O,Sc13Cu13O33_686085_POSCAR,mp-686085,Sc13Cu13O33,,,,,,,,,,59,708.7712330258282,12.01307174620048,432.5175203234931,0.6102357152349773,61.023571523497736
Sc-Cu-O,Sc14Cu14O37_685833_POSCAR,mp-685833,Sc14Cu14O37,,,,,,,,,,65,777.6028022963807,11.963120035328933,467.5481717441918,0.6012686301585464,60.12686301585464
Sc-Cu-O,Sc2Cu2O5_15336_POSCAR,mp-15336,Sc2Cu2O5,,,,,,,,,,36,415.7907225286904,11.549742292463623,265.7940862210067,0.6392496797536562,63.92496797536562
Sc-Cu-O,Sc5Cu5O13_752959_POSCAR,mp-752959,Sc5Cu5O13,,,,,,,,,,23,274.8053973960554,11.948060756350236,166.72343410248678,0.6066963592501838,60.66963592501838
Sc-Fe-O,ScFeO3_756419_POSCAR,mp-756419,ScFeO3,,,,,,,,,,20,201.36983831239783,10.06849191561989,135.30556396793392,0.6719256721953851,67.19256721953852
Sc-Fe-O,ScFeO3_769734_POSCAR,mp-769734,ScFeO3,,,,,,,,,,20,212.22287513266605,10.611143756633302,135.30556396793392,0.6375635231751096,63.75635231751096
Sc-Fe-O,ScFeO3_771123_POSCAR,mp-771123,ScFeO3,,,,,,,,,,30,342.9160476736596,11.430534922455319,202.95834595190075,0.5918601574022825,59.18601574022825
Sc-Fe-S,Sc22Fe7S40_685224_POSCAR,mp-685224,Sc22Fe7S40,,,,,,,,,,69,1427.4252361596082,20.68732226318273,714.15009251523,0.5003064780027309,50.03064780027309
Sc-Hf-O,Hf3Sc4O12_531956_POSCAR,mp-531956,Hf3Sc4O12,,,,,,,,,,57,673.1805256631188,11.810184660756471,492.3513682811292,0.7313808844902885,73.13808844902884
Sc-Hf-O,Hf3Sc4O12_685490_POSCAR,mp-685490,Hf3Sc4O12,,,,,,,,,,95,1124.836673985263,11.840386041950136,820.5856138018855,0.7295153445651581,72.95153445651582
Sc-Hf-O,Hf3Sc4O12_766090_POSCAR,mp-766090,Hf3Sc4O12,,,,,,,,,,38,439.8236967257542,11.57430780857248,328.23424552075284,0.7462859504030285,74.62859504030284
Sc-Mn-O,Sc2Mn2O7_17619_POSCAR,mp-17619,Sc2Mn2O7,,,,,,,,,,22,220.52968671324396,10.024076668783817,144.17572935042867,0.6537701635512737,65.37701635512737
Sc-Mn-O,ScMn2O5_773517_POSCAR,mp-773517,ScMn2O5,,,,,,,,,,32,337.78270434041355,10.555709510637923,196.39927016667306,0.5814367273486689,58.14367273486689
Sc-Mn-O,ScMnO3_1105811_POSCAR,mp-1105811,ScMnO3,,,,,,,,,,20,218.73503418792208,10.936751709396104,141.76720849299815,0.6481230088235501,64.81230088235502
Sc-Mn-O,ScMnO3_18954_POSCAR,mp-18954,ScMnO3,,,,,,,,,,30,332.26242404411386,11.075414134803795,212.65081273949713,0.6400086117209085,64.00086117209085
Sc-Mn-S,Sc10Mn17S32_685820_POSCAR,mp-685820,Sc10Mn17S32,,,,,,,,,,59,1133.6327257957182,19.2141139965376,552.206214644062,0.48711209731216787,48.71120973121678
Sc-Nb-O,Sc11Nb3O24_530728_POSCAR,mp-530728,Sc11Nb3O24,,,,,,,,,,76,887.4107669113735,11.676457459360178,621.4131927792447,0.7002542857825229,70.02542857825229
Sc-Nb-O,Sc11Nb3O24_676191_POSCAR,mp-676191,Sc11Nb3O24,,,,,,,,,,38,436.9027670236069,11.49744123746334,310.7065963896209,0.7111573096831239,71.11573096831239
Sc-Nb-O,Sc3NbO7_1173397_POSCAR,mp-1173397,Sc3NbO7,,,,,,,,,,22,263.60228272641154,11.981921942109615,177.2898417008294,0.672565654087433,67.2565654087433
Sc-Nb-O,Sc3NbO7_676300_POSCAR,mp-676300,Sc3NbO7,,,,,,,,,,22,252.94429456797332,11.497467934907878,177.2898417008294,0.7009046873488052,70.09046873488052
Sc-Re-O,Sc6ReO12_13191_POSCAR,mp-13191,Sc6ReO12,,,,,,,,,,19,221.19440967354473,11.641811035449722,152.35008222563582,0.6887609973981055,68.87609973981054
Sc-Rh-O,ScRhO3_1188449_POSCAR,mp-1188449,ScRhO3,,,,,,,,,,20,215.03220185571337,10.751610092785668,144.7440811605749,0.6731274660792349,67.31274660792349
Sc-Rh-O,ScRhO3_1196890_POSCAR,mp-1196890,ScRhO3,,,,,,,,,,40,432.85192612648115,10.82129815316203,289.4881623211498,0.6687925936052325,66.87925936052325
Sc-Ta-O,Sc3TaO7_674341_POSCAR,mp-674341,Sc3TaO7,,,,,,,,,,22,251.09035044374465,11.413197747442938,181.4958562109379,0.7228308690086479,72.28308690086479
Sc-Ti-O,Sc2Ti2O7_780402_POSCAR,mp-780402,Sc2Ti2O7,,,,,,,,,,88,963.9855701903796,10.954381479436131,671.227559286787,0.6963045713995748,69.63045713995749
Sc-Ti-O,Sc2TiO5_753401_POSCAR,mp-753401,Sc2TiO5,,,,,,,,,,16,200.96799735433095,12.560499834645684,128.67527874922496,0.6402774593128618,64.02774593128619
Sc-Ti-O,Sc4Ti3O12_1219404_POSCAR,mp-1219404,Sc4Ti3O12,,,,,,,,,,19,208.99067855283755,10.999509397517766,148.2410842854604,0.7093191204122614,70.93191204122614
Sc-Ti-O,Sc4Ti3O12_675128_POSCAR,mp-675128,Sc4Ti3O12,,,,,,,,,,38,419.2550400413353,11.033027369508824,296.48216857092086,0.7071642324006171,70.71642324006172
Sc-Ti-O,ScTiO3_1101375_POSCAR,mp-1101375,ScTiO3,,,,,,,,,,10,113.4790729440171,11.347907294401711,82.69918448213282,0.7287615446323835,72.87615446323835
Sc-Ti-O,ScTiO3_754092_POSCAR,mp-754092,ScTiO3,,,,,,,,,,20,214.54572810928386,10.727286405464193,165.39836896426547,0.7709236181109883,77.09236181109883
Sc-V-O,Sc10V10O37_1173573_POSCAR,mp-1173573,Sc10V10O37,,,,,,,,,,57,619.2342682985214,10.863759092956517,400.3776451765021,0.6465689411482753,64.65689411482754
Sc-V-O,Sc2V2O7_756234_POSCAR,mp-756234,Sc2V2O7,,,,,,,,,,22,236.02348526608918,10.72834023936769,159.18764972762867,0.6744568217360362,67.44568217360361
Sc-V-O,Sc2VO5_1201569_POSCAR,mp-1201569,Sc2VO5,,,,,,,,,,40,442.61605403647377,11.065401350911845,310.91414675547793,0.7024466101490685,70.24466101490685
Sc-V-O,Sc7V9O24_1354180_POSCAR,mp-1354180,Sc7V9O24,,,,,,,,,,40,461.3981652378466,11.534954130946165,307.98120611956904,0.6674955154206291,66.74955154206292
Sc-V-O,Sc7V9O24_863413_POSCAR,mp-863413,Sc7V9O24,,,,,,,,,,40,442.3076267206373,11.057690668015933,307.98120611956904,0.6963054388254779,69.63054388254778
Sc-V-O,ScV2O2_1209615_POSCAR,mp-1209615,ScV2O2,,,,,,,,,,20,341.54170768841664,17.077085384420833,211.97198577649007,0.6206327982931704,62.06327982931704
Sc-V-O,ScV2O2_1237488_POSCAR,mp-1237488,ScV2O2,,,,,,,,,,20,315.5334133544148,15.77667066772074,211.97198577649007,0.6717893471979083,67.17893471979083
Sc-V-O,ScVO2_1209108_POSCAR,mp-1209108,ScVO2,,,,,,,,,,16,194.9423176295607,12.183894851847544,151.96208715533712,0.7795233431260584,77.95233431260584
Sc-V-O,ScVO3_756546_POSCAR,mp-756546,ScVO3,,,,,,,,,,20,215.77543591383719,10.78877179569186,156.77912887019815,0.726584693045425,72.65846930454249
Sc-Y-O,YScO3_755165_POSCAR,mp-755165,YScO3,,,,,,,,,,20,251.95223031798207,12.597611515899104,211.69287830756463,0.8402103765479384,84.02103765479384
Sc-Y-O,YScO3_768479_POSCAR,mp-768479,YScO3,,,,,,,,,,10,138.9410538198502,13.89410538198502,105.8464391537824,0.7618082362540737,76.18082362540737
Sc-Y-O,YScO3_769007_POSCAR,mp-769007,YScO3,,,,,,,,,,30,402.56854876056417,13.41895162535214,317.5393174613469,0.7887832232274307,78.87832232274306
Sc-Y-S,YScS3_7792_POSCAR,mp-7792,YScS3,,,,,,,,,,20,426.59561875393587,21.329780937696793,255.43033229277154,0.5987645467125766,59.87645467125766
Sc-Zr-O,Zr25Sc6O59_686417_POSCAR,mp-686417,Zr25Sc6O59,,,,,,,,,,180,2124.3815085665565,11.802119492036425,1511.5219210906466,0.711511522292697,71.1511522292697
Sc-Zr-O,Zr3Sc4O12_532444_POSCAR,mp-532444,Zr3Sc4O12,,,,,,,,,,95,1144.6219319050003,12.048651914789478,820.5856138018855,0.716905373668824,71.6905373668824
Sc-Zr-O,Zr3Sc4O12_674363_POSCAR,mp-674363,Zr3Sc4O12,,,,,,,,,,38,460.9058925579734,12.129102435736142,328.23424552075284,0.7121502476331805,71.21502476331804
Sc-Zr-O,Zr3Sc4O12_675469_POSCAR,mp-675469,Zr3Sc4O12,,,,,,,,,,38,460.4979986943994,12.118368386694721,328.23424552075284,0.7127810467175975,71.27810467175975
Sc-Zr-O,Zr5Sc2O13_675672_POSCAR,mp-675672,Zr5Sc2O13,,,,,,,,,,40,475.70064675389756,11.89251616884744,338.1218512888295,0.7107870329715064,71.07870329715064
Sc-Zr-O,Zr8Sc2O19_1100806_POSCAR,mp-1100806,Zr8Sc2O19,,,,,,,,,,29,331.26518879803047,11.422937544759671,243.63438072803746,0.7354662939744606,73.54662939744607
Sc-Zr-O,Zr9ScO20_674976_POSCAR,mp-674976,Zr9ScO20,,,,,,,,,,30,347.392920845739,11.5797640281913,246.70841238441426,0.7101710990074146,71.01710990074146
Ta-Au-S,Ta5AuS_669370_POSCAR,mp-669370,Ta5AuS,,,,,,,,,,28,495.0528311480107,17.680458255286094,473.1335883790587,0.9557234270974232,95.57234270974232
Tc-Cd-O,CdTcO3_1189706_POSCAR,mp-1189706,CdTcO3,,,,,,,,,,20,238.9613288887264,11.94806644443632,117.70492097869352,0.49256890864338737,49.256890864338736
Ti-Co-O,Ti2CoO5_1101114_POSCAR,mp-1101114,Ti2CoO5,,,,,,,,,,48,564.2434090246946,11.755071021347804,292.2901613752572,0.5180214012255566,51.80214012255566
Ti-Co-O,Ti2CoO5_753066_POSCAR,mp-753066,Ti2CoO5,,,,,,,,,,32,364.332000225769,11.38537500705528,194.86010758350474,0.5348421425039633,53.484214250396334
Ti-Co-O,Ti3Co3O_504734_POSCAR,mp-504734,Ti3Co3O,,,,,,,,,,28,345.1966736153584,12.328452629119942,311.2543225967993,0.9016724273062376,90.16724273062377
Ti-Co-O,Ti6Co3O16_758898_POSCAR,mp-758898,Ti6Co3O16,,,,,,,,,,50,599.5029169177334,11.990058338354668,294.6986822326877,0.49157172370043306,49.157172370043305
Ti-Co-O,TiCo3O8_1094102_POSCAR,mp-1094102,TiCo3O8,,,,,,,,,,96,1062.2483811021964,11.065087303147878,415.4306743407719,0.39108619201633243,39.108619201633246
Ti-Co-O,TiCo5O12_1306974_POSCAR,mp-1306974,TiCo5O12,,,,,,,,,,36,447.8487277350265,12.44024243708407,147.0083735936742,0.3282545299104946,32.82545299104946
Ti-Co-O,TiCo5O12_756754_POSCAR,mp-756754,TiCo5O12,,,,,,,,,,36,413.95374214305514,11.49871505952931,147.0083735936742,0.35513237018369725,35.51323701836972
Ti-Co-S,Ti3CoS6_1208259_POSCAR,mp-1208259,Ti3CoS6,,,,,,,,,,20,328.6485229280394,16.432426146401973,177.89059799199995,0.5412791647657905,54.12791647657905
Ti-Cr-O,Ti2CrO5_19369_POSCAR,mp-19369,Ti2CrO5,,,,,,,,,,32,357.8303541604015,11.182198567512547,206.3414642486985,0.576646061044345,57.664606104434505
Ti-Cr-O,TiCr7O12_753458_POSCAR,mp-753458,TiCr7O12,,,,,,,,,,20,206.92970356933165,10.346485178466583,110.35487175030588,0.5332964279501399,53.32964279501399
Ti-Cr-O,TiCrO3_755606_POSCAR,mp-755606,TiCrO3,,,,,,,,,,20,210.1702097484956,10.50851048742478,128.0782421037564,0.6094024564995381,60.94024564995381
Ti-Cr-O,TiCrO3_756083_POSCAR,mp-756083,TiCrO3,,,,,,,,,,30,336.02093156975775,11.200697718991925,192.1173631556343,0.5717422490859051,57.17422490859051
Ti-Cr-O,TiCrO4_1316892_POSCAR,mp-1316892,TiCrO4,,,,,,,,,,24,274.4813679882574,11.436723666177391,132.89528381861743,0.48416868799744117,48.416868799744115
Ti-Cu-O,Ti3Cu3O_21457_POSCAR,mp-21457,Ti3Cu3O,,,,,,,,,,28,348.85652062439823,12.459161450871365,326.3134590171874,0.9353801340251222,93.53801340251222
Ti-Cu-O,Ti4Cu2O_1217206_POSCAR,mp-1217206,Ti4Cu2O,,,,,,,,,,28,377.1024992882285,13.467946403151018,356.40626401351903,0.9451177456692197,94.51177456692197
Ti-Cu-O,Ti4Cu2O_22432_POSCAR,mp-22432,Ti4Cu2O,,,,,,,,,,28,370.2282950554054,13.222439109121622,356.40626401351903,0.9626661948141542,96.26661948141542
Ti-Cu-S,Ti10Cu7S20_674343_POSCAR,mp-674343,Ti10Cu7S20,,,,,,,,,,37,649.6901059083601,17.559192051577302,335.9923960124224,0.5171579387724502,51.71579387724502
Ti-Cu-S,Ti16CuS32_767157_POSCAR,mp-767157,Ti16CuS32,,,,,,,,,,49,963.8909115869017,19.671243093610236,439.32018263670983,0.45577790739144447,45.57779073914445
Ti-Cu-S,Ti2CuS4_559918_POSCAR,mp-559918,Ti2CuS4,,,,,,,,,,28,490.47158993856885,17.51684249780603,253.37938332238244,0.5166035883018586,51.66035883018586
Ti-Cu-S,Ti3CuS6_686094_POSCAR,mp-686094,Ti3CuS6,,,,,,,,,,120,2236.2563143050193,18.63546928587516,1082.4027243723883,0.484024446325052,48.4024446325052
Ti-Cu-S,Ti8Cu3S16_676402_POSCAR,mp-676402,Ti8Cu3S16,,,,,,,,,,27,471.2915668020763,17.455243214891716,243.74529989266028,0.5171857870205082,51.71857870205082
Ti-Fe-O,Ti_FeO2_2_531655_POSCAR,mp-531655,Ti(FeO2)2,,,,,,,,,,56,649.3198212429103,11.594996807909112,329.9399460248831,0.5081316405732402,50.81316405732402
Ti-Fe-O,Ti_FeO2_2_780585_POSCAR,mp-780585,Ti(FeO2)2,,,,,,,,,,28,304.8408395941034,10.88717284264655,164.96997301244159,0.5411675588877779,54.11675588877779
Ti-Fe-O,Ti_FeO2_3_674221_POSCAR,mp-674221,Ti(FeO2)3,,,,,,,,,,50,532.1561613146375,10.64312322629275,266.4254877013154,0.5006528291303409,50.065282913034096
Ti-Fe-O,Ti11Fe13O36_530435_POSCAR,mp-530435,Ti11Fe13O36,,,,,,,,,,60,654.784230259168,10.913070504319467,357.3265914869928,0.5457165505430095,54.57165505430095
Ti-Fe-O,Ti11Fe13O36_530780_POSCAR,mp-530780,Ti11Fe13O36,,,,,,,,,,60,654.1219278572676,10.90203213095446,357.3265914869928,0.5462690918457684,54.626909184576846
Ti-Fe-O,Ti11Fe13O36_531901_POSCAR,mp-531901,Ti11Fe13O36,,,,,,,,,,60,654.7167606110869,10.911946010184781,357.3265914869928,0.5457727875386575,54.577278753865755
Ti-Fe-O,Ti11Fe17O42_757435_POSCAR,mp-757435,Ti11Fe17O42,,,,,,,,,,70,748.9213317287356,10.698876167553365,403.08848777817286,0.5382254059284484,53.82254059284484
Ti-Fe-O,Ti12Fe5O32_773026_POSCAR,mp-773026,Ti12Fe5O32,,,,,,,,,,49,601.699439110858,12.27958039001751,292.5941670131598,0.4862796073826019,48.62796073826019
Ti-Fe-O,Ti13_Fe5O14_3_757320_POSCAR,mp-757320,Ti13(Fe5O14)3,,,,,,,,,,70,763.4255021012592,10.906078601446561,418.13489027633864,0.5477088322638691,54.770883226386914
Ti-Fe-O,Ti2FeO5_1101126_POSCAR,mp-1101126,Ti2FeO5,,,,,,,,,,48,574.0204805949071,11.958760012393897,299.8197295854514,0.5223153872048647,52.23153872048647
Ti-Fe-O,Ti2FeO5_1101128_POSCAR,mp-1101128,Ti2FeO5,,,,,,,,,,64,771.3844074296514,12.052881366088304,399.75963944726834,0.51823660887743,51.823660887742996
Ti-Fe-O,Ti3Fe3O_27884_POSCAR,mp-27884,Ti3Fe3O,,,,,,,,,,28,383.18240287407605,13.685085816931288,326.3134590171874,0.8515877988385149,85.1587798838515
Ti-Fe-O,Ti3Fe5O12_685374_POSCAR,mp-685374,Ti3Fe5O12,,,,,,,,,,40,428.2957783002087,10.707394457505218,228.18679265921807,0.5327785241424288,53.27785241424288
Ti-Fe-O,Ti3Fe5O12_698576_POSCAR,mp-698576,Ti3Fe5O12,,,,,,,,,,40,433.3751762314447,10.834379405786118,228.18679265921807,0.5265340637262402,52.653406372624026
Ti-Fe-O,Ti3Fe9O16_530877_POSCAR,mp-530877,Ti3Fe9O16,,,,,,,,,,56,643.8702244960662,11.497682580286895,314.8935435267173,0.4890636832494825,48.906368324948254
Ti-Fe-O,Ti3Fe9O16_531643_POSCAR,mp-531643,Ti3Fe9O16,,,,,,,,,,56,621.7662024196862,11.10296790035154,314.8935435267173,0.5064500809166966,50.645008091669666
Ti-Fe-O,Ti3Fe9O16_760003_POSCAR,mp-760003,Ti3Fe9O16,,,,,,,,,,56,645.9011875408713,11.53394977751556,314.8935435267173,0.4875258779529515,48.75258779529515
Ti-Fe-O,Ti4_Fe2O5_3_685351_POSCAR,mp-685351,Ti4(Fe2O5)3,,,,,,,,,,50,542.6014759695015,10.85202951939003,288.9950914485641,0.5326102199265081,53.26102199265081
Ti-Fe-O,Ti4_Fe2O5_3_759740_POSCAR,mp-759740,Ti4(Fe2O5)3,,,,,,,,,,50,542.7393967814818,10.854787935629636,288.9950914485641,0.5324748731386447,53.247487313864475
Ti-Fe-O,Ti4Fe2O_1217190_POSCAR,mp-1217190,Ti4Fe2O,,,,,,,,,,28,391.26399440402366,13.973714085857988,356.40626401351903,0.9109099459979695,91.09099459979694
Ti-Fe-O,Ti4Fe2O_505361_POSCAR,mp-505361,Ti4Fe2O,,,,,,,,,,28,366.3731192852477,13.084754260187418,356.40626401351903,0.9727958882704799,97.27958882704799
Ti-Fe-O,Ti5Fe7O18_530384_POSCAR,mp-530384,Ti5Fe7O18,,,,,,,,,,60,622.7530793059085,10.379217988431808,349.8033902379099,0.5617047941822856,56.17047941822856
Ti-Fe-O,Ti5Fe7O18_532110_POSCAR,mp-532110,Ti5Fe7O18,,,,,,,,,,60,652.0644478401643,10.867740797336072,349.8033902379099,0.5364552405771624,53.645524057716244
Ti-Fe-O,Ti6Fe8O21_769418_POSCAR,mp-769418,Ti6Fe8O21,,,,,,,,,,70,764.6903975347782,10.924148536211117,410.61168902725575,0.5369646203888432,53.69646203888432
Ti-Fe-O,Ti7_Fe3O8_3_1101106_POSCAR,mp-1101106,Ti7(Fe3O8)3,,,,,,,,,,40,435.2114556449984,10.88028639112496,235.709993908301,0.541598781123467,54.1598781123467
Ti-Fe-O,Ti7_Fe3O8_3_677097_POSCAR,mp-677097,Ti7(Fe3O8)3,,,,,,,,,,40,434.3237591604444,10.85809397901111,235.709993908301,0.5427057326173742,54.27057326173742
Ti-Fe-O,Ti7_Fe3O8_3_757103_POSCAR,mp-757103,Ti7(Fe3O8)3,,,,,,,,,,40,430.54266861457893,10.763566715364473,235.709993908301,0.54747185608056,54.747185608056
Ti-Fe-O,Ti7Fe13O30_1101107_POSCAR,mp-1101107,Ti7Fe13O30,,,,,,,,,,50,540.1328904582771,10.802657809165542,281.47189019948115,0.5211159978809393,52.11159978809393
Ti-Fe-O,Ti7Fe13O30_673704_POSCAR,mp-673704,Ti7Fe13O30,,,,,,,,,,50,541.5297218762619,10.830594437525237,281.47189019948115,0.5197718219865257,51.97718219865257
Ti-Fe-O,Ti7Fe13O30_685365_POSCAR,mp-685365,Ti7Fe13O30,,,,,,,,,,50,536.0381762675936,10.720763525351872,281.47189019948115,0.5250967238179853,52.50967238179853
Ti-Fe-O,Ti8Fe35O64_685232_POSCAR,mp-685232,Ti8Fe35O64,,,,,,,,,,107,1250.0228579361544,11.682456616225743,551.5238649084936,0.441211023788065,44.1211023788065
Ti-Fe-O,Ti9Fe11O30_685183_POSCAR,mp-685183,Ti9Fe11O30,,,,,,,,,,50,540.5785630141188,10.811571260282376,296.518292697647,0.5485202577111858,54.85202577111858
Ti-Fe-O,Ti9Fe11O30_757488_POSCAR,mp-757488,Ti9Fe11O30,,,,,,,,,,50,545.3267034524364,10.906534069048728,296.518292697647,0.5437443111081932,54.37443111081932
Ti-Fe-O,TiFe11O16_531066_POSCAR,mp-531066,TiFe11O16,,,,,,,,,,84,931.2424488425394,11.08621962907785,427.2011077955783,0.4587431643892044,45.874316438920445
Ti-Fe-O,TiFe11O16_759782_POSCAR,mp-759782,TiFe11O16,,,,,,,,,,56,634.941846193614,11.338247253457393,284.80073853038573,0.4485461782645539,44.85461782645539
Ti-Fe-O,TiFe5O8_530601_POSCAR,mp-530601,TiFe5O8,,,,,,,,,,70,777.911099573282,11.113015708189742,374.80892628568927,0.4818146012973568,48.18146012973568
Ti-Fe-O,TiFeO3_694948_POSCAR,mp-694948,TiFeO3,,,,,,,,,,80,868.1009410565147,10.851261763206434,486.4663903147674,0.5603799826811819,56.037998268118194
Ti-Fe-S,Ti3FeS6_16335_POSCAR,mp-16335,Ti3FeS6,,,,,,,,,,20,353.7508883814277,17.687544419071386,180.40045406206468,0.509964667191309,50.99646671913089
Ti-Hf-O,HfTiO4_753197_POSCAR,mp-753197,HfTiO4,,,,,,,,,,24,275.9192354984873,11.496634812436971,177.69449558977263,0.6440090893581315,64.40090893581315
Ti-Mn-O,Ti2MnO4_1286093_POSCAR,mp-1286093,Ti2MnO4,,,,,,,,,,28,324.2281757032043,11.579577703685867,201.52442253383745,0.6215512334693306,62.15512334693306
Ti-Mn-O,Ti2MnO4_561097_POSCAR,mp-561097,Ti2MnO4,,,,,,,,,,14,162.14186528020312,11.581561805728795,100.76221126691887,0.6214447520557884,62.14447520557884
Ti-Mn-O,Ti3Mn3O_504732_POSCAR,mp-504732,Ti3Mn3O,,,,,,,,,,28,420.53845970325676,15.019230703687741,345.6983925923805,0.8220375202694056,82.20375202694056
Ti-Mn-O,Ti3Mn5O16_1101292_POSCAR,mp-1101292,Ti3Mn5O16,,,,,,,,,,24,264.5549451294602,11.023122713727508,126.98749370080066,0.4800042336712293,48.00042336712293
Ti-Mn-O,Ti3MnO8_782664_POSCAR,mp-782664,Ti3MnO8,,,,,,,,,,24,272.1124356575142,11.338018152396424,144.71086405425098,0.5318054050142228,53.18054050142228
Ti-Mn-O,Ti4Mn2O_1217173_POSCAR,mp-1217173,Ti4Mn2O,,,,,,,,,,28,420.1600765896044,15.005717021057299,369.32955306364795,0.879021053264883,87.9021053264883
Ti-Mn-O,Ti5Mn3O16_776100_POSCAR,mp-776100,Ti5Mn3O16,,,,,,,,,,24,269.7078806066976,11.237828358612399,138.8030739364342,0.514642262673979,51.4642262673979
Ti-Mn-O,TiMn2O4_530557_POSCAR,mp-530557,TiMn2O4,,,,,,,,,,70,823.9495925404724,11.770708464863892,444.73315515642554,0.539757722053343,53.9757722053343
Ti-Mn-O,TiMn2O4_540763_POSCAR,mp-540763,TiMn2O4,,,,,,,,,,28,324.7617186889428,11.598632810319385,177.89326206257013,0.5477654902822969,54.776549028229695
Ti-Mn-O,TiMn3O8_755307_POSCAR,mp-755307,TiMn3O8,,,,,,,,,,24,262.0291772027449,10.917882383447704,121.07970358298381,0.4620848138957383,46.208481389573834
Ti-Mn-O,TiMn3O8_756589_POSCAR,mp-756589,TiMn3O8,,,,,,,,,,24,282.76767842682483,11.781986601117701,121.07970358298381,0.42819499122604654,42.819499122604654
Ti-Mn-O,TiMn3O8_774302_POSCAR,mp-774302,TiMn3O8,,,,,,,,,,48,566.7403655861926,11.807090949712347,242.1594071659671,0.42728455898054135,42.728455898054136
Ti-Mn-O,TiMn4O10_777945_POSCAR,mp-777945,TiMn4O10,,,,,,,,,,60,706.0978775803902,11.76829795967317,296.79146883964205,0.42032624408483926,42.032624408483926
Ti-Mn-O,TiMn9O20_771265_POSCAR,mp-771265,TiMn9O20,,,,,,,,,,60,698.3848333856823,11.639747223094705,284.9758886040084,0.40804993891760355,40.804993891760354
Ti-Mn-O,TiMn9O20_803475_POSCAR,mp-803475,TiMn9O20,,,,,,,,,,60,698.3844619619292,11.63974103269882,284.9758886040084,0.4080501559319388,40.80501559319388
Ti-Mn-O,TiMnO3_556925_POSCAR,mp-556925,TiMnO3,,,,,,,,,,20,212.50152766800994,10.625076383400497,128.0782421037564,0.6027168063650459,60.271680636504584
Ti-Nb-O,Ti15NbO32_1099073_POSCAR,mp-1099073,Ti15NbO32,,,,,,,,,,48,566.7567149976325,11.807431562450676,314.3721229220255,0.5546861900407104,55.46861900407104
Ti-Nb-O,Ti3NbO8_1101284_POSCAR,mp-1101284,Ti3NbO8,,,,,,,,,,24,266.89179319806044,11.120491383252519,159.16491297439708,0.5963649577500526,59.63649577500526
Ti-Nb-O,Ti3NbO8_758428_POSCAR,mp-758428,Ti3NbO8,,,,,,,,,,24,268.2011055122086,11.175046063008692,159.16491297439708,0.5934536051610416,59.345360516104165
Ti-Nb-O,Ti3NbO8_776082_POSCAR,mp-776082,Ti3NbO8,,,,,,,,,,24,290.6158213652466,12.108992556885275,159.16491297439708,0.5476815137822737,54.76815137822737
Ti-Nb-O,Ti5Nb2O14_758324_POSCAR,mp-758324,Ti5Nb2O14,,,,,,,,,,42,471.61077436895204,11.228827961165525,279.1982148763231,0.5920098310941044,59.200983109410444
Ti-Nb-O,Ti5NbO12_758848_POSCAR,mp-758848,Ti5NbO12,,,,,,,,,,18,198.42002155688292,11.02333453093794,118.71406755966986,0.5982968181748584,59.829681817485834
Ti-Nb-O,TiNb2O7_1216971_POSCAR,mp-1216971,TiNb2O7,,,,,,,,,,30,409.720416190496,13.657347206349867,187.6204371658034,0.457923085479272,45.7923085479272
Ti-Nb-O,TiNb2O7_1217062_POSCAR,mp-1217062,TiNb2O7,,,,,,,,,,30,410.22615203307106,13.674205067769035,187.6204371658034,0.45735854780579194,45.735854780579196
Ti-Nb-O,TiNb2O7_759307_POSCAR,mp-759307,TiNb2O7,,,,,,,,,,60,835.8254003048736,13.93042333841456,375.2408743316068,0.4489464835535446,44.89464835535446
Ti-Nb-O,TiNb3O6_29699_POSCAR,mp-29699,TiNb3O6,,,,,,,,,,20,266.3836038523538,13.31918019261769,159.624808628561,0.599229105395822,59.9229105395822
Ti-Nb-O,TiNbO4_756350_POSCAR,mp-756350,TiNbO4,,,,,,,,,,18,208.0499045727326,11.558328031818478,121.35253624418233,0.5832857097118179,58.32857097118179
Ti-Nb-S,Ti_NbS2_3_1188929_POSCAR,mp-1188929,Ti(NbS2)3,,,,,,,,,,20,366.8739876550927,18.343699382754636,203.3622626137679,0.5543109336085005,55.43109336085005
Ti-Nb-S,Ti_NbS2_4_1192454_POSCAR,mp-1192454,Ti(NbS2)4,,,,,,,,,,26,478.39546670199036,18.399825642384243,259.7114936991539,0.5428803401704002,54.28803401704002
Ti-Ni-O,Ti3Ni3O_504735_POSCAR,mp-504735,Ti3Ni3O,,,,,,,,,,28,331.7328225900046,11.847600806785879,306.54183308544947,0.9240624147231605,92.40624147231605
Ti-Ni-O,Ti4_Ni5O8_3_766093_POSCAR,mp-766093,Ti4(Ni5O8)3,,,,,,,,,,43,430.90749991240705,10.021104649125745,217.3281080355461,0.504349792193739,50.4349792193739
Ti-Ni-O,Ti4Ni2O_1217223_POSCAR,mp-1217223,Ti4Ni2O,,,,,,,,,,28,359.64526212741714,12.844473647407755,343.22518005902714,0.9543436719525792,95.43436719525792
Ti-Ni-O,Ti4Ni2O_540679_POSCAR,mp-540679,Ti4Ni2O,,,,,,,,,,28,367.0958464610935,13.110565945039054,343.22518005902714,0.9349742945005064,93.49742945005065
Ti-Ni-O,TiNiO3_531689_POSCAR,mp-531689,TiNiO3,,,,,,,,,,60,624.0954123305644,10.401590205509406,345.07816680433774,0.5529253379955312,55.29253379955313
Ti-Ni-O,TiNiO3_675030_POSCAR,mp-675030,TiNiO3,,,,,,,,,,40,414.1901772581448,10.35475443145362,230.05211120289178,0.5554262844324079,55.542628443240794
Ti-Ni-O,TiNiO3_690546_POSCAR,mp-690546,TiNiO3,,,,,,,,,,30,300.53728884313404,10.017909628104468,172.53908340216887,0.5741020825280219,57.410208252802185
Ti-Ni-O,TiNiO3_698587_POSCAR,mp-698587,TiNiO3,,,,,,,,,,50,516.7503734090112,10.335007468180224,287.5651390036148,0.5564875301522136,55.64875301522137
Ti-Ni-S,Ti3NiS6_13994_POSCAR,mp-13994,Ti3NiS6,,,,,,,,,,20,342.8156329713109,17.140781648565543,177.10518307344168,0.5166193313251354,51.66193313251354
Ti-Pd-O,Ti3PdO_760414_POSCAR,mp-760414,Ti3PdO,,,,,,,,,,10,137.32421651927154,13.732421651927154,127.85121805223734,0.9310172764342347,93.10172764342347
Ti-V-O,Ti15VO24_765586_POSCAR,mp-765586,Ti15VO24,,,,,,,,,,40,414.389912660419,10.359747816510474,301.26399512653035,0.7270061020365808,72.70061020365807
Ti-V-O,Ti3V2O9_1179324_POSCAR,mp-1179324,Ti3V2O9,,,,,,,,,,28,342.4068017523258,12.22881434829735,184.63029441085794,0.5392132792514068,53.92132792514068
Ti-V-O,Ti3V2O9_698211_POSCAR,mp-698211,Ti3V2O9,,,,,,,,,,28,375.6044972244987,13.414446329446381,184.63029441085794,0.49155506862982123,49.15550686298212
Ti-V-O,Ti3V5O16_2215221_POSCAR,mp-2215221,Ti3V5O16,,,,,,,,,,24,276.3163728486471,11.513182202026963,145.75239417230046,0.5274837414434962,52.74837414434962
Ti-V-O,Ti3V5O16_776195_POSCAR,mp-776195,Ti3V5O16,,,,,,,,,,24,274.3419697227942,11.430915405116425,145.75239417230046,0.5312799726544734,53.127997265447334
Ti-V-O,Ti3VO8_756455_POSCAR,mp-756455,Ti3VO8,,,,,,,,,,24,276.2629912845996,11.51095797019165,152.21682424285095,0.5509852171478183,55.09852171478183
Ti-V-O,Ti4VO8_768727_POSCAR,mp-768727,Ti4VO8,,,,,,,,,,13,144.31178955962682,11.100906889202063,93.26569680023064,0.6462791230351632,64.62791230351633
Ti-V-O,TiV15O24_760220_POSCAR,mp-760220,TiV15O24,,,,,,,,,,40,430.5685092143325,10.764212730358313,271.0966547972948,0.6296249005575689,62.962490055756895
Ti-V-O,TiV3O8_1301440_POSCAR,mp-1301440,TiV3O8,,,,,,,,,,24,291.12278065637497,12.13011586068229,143.59758414878365,0.49325437131722855,49.32543713172286
Ti-V-O,TiV3O8_1314855_POSCAR,mp-1314855,TiV3O8,,,,,,,,,,24,291.36507927782964,12.140211636576234,143.59758414878365,0.4928441819613425,49.28441819613425
Ti-V-O,TiV3O8_1317675_POSCAR,mp-1317675,TiV3O8,,,,,,,,,,24,290.9818003127993,12.12424167969997,143.59758414878365,0.4934933524860293,49.349335248602934
Ti-V-O,TiVO3_1216763_POSCAR,mp-1216763,TiVO3,,,,,,,,,,10,103.87320070201714,10.387320070201714,71.54508124047821,0.6887732423468959,68.87732423468958
Ti-V-O,TiVO3_753428_POSCAR,mp-753428,TiVO3,,,,,,,,,,20,216.7495139583531,10.837475697917656,143.09016248095625,0.6601637063345389,66.01637063345389
Ti-V-O,TiVO4_1191211_POSCAR,mp-1191211,TiVO4,,,,,,,,,,24,266.21621447685743,11.092342269869059,147.9072041958173,0.555590516852891,55.5590516852891
Ti-V-O,TiVO4_1272170_POSCAR,mp-1272170,TiVO4,,,,,,,,,,24,280.84953351832064,11.702063896596693,147.9072041958173,0.5266421572538196,52.66421572538196
Ti-V-O,TiVO4_1274758_POSCAR,mp-1274758,TiVO4,,,,,,,,,,24,279.87014562743656,11.661256067809857,147.9072041958173,0.5284851082069737,52.84851082069737
Ti-V-O,TiVO4_1275288_POSCAR,mp-1275288,TiVO4,,,,,,,,,,24,280.695333178441,11.695638882435041,147.9072041958173,0.5269314687957106,52.69314687957106
Ti-V-O,TiVO4_1276433_POSCAR,mp-1276433,TiVO4,,,,,,,,,,24,279.96061262762146,11.665025526150893,147.9072041958173,0.5283143325327345,52.83143325327345
Ti-V-O,TiVO4_1279004_POSCAR,mp-1279004,TiVO4,,,,,,,,,,24,280.6073947824141,11.691974782600587,147.9072041958173,0.527096601679033,52.70966016790331
Ti-V-O,TiVO4_1280499_POSCAR,mp-1280499,TiVO4,,,,,,,,,,24,280.68292379995455,11.695121824998106,147.9072041958173,0.5269547651613897,52.695476516138974
Ti-V-O,TiVO4_690490_POSCAR,mp-690490,TiVO4,,,,,,,,,,24,252.34202717723693,10.514251132384873,147.9072041958173,0.586137814023076,58.613781402307595
Ti-V-O,TiVO4_761341_POSCAR,mp-761341,TiVO4,,,,,,,,,,24,252.22064479724875,10.509193533218697,147.9072041958173,0.5864198956224009,58.64198956224009
Ti-V-S,Ti3VS4_1217134_POSCAR,mp-1217134,Ti3VS4,,,,,,,,,,8,116.2742888915508,14.53428611144385,85.8705217349668,0.7385168514344419,73.85168514344419
Ti-V-S,TiVS2_1216761_POSCAR,mp-1216761,TiVS2,,,,,,,,,,8,115.88056635222439,14.485070794028049,83.71571171144997,0.7224309851661594,72.24309851661594
Ti-W-O,Ti7_WO5_6_851115_POSCAR,mp-851115,Ti7(WO5)6,,,,,,,,,,43,557.0634619101605,12.95496423046885,263.08135866374363,0.47226461014269794,47.226461014269795
Ti-Y-O,Y16Ti16O35_685259_POSCAR,mp-685259,Y16Ti16O35,,,,,,,,,,67,993.1950742990269,14.823807079089955,776.3602620999939,0.7816795332457022,78.16795332457022
Ti-Y-O,Y2Ti2O7_1173093_POSCAR,mp-1173093,Y2Ti2O7,,,,,,,,,,44,579.6686380930187,13.174287229386788,400.82486555150655,0.6914724020090711,69.1472402009071
Ti-Y-O,Y2Ti2O7_5373_POSCAR,mp-5373,Y2Ti2O7,,,,,,,,,,22,257.7159881351776,11.714363097053528,200.41243277575327,0.7776484269599627,77.76484269599628
Ti-Y-O,Y2Ti2O7_685370_POSCAR,mp-685370,Y2Ti2O7,,,,,,,,,,88,1071.061456563352,12.171152915492637,801.6497311030155,0.7484628694185476,74.84628694185476
Ti-Y-O,Y2Ti2O7_686019_POSCAR,mp-686019,Y2Ti2O7,,,,,,,,,,44,581.3694898154905,13.212942950352057,400.82486555150655,0.689449433747747,68.94494337477471
Ti-Y-O,Y2Ti3O9_1365383_POSCAR,mp-1365383,Y2Ti3O9,,,,,,,,,,56,674.4983663706558,12.044613685190283,479.0880876964489,0.7102879882042242,71.02879882042242
Ti-Y-O,Y2TiO5_17559_POSCAR,mp-17559,Y2TiO5,,,,,,,,,,32,429.3148804533705,13.416090014167828,322.5616434065642,0.7513404684830132,75.13404684830132
Ti-Y-O,YTi2O4_1045347_POSCAR,mp-1045347,YTi2O4,,,,,,,,,,14,176.58633502143175,12.613309644387982,135.72504617420202,0.7686044685039162,76.86044685039161
Ti-Y-O,YTi2O4_1045424_POSCAR,mp-1045424,YTi2O4,,,,,,,,,,14,171.57129279347188,12.25509234239085,135.72504617420202,0.7910708368770083,79.10708368770084
Ti-Y-O,YTi2O4_1400462_POSCAR,mp-1400462,YTi2O4,,,,,,,,,,14,177.76315839715903,12.69736845693993,135.72504617420202,0.7635161717309539,76.35161717309539
Ti-Y-O,YTi2O4_1409276_POSCAR,mp-1409276,YTi2O4,,,,,,,,,,14,169.43274781880805,12.102339129914862,135.72504617420202,0.8010555687814662,80.10555687814661
Ti-Y-O,YTi3O6_1045032_POSCAR,mp-1045032,YTi3O6,,,,,,,,,,40,524.8749963590751,13.121874908976878,349.7133144933464,0.6662792415703149,66.62792415703149
Ti-Y-O,YTiO3_1342458_POSCAR,mp-1342458,YTiO3,,,,,,,,,,30,386.4233570725258,12.880778569084192,297.00586787748415,0.7686022659902016,76.86022659902017
Ti-Y-O,YTiO3_1443298_POSCAR,mp-1443298,YTiO3,,,,,,,,,,10,130.09900553526666,13.009900553526666,99.00195595916145,0.7609739640348322,76.09739640348322
Ti-Y-O,YTiO3_4355_POSCAR,mp-4355,YTiO3,,,,,,,,,,20,235.49787086691995,11.774893543345998,198.00391191832276,0.8407885438175148,84.07885438175148
Ti-Y-S,Y_TiS2_2_1045465_POSCAR,mp-1045465,Y(TiS2)2,,,,,,,,,,14,274.591156457463,19.613654032675928,164.8833488310066,0.6004685327750121,60.046853277501214
Ti-Zn-O,Ti2ZnO4_1041628_POSCAR,mp-1041628,Ti2ZnO4,,,,,,,,,,28,284.7797969971012,10.170707035610757,186.95126955300842,0.6564765883125881,65.64765883125881
Ti-Zn-O,Ti2ZnO4_1044647_POSCAR,mp-1044647,Ti2ZnO4,,,,,,,,,,42,467.9491999379233,11.141647617569603,280.4269043295127,0.5992678358392605,59.926783583926046
Ti-Zn-O,Ti2ZnO4_1044943_POSCAR,mp-1044943,Ti2ZnO4,,,,,,,,,,42,468.36771032128405,11.151612150506763,280.4269043295127,0.5987323595325338,59.87323595325338
Ti-Zn-O,Ti2ZnO4_1045412_POSCAR,mp-1045412,Ti2ZnO4,,,,,,,,,,14,154.0112823734971,11.00080588382122,93.47563477650432,0.6069401756542351,60.69401756542351
Ti-Zn-O,Ti2ZnO4_1047249_POSCAR,mp-1047249,Ti2ZnO4,,,,,,,,,,14,155.931367064289,11.137954790306356,93.47563477650432,0.5994665251537571,59.94665251537571
Ti-Zn-O,Ti2ZnO4_1047325_POSCAR,mp-1047325,Ti2ZnO4,,,,,,,,,,14,142.1189133960161,10.151350956858293,93.47563477650432,0.6577283244210664,65.77283244210665
Ti-Zn-O,Ti2ZnO4_1351134_POSCAR,mp-1351134,Ti2ZnO4,,,,,,,,,,56,629.1675820409165,11.235135393587795,373.9025391060171,0.5942813167409843,59.42813167409843
Ti-Zn-O,Ti2ZnO4_1366888_POSCAR,mp-1366888,Ti2ZnO4,,,,,,,,,,28,312.4477748607884,11.158849102171015,186.95126955300842,0.5983440580951643,59.83440580951643
Ti-Zn-O,Ti2ZnO4_1370060_POSCAR,mp-1370060,Ti2ZnO4,,,,,,,,,,28,302.7114675939899,10.811123842642496,186.95126955300842,0.6175889900667912,61.75889900667912
Ti-Zn-O,Ti2ZnO4_1379379_POSCAR,mp-1379379,Ti2ZnO4,,,,,,,,,,42,474.5209663558431,11.298118246567693,280.4269043295127,0.5909684170187344,59.09684170187344
Ti-Zn-O,Ti3Zn2O8_1042495_POSCAR,mp-1042495,Ti3Zn2O8,,,,,,,,,,26,294.55916916582777,11.329198814070299,152.6367001953983,0.5181868913728112,51.81868913728111
Ti-Zn-O,Ti3Zn2O8_29104_POSCAR,mp-29104,Ti3Zn2O8,,,,,,,,,,52,590.0775344244757,11.34764489277838,305.27340039079667,0.5173445565734697,51.73445565734697
Ti-Zn-O,Ti3ZnO7_1043918_POSCAR,mp-1043918,Ti3ZnO7,,,,,,,,,,44,587.6664893385622,13.356056575876414,270.0315334128118,0.459497926650099,45.949792665009895
Ti-Zn-O,Ti4ZnO6_1046715_POSCAR,mp-1046715,Ti4ZnO6,,,,,,,,,,22,220.22363781638433,10.010165355290196,166.92181520658548,0.7579650252883378,75.79650252883377
Ti-Zn-O,Ti4ZnO9_1040892_POSCAR,mp-1040892,Ti4ZnO9,,,,,,,,,,28,363.77933849344834,12.99211923190887,174.14737777887703,0.4787170665054509,47.871706650545086
Ti-Zn-O,Ti5ZnO7_1045822_POSCAR,mp-1045822,Ti5ZnO7,,,,,,,,,,26,261.5288890911097,10.058803426581143,203.64490542162613,0.7786707852021719,77.86707852021719
Ti-Zn-O,Ti9Zn2O13_1045652_POSCAR,mp-1045652,Ti9Zn2O13,,,,,,,,,,24,240.8031998905554,10.033466662106475,185.2833603141058,0.7694389459870831,76.94389459870831
Ti-Zn-O,TiZn2O4_532524_POSCAR,mp-532524,TiZn2O4,,,,,,,,,,56,628.9803031485192,11.231791127652128,297.493912201824,0.4729781055346938,47.29781055346938
Ti-Zn-O,TiZnO2_1045961_POSCAR,mp-1045961,TiZnO2,,,,,,,,,,16,184.90138796324436,11.556336747702773,108.68804740806623,0.5878162874021897,58.78162874021897
Ti-Zn-O,TiZnO2_1385424_POSCAR,mp-1385424,TiZnO2,,,,,,,,,,16,186.7479613339927,11.671747583374543,108.68804740806623,0.5820039299582027,58.20039299582027
Ti-Zn-S,Ti9ZnS16_531696_POSCAR,mp-531696,Ti9ZnS16,,,,,,,,,,52,968.8581551443515,18.631887598929836,479.2130811961598,0.49461634672906396,49.4616346729064
Ti-Zr-O,Zr5Ti7O24_761840_POSCAR,mp-761840,Zr5Ti7O24,,,,,,,,,,72,798.0823438119174,11.084476997387743,522.4994611193745,0.6546936731161552,65.46936731161553
Ti-Zr-O,Zr5Ti7O24_860957_POSCAR,mp-860957,Zr5Ti7O24,,,,,,,,,,36,413.4845809088699,11.485682803024163,261.249730559687,0.63182460150132,63.182460150132
Ti-Zr-O,ZrTi2O_1215204_POSCAR,mp-1215204,ZrTi2O,,,,,,,,,,4,59.25028723865107,14.812571809662767,57.96812729010244,0.9783602745521842,97.83602745521843
Ti-Zr-O,ZrTi2O_27296_POSCAR,mp-27296,ZrTi2O,,,,,,,,,,8,125.82178480239202,15.727723100299002,115.93625458020489,0.9214322842605298,92.14322842605299
Ti-Zr-O,ZrTi2O_752953_POSCAR,mp-752953,ZrTi2O,,,,,,,,,,8,121.82962905210053,15.228703631512566,115.93625458020489,0.951626098529978,95.1626098529978
Ti-Zr-O,ZrTi2O6_757504_POSCAR,mp-757504,ZrTi2O6,,,,,,,,,,36,408.7073891499895,11.352983031944154,255.95771773471498,0.6262615370547713,62.62615370547713
Ti-Zr-O,ZrTiO4_753891_POSCAR,mp-753891,ZrTiO4,,,,,,,,,,24,280.00642024565536,11.666934176902307,177.69449558977263,0.6346086473084354,63.46086473084354
V-Ag-O,V16Ag7O40_1100952_POSCAR,mp-1100952,V16Ag7O40,,,,,,,,,,63,806.2398396537765,12.797457772282167,377.6003653996905,0.4683474405852276,46.83474405852276
V-Ag-O,V18Ag7O48_863411_POSCAR,mp-863411,V18Ag7O48,,,,,,,,,,73,970.9298576367684,13.300409008722854,417.2393981399891,0.4297317616285328,42.973176162853285
V-Ag-O,V6AgO15_757033_POSCAR,mp-757033,V6AgO15,,,,,,,,,,44,548.306463124887,12.461510525565615,241.6976098010503,0.44080751560646686,44.08075156064669
V-Cd-O,V3CdO7_1179420_POSCAR,mp-1179420,V3CdO7,,,,,,,,,,44,644.3704761167897,14.644783548108858,263.7796299908815,0.4093602046768394,40.936020467683946
V-Cd-O,V3CdO7_541360_POSCAR,mp-541360,V3CdO7,,,,,,,,,,44,599.3869152635551,13.622429892353525,263.7796299908815,0.44008239631807033,44.00823963180704
V-Co-O,V_CoO2_2_530941_POSCAR,mp-530941,V(CoO2)2,,,,,,,,,,84,921.2315450756043,10.967042203281004,438.93392591434616,0.4764642811686647,47.64642811686647
V-Co-O,V2CoO4_2740702_POSCAR,mp-2740702,V2CoO4,,,,,,,,,,14,148.84618385102198,10.631870275072998,86.40229284025466,0.5804804033587686,58.04804033587686
V-Co-O,V2CoO4_2758056_POSCAR,mp-2758056,V2CoO4,,,,,,,,,,14,148.55258294910905,10.610898782079218,86.40229284025466,0.5816276709901048,58.16276709901048
V-Co-O,V2CoO7_1336251_POSCAR,mp-1336251,V2CoO7,,,,,,,,,,80,1067.1605098685395,13.339506373356745,374.51142165018456,0.3509419793807021,35.09419793807021
V-Co-O,V3CoO8_861494_POSCAR,mp-861494,V3CoO8,,,,,,,,,,48,580.3539645939824,12.090707595707967,252.08265116110613,0.4343601776503138,43.43601776503138
V-Cr-O,V16CrO41_849774_POSCAR,mp-849774,V16CrO41,,,,,,,,,,58,788.0955247417975,13.587853874858578,300.66376662292555,0.38150675544240853,38.150675544240855
V-Cr-O,VCr2O4_1306534_POSCAR,mp-1306534,VCr2O4,,,,,,,,,,14,160.64760750347602,11.474829107391145,84.63701098425152,0.5268488731300911,52.68488731300911
V-Cr-O,VCr2O4_1314508_POSCAR,mp-1314508,VCr2O4,,,,,,,,,,14,158.54699906419953,11.324785647442823,84.63701098425152,0.533829157813198,53.382915781319795
V-Cr-O,VCr2O4_754077_POSCAR,mp-754077,VCr2O4,,,,,,,,,,14,157.08748308079706,11.220534505771218,84.63701098425152,0.5387890194963462,53.87890194963462
V-Cr-O,VCrO3_1101715_POSCAR,mp-1101715,VCrO3,,,,,,,,,,20,198.97063798887427,9.948531899443713,119.45900200968907,0.6003850780051717,60.03850780051717
V-Cr-O,VCrO3_1216392_POSCAR,mp-1216392,VCrO3,,,,,,,,,,10,99.69750006059135,9.969750006059135,59.72950100484449,0.5991073092960583,59.910730929605826
V-Cr-O,VCrO3_1337287_POSCAR,mp-1337287,VCrO3,,,,,,,,,,20,210.7371723808837,10.536858619044185,119.45900200968907,0.566862507739168,56.686250773916804
V-Cr-O,VCrO3_1370790_POSCAR,mp-1370790,VCrO3,,,,,,,,,,20,209.8286352606091,10.491431763030455,119.45900200968907,0.5693169660152433,56.93169660152433
V-Cr-O,VCrO3_1373421_POSCAR,mp-1373421,VCrO3,,,,,,,,,,20,210.116756360807,10.50583781804035,119.45900200968907,0.5685362941952007,56.85362941952007
V-Cr-O,VCrO3_1374293_POSCAR,mp-1374293,VCrO3,,,,,,,,,,20,210.95516888629197,10.5477584443146,119.45900200968907,0.5662767242933937,56.62767242933937
V-Cr-O,VCrO3_1375284_POSCAR,mp-1375284,VCrO3,,,,,,,,,,20,209.94192051374907,10.497096025687453,119.45900200968907,0.569009760972753,56.900976097275304
V-Cr-O,VCrO3_1376270_POSCAR,mp-1376270,VCrO3,,,,,,,,,,20,209.6349192051293,10.481745960256465,119.45900200968907,0.5698430512561582,56.98430512561582
V-Cr-O,VCrO3_753988_POSCAR,mp-753988,VCrO3,,,,,,,,,,20,199.0053115425801,9.950265577129006,119.45900200968907,0.600280470323673,60.028047032367304
V-Cr-O,VCrO3_754036_POSCAR,mp-754036,VCrO3,,,,,,,,,,20,198.72935489286684,9.936467744643341,119.45900200968907,0.6011140230092747,60.11140230092747
V-Cr-O,VCrO3_755281_POSCAR,mp-755281,VCrO3,,,,,,,,,,20,198.97723297808975,9.948861648904487,119.45900200968907,0.6003651785772055,60.036517857720554
V-Cr-O,VCrO3_757023_POSCAR,mp-757023,VCrO3,,,,,,,,,,20,199.08241379414346,9.954120689707173,119.45900200968907,0.6000479888354824,60.00479888354824
V-Cr-O,VCrO3_770778_POSCAR,mp-770778,VCrO3,,,,,,,,,,20,199.09235300221061,9.954617650110531,119.45900200968907,0.6000180328792571,60.00180328792572
V-Cr-O,VCrO3_770779_POSCAR,mp-770779,VCrO3,,,,,,,,,,20,199.00476313878045,9.950238156939022,119.45900200968907,0.6002821245357914,60.028212453579144
V-Cr-O,VCrO3_770843_POSCAR,mp-770843,VCrO3,,,,,,,,,,20,198.9786548667258,9.94893274333629,119.45900200968907,0.6003608884063554,60.036088840635536
V-Cr-O,VCrO3_770849_POSCAR,mp-770849,VCrO3,,,,,,,,,,20,198.97637083503733,9.948818541751866,119.45900200968907,0.6003677798944647,60.03677798944646
V-Cr-O,VCrO3_770855_POSCAR,mp-770855,VCrO3,,,,,,,,,,20,198.9488665806573,9.947443329032865,119.45900200968907,0.6004507794532136,60.04507794532136
V-Cr-S,V_Cr7S10_2_1216997_POSCAR,mp-1216997,V(Cr7S10)2,,,,,,,,,,35,591.4098714445931,16.897424898416947,269.47636372544,0.4556507707035901,45.56507707035901
V-Cr-S,V4_CrS2_5_1217039_POSCAR,mp-1217039,V4(CrS2)5,,,,,,,,,,19,286.31005115527853,15.068950060804132,164.7478540342524,0.5754176403150527,57.541764031505274
V-Cu-O,V12Cu2O29_772965_POSCAR,mp-772965,V12Cu2O29,,,,,,,,,,86,1071.7360262348782,12.46204681668463,468.44283031129095,0.4370878825049673,43.708788250496724
V-Cu-O,V16_CuO8_5_758314_POSCAR,mp-758314,V16(CuO8)5,,,,,,,,,,61,768.8767988555996,12.604537686157371,336.38042878183273,0.4374958761696323,43.74958761696323
V-Cu-O,V18Cu20O57_863399_POSCAR,mp-863399,V18Cu20O57,,,,,,,,,,95,1050.367637436329,11.0565014466982,531.3690568264013,0.5058886411650433,50.588864116504325
V-Cu-O,V30Cu34O95_1217808_POSCAR,mp-1217808,V30Cu34O95,,,,,,,,,,159,1760.338262833396,11.071309829140855,892.0378169971555,0.5067422755222931,50.67422755222931
V-Cu-O,V3CuO8_775644_POSCAR,mp-775644,V3CuO8,,,,,,,,,,48,566.3815164497398,11.799614926036247,257.10236330123564,0.4539384775704464,45.39384775704464
V-Cu-O,V4Cu3O10_1958773_POSCAR,mp-1958773,V4Cu3O10,,,,,,,,,,34,404.6886913810306,11.902608570030312,201.9095063949439,0.4989254967958519,49.892549679585194
V-Cu-O,V6CuO15_1216902_POSCAR,mp-1216902,V6CuO15,,,,,,,,,,44,562.761666355433,12.790037871714388,235.42567558436082,0.4183399290662932,41.83399290662932
V-Cu-O,V6CuO15_758210_POSCAR,mp-758210,V6CuO15,,,,,,,,,,44,558.0143070047412,12.682143341016847,235.42567558436082,0.42189899547210086,42.18989954721009
V-Cu-O,V8CuO20_773059_POSCAR,mp-773059,V8CuO20,,,,,,,,,,87,1117.609262472838,12.846083476699288,461.21726773899934,0.41268203765464817,41.26820376546482
