block,chemsys,metal_1,metal_2,ligand,source,delta_E,dip_x,dip_y,baseline_y,left_anchor,right_anchor,n_points,dip_method,material_id,formula,crystal_system,space_group_symbol,space_group_number,energy_above_hull,formation_energy,predicted_stable,band_gap,is_metal,density,n_sites,cell_volume,volume_per_atom,sphere_volume_sum,packing_fraction,packing_percent
d-block,Co-Cd-O,Co,Cd,O,Cd_CoO2_2_1178482_POSCAR,-0.0963921453643815,13.74564,-0.21288487442807,-0.1164927290636884,12.0961632,26.9414544,35,local_max_drop,mp-1178482,Cd(CoO2)2,,,,,,,,,,28,334.98116229522617,11.96361293911522,136.33205214035803,0.4069842351917259,40.698423519172586
d-block,Co-Cd-O,Co,Cd,O,Cd_CoO2_2_769705_POSCAR,-0.0956106134841418,6.586824466,-0.20863903217394,-0.1130284186897982,5.5734668558,12.4136307244,35,local_max_drop,mp-769705,Cd(CoO2)2,,,,,,,,,,28,329.6121859305176,11.771863783232773,136.33205214035803,0.4136135069020078,41.36135069020078
d-block,Co-Cd-O,Co,Cd,O,Cd_CoO2_2_754042_POSCAR,-0.0941303284724344,6.5799237532,-0.20589098842621,-0.1117606599537755,5.6051202342,11.9413431077,35,local_max_drop,mp-754042,Cd(CoO2)2,,,,,,,,,,28,297.11152870553354,10.611126025197626,136.33205214035803,0.4588581693020615,45.885816930206154
d-block,Co-Cu-O,Co,Cu,O,Co25Cu11O48_758061_POSCAR,-0.2392624957674634,13.2512038405,-0.61189449687309,-0.3726320011056266,12.2696331856,24.0484810438,35,local_max_drop,mp-758061,Co25Cu11O48,,,,,,,,,,84,802.1966211999647,9.549959776190056,373.25830317252036,0.4652952821144801,46.52952821144801
d-block,Co-Cu-O,Co,Cu,O,Co21Cu3O32_757299_POSCAR,-0.2086132455086914,7.489533181,-0.45296526040898,-0.2443520149002885,6.6253562755,14.1148894565,35,local_max_drop,mp-757299,Co21Cu3O32,,,,,,,,,,56,540.2485316230677,9.64729520755478,243.40084729654006,0.45053495391332454,45.053495391332454
d-block,Co-Cu-O,Co,Cu,O,Co11CuO16_757448_POSCAR,-0.1004653787595383,7.6900005,-0.2273507097893,-0.1268853310297616,7.098462,14.49269325,35,local_max_drop,mp-757448,Co11CuO16,,,,,,,,,,28,289.4791813038753,10.338542189424118,121.0729596307541,0.41824409992254347,41.824409992254346
d-block,Co-Cu-O,Co,Cu,O,Co5CuO8_761404_POSCAR,-0.0949604571630302,6.6682192854,-0.21738886531597,-0.1224284081529397,5.6803349468,12.1015831476,35,local_max_drop,mp-761404,Co5CuO8,,,,,,,,,,28,265.13006716146737,9.468930970052407,122.32788766578648,0.46138821211585684,46.138821211585686
d-block,Co-Cu-O,Co,Cu,O,Co5CuO8_1275601_POSCAR,-0.0921139414819169,6.6250269214,-0.22095930734849,-0.1288453658665731,6.1154094659,12.4856276595,35,local_max_drop,mp-1275601,Co5CuO8,,,,,,,,,,28,288.4023893107314,10.300085332526121,122.32788766578648,0.4241569841295163,42.41569841295163
d-block,Co-Cu-O,Co,Cu,O,Co9Cu3O16_753563_POSCAR,-0.087045655190089,7.294441844,-0.21323164192589,-0.1261859867358009,6.7333309329,13.7472173214,35,local_max_drop,mp-753563,Co9Cu3O16,,,,,,,,,,28,285.59136153766576,10.199691483488063,123.58281570081886,0.43272602867058324,43.272602867058325
d-block,Co-Cu-O,Co,Cu,O,Co9Cu3O16_767737_POSCAR,-0.0868592299640155,7.552942072,-0.21481256245657,-0.1279533324925544,6.971946528,14.234390828,35,local_max_drop,mp-767737,Co9Cu3O16,,,,,,,,,,28,276.92044640559885,9.890015943057103,123.58281570081886,0.4462755181313337,44.62755181313337
d-block,Co-Cu-O,Co,Cu,O,Co9Cu3O16_2767725_POSCAR,-0.0848997289091379,7.6070175726,-0.21381171652605,-0.128911987616912,7.0435347894,13.8053281873,35,local_max_drop,mp-2767725,Co9Cu3O16,,,,,,,,,,28,258.71429114229846,9.239796112224946,123.58281570081886,0.47768066910863316,47.76806691086332
d-block,Co-Hf-O,Co,Hf,O,HfCoO3_753534_POSCAR,-0.0382750476905459,7.0250959999,-0.14756013378528,-0.109285086094734,6.2145079999,7.5654879999,35,local_max_drop,mp-753534,HfCoO3,,,,,,,,,,20,229.8166236876694,11.49083118438347,137.7649367384505,0.5994559250234175,59.945592502341746
d-block,Co-Mo-O,Co,Mo,O,Co4_MoO4_3_1213876_POSCAR,-0.087528060293739,6.1985256,-0.53978064409054,-0.452252583796801,5.9402537,12.6553231,35,local_max_drop,mp-1213876,Co4(MoO4)3,,,,,,,,,,76,979.6362973886892,12.88995128143012,375.45379891529643,0.3832583581438368,38.32583581438368
d-block,Co-Nb-O,Co,Nb,O,Nb2Co4O9_1275198_POSCAR,-0.0702622591725086,6.2583474903,-0.26406723669588,-0.1938049775233713,5.9975830115,12.7774594593,35,local_max_drop,mp-1275198,Nb2Co4O9,,,,,,,,,,30,337.8356775079552,11.261189250265174,162.61600695863805,0.48134645860429837,48.134645860429835
d-block,Co-Nb-O,Co,Nb,O,Nb2Co4O9_1232651_POSCAR,-0.0691935890335527,6.2497702933,-0.26275463386423,-0.1935610448306772,5.9893631978,12.7599476822,35,local_max_drop,mp-1232651,Nb2Co4O9,,,,,,,,,,30,337.62130353665,11.254043451221666,162.61600695863805,0.48165209142670556,48.165209142670555
d-block,Co-Nb-O,Co,Nb,O,Nb2Co4O9_1276507_POSCAR,-0.0685344469103311,6.2576610932,-0.26275235969882,-0.1942179127884888,5.9969252144,12.7760580654,35,local_max_drop,mp-1276507,Nb2Co4O9,,,,,,,,,,30,337.7815489055017,11.259384963516725,162.61600695863805,0.4814235931049382,48.14235931049382
d-block,Co-Nb-O,Co,Nb,O,Nb2Co4O9_31513_POSCAR,-0.0677766569918474,6.428809844,-0.26018580939143,-0.1924091523995826,5.9145050565,12.6004672942,35,local_max_drop,mp-31513,Nb2Co4O9,,,,,,,,,,30,325.26840231897427,10.842280077299142,162.61600695863805,0.4999440640384391,49.99440640384391
d-block,Co-Nb-O,Co,Nb,O,Nb2Co4O9_1291928_POSCAR,-0.0677681958710915,6.2560212072,-0.26199066124156,-0.1942224653704684,5.9953536569,12.7727099646,35,local_max_drop,mp-1291928,Nb2Co4O9,,,,,,,,,,30,337.6551954241473,11.25517318080491,162.61600695863805,0.4816037459585573,48.16037459585573
d-block,Co-Nb-O,Co,Nb,O,Nb2Co4O9_2767524_POSCAR,-0.0665758439949456,6.4042538926,-0.25829525284638,-0.1917194088514343,5.8919135812,12.5523376295,35,local_max_drop,mp-2767524,Nb2Co4O9,,,,,,,,,,30,323.25551060470906,10.775183686823635,162.61600695863805,0.5030571842516616,50.305718425166155
d-block,Co-Nb-S,Co,Nb,S,Nb2CoS4_1210385_POSCAR,-0.1271699041378486,4.83013705,-0.30691201665837,-0.1797421125205213,4.16391125,8.16126605,35,local_max_drop,mp-1210385,Nb2CoS4,,,,,,,,,,28,443.96934945007825,15.856048194645652,258.91354592030285,0.5831788753908476,58.31788753908476
d-block,Co-Nb-S,Co,Nb,S,Nb2CoS4_1193022_POSCAR,-0.1183580524396086,4.85874845,-0.26435773847254,-0.1459996860329313,4.18857625,8.20960945,35,local_max_drop,mp-1193022,Nb2CoS4,,,,,,,,,,28,510.4941217736297,18.231932920486773,258.91354592030285,0.5071822277223279,50.71822277223279
d-block,Co-Nb-S,Co,Nb,S,Nb4CoS8_1094100_POSCAR,-0.1025377250296071,9.737567481,-0.2379823752428,-0.1354446502131928,8.394454725,16.453131261,35,local_max_drop,mp-1094100,Nb4CoS8,,,,,,,,,,26,468.887213020733,18.0341235777205,242.15523513092327,0.5164466601059043,51.644666010590434
d-block,Co-Nb-S,Co,Nb,S,Nb3CoS6_7116_POSCAR,-0.0816072052808933,8.4532816155,-0.18954458855755,-0.1079373832766566,7.2873117375,14.2831310055,35,local_max_drop,mp-7116,Nb3CoS6,,,,,,,,,,20,352.5636597480232,17.62818298740116,185.80600404553735,0.527014055215823,52.7014055215823
d-block,Co-Ni-O,Co,Ni,O,Co_NiO2_2_863417_POSCAR,-0.131213361331175,7.6388741,-0.25527866857715,-0.1240653072459749,6.75746555,14.39633965,35,local_max_drop,mp-863417,Co(NiO2)2,,,,,,,,,,28,281.2980125589943,10.046357591392653,116.67637192148868,0.41477851499935187,41.477851499935184
d-block,Co-Ni-O,Co,Ni,O,Co_NiO2_2_754168_POSCAR,-0.0693583822529112,6.4668875078,-0.13684533747057,-0.0674869552176587,5.9694346226,12.1875956877,35,local_max_drop,mp-754168,Co(NiO2)2,,,,,,,,,,14,134.01256943473106,9.572326388195076,58.33818596074427,0.43531876305943873,43.531876305943875
d-block,Co-Ni-O,Co,Ni,O,Co2NiO4_38683_POSCAR,-0.0648479358255631,6.5436637936,-0.12994979225175,-0.0651018564261868,5.7886256636,12.3322894572,35,local_max_drop,mp-38683,Co2NiO4,,,,,,,,,,14,138.0247935220176,9.858913823001258,59.12360087930254,0.4283549308108271,42.83549308108271
d-block,Co-Ni-O,Co,Ni,O,Co2NiO4_1153924_POSCAR,-0.0618310511817401,5.2908489545,-0.12406898027469,-0.0622379290929498,4.6803663829,9.9712153374,35,local_max_drop,mp-1153924,Co2NiO4,,,,,,,,,,14,135.31024799701865,9.66501771407276,59.12360087930254,0.4369484333559513,43.69484333559513
d-block,Co-Ni-O,Co,Ni,O,Co2NiO4_1096547_POSCAR,-0.061101280612783,6.4702239891,-0.12319460322923,-0.0620933226164469,5.7236596826,12.1938836717,35,local_max_drop,mp-1096547,Co2NiO4,,,,,,,,,,14,135.2905515810948,9.663610827221058,59.12360087930254,0.43701204694891893,43.70120469489189
d-block,Co-Ni-O,Co,Ni,O,Co2NiO4_1304693_POSCAR,-0.0607209898517167,6.8568347633,-0.12198700461566,-0.0612660147639432,5.8019371074,12.9224962846,35,local_max_drop,mp-1304693,Co2NiO4,,,,,,,,,,14,145.47727157868135,10.391233684191524,59.12360087930254,0.4064112574954745,40.64112574954745
d-block,Co-Ni-O,Co,Ni,O,Co3NiO8_753483_POSCAR,-0.0586542468794892,7.5661837119,-0.12196895635673,-0.0633147094772407,7.0057256592,13.7312222919,35,local_max_drop,mp-753483,Co3NiO8,,,,,,,,,,24,252.89263992498212,10.537193330207588,85.51599509840435,0.3381513796675607,33.81513796675607
d-block,Co-Ni-O,Co,Ni,O,Co3NiO8_773140_POSCAR,-0.0580785511763908,7.5526276254,-0.13087579475016,-0.0727972435737691,6.9931737272,13.7066205053,35,local_max_drop,mp-773140,Co3NiO8,,,,,,,,,,24,231.06657445547222,9.627773935644676,85.51599509840435,0.3700924519261601,37.00924519261601
d-block,Co-Ni-O,Co,Ni,O,Co3NiO8_752738_POSCAR,-0.0571152289375466,7.3365245255,-0.11679732528229,-0.0596820963447433,6.7930782644,13.3144333982,35,local_max_drop,mp-752738,Co3NiO8,,,,,,,,,,24,266.9645556804423,11.123523153351762,85.51599509840435,0.3203271493492468,32.03271493492468
d-block,Co-Ni-S,Co,Ni,S,Co3_Ni3S4_2_1226487_POSCAR,-0.070761451423057,8.5044415872,-0.16293955887036,-0.0921781074473029,7.8969814738,14.8827727775,35,local_max_drop,mp-1226487,Co3(Ni3S4)2,,,,,,,,,,17,244.45118501439504,14.379481471435001,111.84853988306001,0.4575495916555838,45.754959165558375
d-block,Co-Rh-S,Co,Rh,S,Co8RhS8_1188878_POSCAR,-0.0578836342060069,8.4890131391,-0.14576792136149,-0.087884287155483,7.8826550577,14.8557729934,35,local_max_drop,mp-1188878,Co8RhS8,,,,,,,,,,17,242.706058449,14.276826967588235,117.81934197192746,0.48544046541254726,48.54404654125473
d-block,Co-Ru-O,Co,Ru,O,Co5RuO8_530751_POSCAR,-0.2879931942107602,6.5830054145,-0.67643697791417,-0.3884437837034098,5.5297245482,12.9026906124,35,local_max_drop,mp-530751,Co5RuO8,,,,,,,,,,70,768.0019049335003,10.97145578476429,322.8297259796703,0.4203501630736495,42.03501630736495
d-block,Co-Ru-O,Co,Ru,O,Co9Ru3O16_531333_POSCAR,-0.2048153829336136,7.2233244597,-0.53711175904535,-0.3322963761117363,6.0675925462,14.1577159411,35,local_max_drop,mp-531333,Co9Ru3O16,,,,,,,,,,56,622.5484866605977,11.116937261796389,267.5776395798828,0.4298101197148381,42.98101197148381
d-block,Co-Ru-O,Co,Ru,O,Co5RuO8_1329603_POSCAR,-0.1997341340607247,7.4663917122,-0.61523680307866,-0.4155026690179353,7.1677360437,14.634127756,35,local_max_drop,mp-1329603,Co5RuO8,,,,,,,,,,70,768.0019342154656,10.971456203078079,322.8297259796703,0.4203501470467642,42.03501470467642
d-block,Co-Ru-O,Co,Ru,O,Co7_RuO6_2_675115_POSCAR,-0.1353556612756239,6.1671981749,-0.3989646069097,-0.263608945634076,5.6927983153,11.6227965604,35,local_max_drop,mp-675115,Co7(RuO6)2,,,,,,,,,,42,424.03670761121464,10.0961120859813,198.35476498587548,0.4677773443325111,46.77773443325111
d-block,Co-Ru-O,Co,Ru,O,Co7_RuO6_2_690550_POSCAR,-0.1255865228000793,7.5930474598,-0.37054039058002,-0.2449538677799406,6.4248863122,14.3099740589,35,local_max_drop,mp-690550,Co7(RuO6)2,,,,,,,,,,42,443.6789811487876,10.563785265447324,198.35476498587548,0.4470682033940149,44.70682033940149
d-block,Co-Ru-O,Co,Ru,O,Co2RuO4_754049_POSCAR,-0.0928025195507047,7.6305397759,-0.26961734804316,-0.1768148284924552,6.4096534117,14.9558579607,35,local_max_drop,mp-754049,Co2RuO4,,,,,,,,,,28,312.24884255562034,11.151744376986441,138.44574918801487,0.4433827458090698,44.338274580906976
d-block,Co-Ta-O,Co,Ta,O,Ta2Co4O9_773173_POSCAR,-0.1198146512849112,6.2380187105,-0.40923149015643,-0.2894168388715188,5.9781012642,12.7359548673,35,local_max_drop,mp-773173,Ta2Co4O9,,,,,,,,,,60,677.0155504267437,11.283592507112395,342.0560719577101,0.5052410860313351,50.52410860313351
d-block,Co-Ta-O,Co,Ta,O,Ta2Co4O9_885579_POSCAR,-0.1151271682082263,6.2215644,-0.40520063964297,-0.2900734714347436,5.96233255,12.70236065,35,local_max_drop,mp-885579,Ta2Co4O9,,,,,,,,,,60,675.6856274158376,11.261427123597294,342.0560719577101,0.5062355303692117,50.623553036921166
d-block,Co-Ta-O,Co,Ta,O,Ta2Co4O9_863438_POSCAR,-0.0617403585878352,6.249516336,-0.20985425737504,-0.1481138987872047,5.989119822,12.759429186,35,local_max_drop,mp-863438,Ta2Co4O9,,,,,,,,,,30,336.23605570414867,11.207868523471623,171.028035978855,0.5086546581706906,50.86546581706906
d-block,Co-Ta-S,Co,Ta,S,Ta9_CoS3_2_29580_POSCAR,-0.2295901937660199,14.9557302005,-0.42180701773642,-0.1922168239704,12.8928708625,25.2700268905,35,local_max_drop,mp-29580,Ta9(CoS3)2,,,,,,,,,,34,606.6805718072495,17.843546229624987,462.1366736786288,0.7617462881693462,76.17462881693461
d-block,Co-Ta-S,Co,Ta,S,Ta9_CoS3_2_1189705_POSCAR,-0.1131353079619921,4.8311029675,-0.21034912005602,-0.0972138120940278,4.1647439375,8.1628981175,35,local_max_drop,mp-1189705,Ta9(CoS3)2,,,,,,,,,,17,297.82611400389425,17.519183176699663,231.06833683931436,0.7758498196578323,77.58498196578323
d-block,Co-Tc-O,Co,Tc,O,Co2TcO4_36069_POSCAR,-0.0678663333907523,6.6165373009,-0.15685437293073,-0.0889880395399776,5.5578913328,12.9684131098,35,local_max_drop,mp-36069,Co2TcO4,,,,,,,,,,14,157.6991111590218,11.264222225644415,69.76228186383864,0.44237587232493164,44.23758723249316
d-block,Co-Y-O,Co,Y,O,Y_CoO2_3_1045123_POSCAR,-0.1514307924963885,8.0245770098,-0.28301120268084,-0.1315804101844514,6.5916168295,14.0430097672,35,local_max_drop,mp-1045123,Y(CoO2)3,,,,,,,,,,40,479.6327789173807,11.990819472934517,244.3757630839629,0.5095059675353381,50.95059675353381
d-block,Co-Y-O,Co,Y,O,YCoO3_1330514_POSCAR,-0.1246047306958596,8.9403438075,-0.2254860259603,-0.1008812952644404,7.39890522,15.1060981575,35,local_max_drop,mp-1330514,YCoO3,,,,,,,,,,30,376.2581360727808,12.541937869092694,244.33709217279238,0.6493868670138989,64.9386867013899
d-block,Co-Y-O,Co,Y,O,YCoO3_22668_POSCAR,-0.124389949450015,7.461389468,-0.19880468757729,-0.0744147381272749,6.174943008,12.607175308,35,local_max_drop,mp-22668,YCoO3,,,,,,,,,,20,205.826268147834,10.291313407391701,162.8913947818616,0.7914023620389669,79.14023620389669
d-block,Co-Y-O,Co,Y,O,YCoO3_1288734_POSCAR,-0.1193342309974908,7.3321951596,-0.19695583826389,-0.0776216072663991,6.546602821,12.8313415292,35,local_max_drop,mp-1288734,YCoO3,,,,,,,,,,20,225.35994082726717,11.267997041363358,162.8913947818616,0.722805455947088,72.2805455947088
d-block,Co-Y-O,Co,Y,O,YCoO3_1273178_POSCAR,-0.1164023013977877,7.3879212889,-0.19506253512106,-0.0786602337232722,6.5963582937,12.9288622556,35,local_max_drop,mp-1273178,YCoO3,,,,,,,,,,20,226.93867725522597,11.346933862761299,162.8913947818616,0.7177771402918077,71.77771402918077
d-block,Co-Y-O,Co,Y,O,Y2Co2O7_1369302_POSCAR,-0.0889622273172909,8.8038099807,-0.16284294789838,-0.073880720581089,7.5894913627,14.8754030708,35,local_max_drop,mp-1369302,Y2Co2O7,,,,,,,,,,22,243.6694489749219,11.075884044314632,165.29991563929212,0.6783776806435203,67.83776806435203
d-block,Co-Y-O,Co,Y,O,Y_CoO2_2_1383697_POSCAR,-0.0808890885717,7.0342678091,-0.13580819254842,-0.0549191039767199,5.7781485575,12.3099686659,35,local_max_drop,mp-1383697,Y(CoO2)2,,,,,,,,,,14,153.29310476028323,10.949507482877374,100.61252903774098,0.6563408653968937,65.63408653968938
d-block,Co-Y-O,Co,Y,O,Y2Co2O5_1187759_POSCAR,-0.0748599572382479,5.2787098,-0.11120926216849,-0.036349304930242,4.5246084,9.23774215,35,local_max_drop,mp-1187759,Y2Co2O5,,,,,,,,,,9,96.25469295713921,10.69496588412658,80.24143696221562,0.8336366206886758,83.36366206886758
d-block,Co-Zn-O,Co,Zn,O,Zn5Co19O32_861852_POSCAR,-0.2116823229251362,7.4214641907,-0.45666445653094,-0.2449821336058037,6.5651413994,13.9866055901,35,local_max_drop,mp-861852,Zn5Co19O32,,,,,,,,,,56,544.6599101241369,9.726069823645302,235.7713177968988,0.43287804630813137,43.287804630813135
d-block,Co-Zn-O,Co,Zn,O,Zn_CoO2_2_1350001_POSCAR,-0.1960724623500824,7.5361012434,-0.45688509435037,-0.2608126320002875,6.9564011477,14.2026523433,35,local_max_drop,mp-1350001,Zn(CoO2)2,,,,,,,,,,56,564.1291965578012,10.073735652817877,233.45247056017234,0.4138280237659222,41.382802376592224
d-block,Co-Zn-O,Co,Zn,O,Zn_CoO2_2_530742_POSCAR,-0.1861978569844515,6.688636315,-0.435298755113,-0.2491008981285485,6.1741258293,12.6055069014,35,local_max_drop,mp-530742,Zn(CoO2)2,,,,,,,,,,56,593.939281179024,10.60605859248257,233.45247056017234,0.3930578056678585,39.30578056678585
d-block,Co-Zn-O,Co,Zn,O,Zn_CoO2_2_1379105_POSCAR,-0.150693593706391,7.6200411998,-0.34528131876416,-0.194587725057769,7.0338841844,14.3608468765,35,local_max_drop,mp-1379105,Zn(CoO2)2,,,,,,,,,,42,421.24371646232294,10.029612296721975,175.08935292012927,0.4156485808039102,41.56485808039102
d-block,Co-Zn-O,Co,Zn,O,ZnCo5O7_1370323_POSCAR,-0.1440656467982649,6.597621888,-0.27221584712824,-0.1281502003299751,5.582603136,12.433979712,35,local_max_drop,mp-1370323,ZnCo5O7,,,,,,,,,,26,244.73297854948095,9.41280686728773,115.86361258047353,0.4734286865104607,47.342868651046075
d-block,Co-Zn-O,Co,Zn,O,Zn_CoO2_2_1040942_POSCAR,-0.140938606314202,7.740334836,-0.32294920117006,-0.1820105948558579,7.144924464,14.587554114,35,local_max_drop,mp-1040942,Zn(CoO2)2,,,,,,,,,,42,449.47844959547245,10.701867847511249,175.08935292012927,0.38953892690007386,38.953892690007386
d-block,Co-Zn-O,Co,Zn,O,Zn_CoO2_2_1041156_POSCAR,-0.1389283871804407,7.738980691,-0.32421728418472,-0.1852888970042792,7.143674484,14.5850020715,35,local_max_drop,mp-1041156,Zn(CoO2)2,,,,,,,,,,42,451.3459558015855,10.746332280990131,175.08935292012927,0.3879271558092783,38.792715580927826
d-block,Co-Zn-O,Co,Zn,O,Zn2Co9O13_1045890_POSCAR,-0.1296378327266763,6.3959715405,-0.25096312772037,-0.1213252949936936,5.6284549556,12.5361042193,35,local_max_drop,mp-1045890,Zn2Co9O13,,,,,,,,,,24,240.74934245626437,10.031222602344348,106.28019675706848,0.441455813223564,44.1455813223564
d-block,Co-Zn-O,Co,Zn,O,Zn_CoO2_2_1340366_POSCAR,-0.1294938850529038,3.65925,-0.26630253556426,-0.1368086505113561,3.22014,7.17213,35,local_max_drop,mp-1340366,Zn(CoO2)2,,,,,,,,,,28,276.36778478624694,9.870278028080248,116.72623528008643,0.4223583272209777,42.23583272209777
d-block,Co-Zn-O,Co,Zn,O,Zn_CoO2_2_1042295_POSCAR,-0.1293625451292976,3.6592452395,-0.26606246979486,-0.1366999246655623,3.2201358107,7.1721206694,35,local_max_drop,mp-1042295,Zn(CoO2)2,,,,,,,,,,28,276.36670218178807,9.870239363635289,116.72623528008643,0.42235998171482475,42.23599817148248
d-block,Co-Zn-O,Co,Zn,O,ZnCo3O7_1338829_POSCAR,-0.1234821065672368,18.4852665,-0.40838001779792,-0.2848979112306832,15.7467085,33.5473355,35,local_max_drop,mp-1338829,ZnCo3O7,,,,,,,,,,88,1008.2087490646096,11.456917603006927,329.38796400685675,0.326706115486951,32.6706115486951
d-block,Co-Zn-O,Co,Zn,O,Zn_CoO2_2_1048393_POSCAR,-0.123139358814166,3.69541,-0.25822839834504,-0.135089039530874,3.2519608,7.2430036,35,local_max_drop,mp-1048393,Zn(CoO2)2,,,,,,,,,,28,278.91518970336415,9.961256775120148,116.72623528008643,0.41850081884829854,41.850081884829855
d-block,Co-Zn-O,Co,Zn,O,Zn_Co2O3_2_1043057_POSCAR,-0.1196938236595789,6.4165939625,-0.23010027998392,-0.1104064563243411,5.646602687,12.5765241665,35,local_max_drop,mp-1043057,Zn(Co2O3)2,,,,,,,,,,22,217.1068143479247,9.868491561269305,96.69678093366343,0.4453880511493385,44.53880511493385
d-block,Co-Zn-O,Co,Zn,O,Zn3Co9O16_765468_POSCAR,-0.1027928011236935,7.199932019,-0.22660969911874,-0.1238168979950464,6.3691706322,13.5691026512,35,local_max_drop,mp-765468,Zn3Co9O16,,,,,,,,,,28,275.28529054541445,9.831617519479087,117.49918435899525,0.4268269624076087,42.68269624076087
d-block,Co-Zn-O,Co,Zn,O,ZnCoO2_1291102_POSCAR,-0.1011650648951105,3.8186918001,-0.19382796407035,-0.0926628991752394,3.360448784,7.4846359281,35,local_max_drop,mp-1291102,ZnCoO2,,,,,,,,,,16,158.83665178285736,9.927290736428585,73.57553027160513,0.4632150668360151,46.32150668360151
d-block,Co-Zn-O,Co,Zn,O,Zn_CoO2_2_1048280_POSCAR,-0.1008844143191978,6.27167,-0.21485540619008,-0.1139709918708822,5.5190696,12.2924732,35,local_max_drop,mp-1048280,Zn(CoO2)2,,,,,,,,,,28,303.35149243179603,10.833981872564143,116.72623528008643,0.3847887292208742,38.47887292208742
d-block,Co-Zn-O,Co,Zn,O,ZnCoO2_754633_POSCAR,-0.0968180171479357,3.8158148,-0.19318539464717,-0.0963673774992342,3.510549616,7.478997008,35,local_max_drop,mp-754633,ZnCoO2,,,,,,,,,,16,160.41709615797794,10.026068509873621,73.57553027160513,0.45865142826889427,45.865142826889425
d-block,Co-Zn-O,Co,Zn,O,ZnCoO2_1272466_POSCAR,-0.0966797304636314,6.3444154743,-0.19257434525235,-0.0958946147887185,5.8368622364,12.4350543296,35,local_max_drop,mp-1272466,ZnCoO2,,,,,,,,,,16,160.97097202204006,10.060685751377504,73.57553027160513,0.4570732806504468,45.70732806504468
d-block,Co-Zn-O,Co,Zn,O,Zn3Co2O7_1376556_POSCAR,-0.0685208209973919,12.198809441,-0.18876407106423,-0.120243250066838,11.260439484,22.9900639465,35,local_max_drop,mp-1376556,Zn3Co2O7,,,,,,,,,,24,230.91186547182213,9.621327727992588,96.01350547545869,0.4158015235781597,41.58015235781597
d-block,Co-Zn-O,Co,Zn,O,ZnCo3O7_1044368_POSCAR,-0.0649967072659196,7.19464815,-0.19336198703213,-0.1283652797662103,6.3952428,13.05695405,35,local_max_drop,mp-1044368,ZnCo3O7,,,,,,,,,,44,533.710227051294,12.12977788752941,164.6939820034284,0.30858314803774584,30.858314803774583
d-block,Co-Zn-O,Co,Zn,O,Zn2Co3O8_1042827_POSCAR,-0.0645838923037031,7.58213274,-0.16327896459031,-0.0986950722866068,6.99889176,14.28940401,35,local_max_drop,mp-1042827,Zn2Co3O8,,,,,,,,,,26,279.0192629005906,10.731510111561176,99.96792449070688,0.3582832362592958,35.828323625929585
d-block,Co-Zn-O,Co,Zn,O,Zn4CoO5_1215675_POSCAR,-0.0588143622332977,4.210201177,-0.15810693756491,-0.0992925753316122,3.886339548,7.9346099104,35,local_max_drop,mp-1215675,Zn4CoO5,,,,,,,,,,20,237.16201866366936,11.858100933183469,89.65056560277995,0.37801400961221215,37.80140096122121
d-block,Co-Zr-O,Co,Zr,O,Zr9Co3O2_1215381_POSCAR,-0.5120746412862203,8.1208584386,-0.70306426180024,-0.1909896205140197,6.9607358045,14.2115022675,35,local_max_drop,mp-1215381,Zr9Co3O2,,,,,,,,,,28,492.7476572937464,17.5981306176338,459.1793291509871,0.9318752151413114,93.18752151413115
d-block,Co-Zr-O,Co,Zr,O,Zr6Co2O_1215347_POSCAR,-0.1553879659061491,8.2118266959,-0.21835866792627,-0.0629707020201208,7.0387085965,14.3706967179,35,local_max_drop,mp-1215347,Zr6Co2O,,,,,,,,,,9,170.34185146410738,18.92687238490082,152.65835624075717,0.8961881940852552,89.61881940852552
d-block,Co-Zr-O,Co,Zr,O,ZrCoO3_756665_POSCAR,-0.0705078201572078,7.298880239,-0.15073875740527,-0.0802309372480622,6.0404526116,12.3325907486,35,local_max_drop,mp-756665,ZrCoO3,,,,,,,,,,20,228.82372412305963,11.441186206152981,137.7649367384505,0.6020570518481798,60.20570518481798
d-block,Cr-Ag-S,Cr,Ag,S,Cr5AgS8_676751_POSCAR,-0.060173778380712,9.3766869,-0.21835633229079,-0.1581825539100779,9.0294022,17.0169503,35,local_max_drop,mp-676751,Cr5AgS8,,,,,,,,,,28,524.8160869839636,18.7434316779987,215.6198188590694,0.41084834136507314,41.08483413650731
d-block,Cr-Co-O,Cr,Co,O,CrCo3O8_861562_POSCAR,-0.0576742606668846,7.5995908965,-0.14612841227219,-0.0884541516053053,7.318124567,13.7918501455,35,local_max_drop,mp-861562,CrCo3O8,,,,,,,,,,24,242.53827826107522,10.105761594211467,92.04208834955949,0.3794951007711975,37.949510077119754
d-block,Cr-Cu-O,Cr,Cu,O,Cr3_CuO6_2_764630_POSCAR,-0.0682576356209807,7.6605213,-0.60010138258334,-0.5318437469623593,7.2099024,22.0803261,35,local_max_drop,mp-764630,Cr3(CuO6)2,,,,,,,,,,68,948.0253930516175,13.941549897817904,269.87110274796834,0.28466653396200176,28.466653396200176
d-block,Cr-Cu-O,Cr,Cu,O,Cr3_CuO6_2_772337_POSCAR,-0.067801503423053,7.5462422,-0.59260842234074,-0.5248069189176869,7.1023456,21.7509334,35,local_max_drop,mp-772337,Cr3(CuO6)2,,,,,,,,,,68,975.992129446165,14.352825433031839,269.87110274796834,0.2765095072038224,27.65095072038224
d-block,Cr-Fe-O,Cr,Fe,O,Cr7FeO12_1245071_POSCAR,-0.2116707753270854,13.5662966989,-0.6040606386299,-0.3923898633028145,12.5613858323,24.6203162314,35,local_max_drop,mp-1245071,Cr7FeO12,,,,,,,,,,80,950.0562686019143,11.875703357523928,411.3266820048911,0.4329498110782344,43.29498110782344
d-block,Cr-Fe-O,Cr,Fe,O,Cr7FeO12_1244957_POSCAR,-0.1908835434170555,12.2734550407,-0.57808523696717,-0.3872016935501144,11.3643102228,22.2740480368,35,local_max_drop,mp-1244957,Cr7FeO12,,,,,,,,,,80,980.4706523451481,12.25588315431435,411.3266820048911,0.41951962664160874,41.951962664160874
d-block,Cr-Fe-O,Cr,Fe,O,Cr7FeO12_1245032_POSCAR,-0.1899620285483443,12.4937521935,-0.59569036023432,-0.4057283316859756,11.5682890681,22.6738465735,35,local_max_drop,mp-1245032,Cr7FeO12,,,,,,,,,,80,963.0576146499169,12.038220183123961,411.3266820048911,0.42710495794627334,42.710495794627334
d-block,Cr-Fe-O,Cr,Fe,O,Cr7FeO12_1245230_POSCAR,-0.1715765574345154,12.0315364603,-0.57306150472493,-0.4014849472904145,11.1403115374,21.8350106132,35,local_max_drop,mp-1245230,Cr7FeO12,,,,,,,,,,80,960.074528410435,12.000931605130438,411.3266820048911,0.4284320329650987,42.84320329650987
d-block,Cr-Fe-O,Cr,Fe,O,Cr7FeO12_1245235_POSCAR,-0.1704751225402669,13.3717331103,-0.51838268894392,-0.347907566403653,12.3812343614,24.2672193484,35,local_max_drop,mp-1245235,Cr7FeO12,,,,,,,,,,80,1056.1803423440135,13.202254279300169,411.3266820048911,0.3894473940804665,38.94473940804665
d-block,Cr-Fe-O,Cr,Fe,O,Cr3FeO6_1244873_POSCAR,-0.170397054212683,12.3860227972,-0.58055995484461,-0.4101629006319269,11.4685396271,22.4783376691,35,local_max_drop,mp-1244873,Cr3FeO6,,,,,,,,,,80,967.6490694450545,12.09561336806318,404.86503747982664,0.41840068911761186,41.840068911761186
d-block,Cr-Fe-O,Cr,Fe,O,Cr7FeO12_1245241_POSCAR,-0.1623791536942023,13.0022056775,-0.55712406203919,-0.3947449083449876,12.039079331,23.5965954887,35,local_max_drop,mp-1245241,Cr7FeO12,,,,,,,,,,80,991.2572682468797,12.390715853085997,411.3266820048911,0.4149545180459118,41.495451804591184
d-block,Cr-Fe-O,Cr,Fe,O,Cr3FeO6_1244931_POSCAR,-0.1415698086388316,13.6719854872,-0.53250675744006,-0.3909369488012284,12.6592458215,24.8121218102,35,local_max_drop,mp-1244931,Cr3FeO6,,,,,,,,,,80,1006.0578793598792,12.57572349199849,404.86503747982664,0.4024271821591703,40.24271821591703
d-block,Cr-Fe-O,Cr,Fe,O,CrFe7O12_1245166_POSCAR,-0.1388696080944512,13.4968036742,-0.47272057176476,-0.3338509636703088,12.458588007,25.4362838476,35,local_max_drop,mp-1245166,CrFe7O12,,,,,,,,,,80,981.5573803370761,12.26946725421345,372.5568148545054,0.37955683724426365,37.955683724426365
d-block,Cr-Fe-O,Cr,Fe,O,Cr_FeO2_3_1245289_POSCAR,-0.1326352856123315,12.8522419493,-0.48892518005141,-0.3562898944390785,11.8636079532,24.2215329044,35,local_max_drop,mp-1245289,Cr(FeO2)3,,,,,,,,,,80,995.3531544649102,12.441914430811376,379.01845937956966,0.38078792203489364,38.078792203489364
d-block,Cr-Fe-O,Cr,Fe,O,Cr3FeO6_1245016_POSCAR,-0.1308166573674082,13.4198630375,-0.53960783135335,-0.4087911739859417,12.4257991088,24.3545662533,35,local_max_drop,mp-1245016,Cr3FeO6,,,,,,,,,,80,992.0725787834265,12.40090723479283,404.86503747982664,0.40810021982092337,40.81002198209234
d-block,Cr-Fe-O,Cr,Fe,O,Cr3FeO6_1244976_POSCAR,-0.13031191654327,14.2564840626,-0.51565268074783,-0.3853407642045599,12.6724302779,25.872878484,35,local_max_drop,mp-1244976,Cr3FeO6,,,,,,,,,,80,1022.2554655093974,12.778193318867467,404.86503747982664,0.39605074381097044,39.60507438109705
d-block,Cr-Fe-O,Cr,Fe,O,Cr_FeO2_3_1245256_POSCAR,-0.1253048060321765,13.213693987,-0.46290969407132,-0.3376048880391434,12.197255988,24.9027309755,35,local_max_drop,mp-1245256,Cr(FeO2)3,,,,,,,,,,80,1055.8943302451667,13.198679128064583,379.01845937956966,0.3589549148270982,35.895491482709815
d-block,Cr-Fe-O,Cr,Fe,O,CrFeO3_1245204_POSCAR,-0.1233168773259782,13.4674504635,-0.490852168323,-0.3675352909970217,12.4698615403,24.440928619,35,local_max_drop,mp-1245204,CrFeO3,,,,,,,,,,80,1027.2413530549793,12.84051691318724,391.9417484296981,0.3815478682435022,38.15478682435022
d-block,Cr-Fe-O,Cr,Fe,O,Cr_FeO2_3_1245073_POSCAR,-0.1201602902407395,13.55888561,-0.47526482913087,-0.3551045388901304,12.5158944093,25.5532844189,35,local_max_drop,mp-1245073,Cr(FeO2)3,,,,,,,,,,80,1018.9507565725414,12.736884457156767,379.01845937956966,0.371969358612068,37.196935861206796
d-block,Cr-Fe-O,Cr,Fe,O,Cr_FeO2_3_1244915_POSCAR,-0.1162423381327309,13.4773814904,-0.4553884964579,-0.3391461583251691,12.4406598373,25.3996805012,35,local_max_drop,mp-1244915,Cr(FeO2)3,,,,,,,,,,80,1056.804161880897,13.210052023511214,379.01845937956966,0.3586458807135976,35.86458807135976
d-block,Cr-Fe-O,Cr,Fe,O,Cr2FeO4_1192780_POSCAR,-0.1099072976565682,3.9420095,-0.29353781638468,-0.1836305187281117,3.638778,7.42917175,35,local_max_drop,mp-1192780,Cr2FeO4,,,,,,,,,,28,303.39982060898524,10.83570787889233,147.80045706623852,0.4871474767835159,48.714747678351586
d-block,Cr-Fe-O,Cr,Fe,O,Cr10Fe5O24_771184_POSCAR,-0.1095595479489918,8.0855981073,-0.29261471399251,-0.1830551660435181,7.4866649142,14.6738632318,35,local_max_drop,mp-771184,Cr10Fe5O24,,,,,,,,,,39,455.54803852381764,11.680718936508145,189.5676130476592,0.4161308951344501,41.61308951344501
d-block,Cr-Fe-O,Cr,Fe,O,Cr3FeO6_1245083_POSCAR,-0.1087016826705101,11.2620597629,-0.60156882704754,-0.4928671443770299,10.1894826427,26.2781394469,35,local_max_drop,mp-1245083,Cr3FeO6,,,,,,,,,,80,998.6986901970486,12.483733627463106,404.86503747982664,0.40539257881668456,40.539257881668455
d-block,Cr-Fe-O,Cr,Fe,O,CrFeO3_1245144_POSCAR,-0.0994423623385294,13.2849773952,-0.47446476003189,-0.3750223976933605,12.2630560571,25.0370727832,35,local_max_drop,mp-1245144,CrFeO3,,,,,,,,,,80,1042.5793311396665,13.03224163924583,391.9417484296981,0.37593470033715126,37.59347003371513
d-block,Cr-Fe-O,Cr,Fe,O,CrFeO3_1245179_POSCAR,-0.0895817916625201,12.9359959047,-0.52031957748899,-0.4307377858264699,12.4384576007,24.3793768974,35,local_max_drop,mp-1245179,CrFeO3,,,,,,,,,,80,991.2331187557079,12.390413984446349,391.9417484296981,0.39540824556155013,39.540824556155016
d-block,Cr-Fe-O,Cr,Fe,O,CrFeO3_1244905_POSCAR,-0.0880965794447707,13.4891097406,-0.48874357147835,-0.4006469920335792,12.9702978275,25.4217837418,35,local_max_drop,mp-1244905,CrFeO3,,,,,,,,,,80,1005.4239735245333,12.567799669056665,391.9417484296981,0.38982733528397845,38.982733528397844
d-block,Cr-Fe-O,Cr,Fe,O,CrFeO3_1245260_POSCAR,-0.0872227907969437,12.4673240999,-0.49924185937196,-0.4120190685750162,11.5082991692,23.4961108037,35,local_max_drop,mp-1245260,CrFeO3,,,,,,,,,,80,1025.6300130578365,12.820375163222957,391.9417484296981,0.3821473079372493,38.21473079372493
d-block,Cr-Fe-O,Cr,Fe,O,CrFeO3_1245072_POSCAR,-0.0862442942083367,13.4333333442,-0.49362314055346,-0.4073788463451232,12.4000000101,25.3166666872,35,local_max_drop,mp-1245072,CrFeO3,,,,,,,,,,80,1037.6192676178,12.9702408452225,391.9417484296981,0.37773175639801937,37.773175639801934
d-block,Cr-Fe-S,Cr,Fe,S,Cr12Fe3S20_1226707_POSCAR,-0.1074699567658445,10.897542237,-0.32136291820839,-0.2138929614425455,10.1191463629,19.0706989147,35,local_max_drop,mp-1226707,Cr12Fe3S20,,,,,,,,,,35,509.8538947110113,14.567254134600324,260.8771502373418,0.5116704078238116,51.16704078238116
d-block,Cr-Hf-O,Cr,Hf,O,HfCrO3_756322_POSCAR,-0.043373618165505,6.3788452,-0.16463054949994,-0.1212569313344349,5.8881648,6.8695256,35,local_max_drop,mp-756322,HfCrO3,,,,,,,,,,20,244.80676715117258,12.24033835755863,149.24629340364424,0.6096493783257306,60.964937832573064
d-block,Cr-Mn-O,Cr,Mn,O,Mn6Cr9O20_757545_POSCAR,-0.3170669570586603,7.8490950185,-0.78908402786848,-0.4720170708098196,7.2453184786,14.7925252271,35,local_max_drop,mp-757545,Mn6Cr9O20,,,,,,,,,,70,797.0189227838458,11.385984611197797,385.655253978257,0.4838721427481691,48.387214274816905
d-block,Cr-Mn-O,Cr,Mn,O,Mn5Cr4O12_1222112_POSCAR,-0.2058042468758201,7.6781241789,-0.48970933385764,-0.2839050869818198,6.7921867736,14.4703109525,35,local_max_drop,mp-1222112,Mn5Cr4O12,,,,,,,,,,42,484.27867614199687,11.530444670047544,231.39315238695414,0.4778099135612294,47.78099135612294
d-block,Cr-Mn-O,Cr,Mn,O,Mn5Cr4O12_1222248_POSCAR,-0.1999142383328052,7.7053208551,-0.49057449024421,-0.2906602519114048,7.1126038663,14.5215662269,35,local_max_drop,mp-1222248,Mn5Cr4O12,,,,,,,,,,42,481.35534311043,11.460841502629286,231.39315238695414,0.4807117147422401,48.07117147422401
d-block,Cr-Mn-O,Cr,Mn,O,Mn5Cr3O16_771053_POSCAR,-0.1777925365166912,8.1679000426,-0.31470129365206,-0.1369087571353687,6.125925032,14.2938250746,35,local_max_drop,mp-771053,Mn5Cr3O16,,,,,,,,,,48,563.0821418188531,11.730877954559439,218.5282466946998,0.3880930160363737,38.80930160363737
d-block,Cr-Mn-O,Cr,Mn,O,Mn3CrO8_772951_POSCAR,-0.1743117952685547,11.5517738,-0.3051700356919,-0.1308582404233452,8.66383035,20.21560415,35,local_max_drop,mp-772951,Mn3CrO8,,,,,,,,,,48,561.7743702954368,11.703632714488267,218.5282466946998,0.3889964694896563,38.89964694896563
d-block,Cr-Mn-O,Cr,Mn,O,Mn13Cr3O32_775873_POSCAR,-0.1657296863925791,10.2002050458,-0.29478250608686,-0.1290528196942809,7.9334928134,18.5114832313,35,local_max_drop,mp-775873,Mn13Cr3O32,,,,,,,,,,48,566.3480266674497,11.798917222238536,218.5282466946998,0.38585505096677236,38.58550509667724
d-block,Cr-Mn-O,Cr,Mn,O,Mn15CrO32_771190_POSCAR,-0.1410595895667325,10.5107268185,-0.26941972871578,-0.1283601391490474,9.7599606172,18.3937719324,35,local_max_drop,mp-771190,Mn15CrO32,,,,,,,,,,48,555.9394746700082,11.582072388958503,218.5282466946998,0.39307920493397724,39.307920493397724
d-block,Cr-Mn-O,Cr,Mn,O,Mn2CrO4_765581_POSCAR,-0.1377727671079328,7.7181473176,-0.31312547653219,-0.1753527094242571,6.8605753935,14.007008095,35,local_max_drop,mp-765581,Mn2CrO4,,,,,,,,,,28,306.9311343665275,10.961826227375981,154.2621015913028,0.5025951567594569,50.259515675945686
d-block,Cr-Mn-O,Cr,Mn,O,Mn3Cr3O8_1290512_POSCAR,-0.1361495998454628,8.1037146451,-0.31911727889252,-0.1829676790470572,7.2033019068,14.706741393,35,local_max_drop,mp-1290512,Mn3Cr3O8,,,,,,,,,,28,301.6628670842427,10.773673824437239,154.2621015913028,0.5113725235138848,51.13725235138848
d-block,Cr-Mn-O,Cr,Mn,O,Mn5Cr3O16_1353690_POSCAR,-0.1234969089126815,8.4596102375,-0.2662112241002,-0.1427143151875184,7.8761888418,14.2938241944,35,local_max_drop,mp-1353690,Mn5Cr3O16,,,,,,,,,,48,563.0821131911734,11.730877358149447,218.5282466946998,0.3880930357674258,38.80930357674258
d-block,Cr-Mn-O,Cr,Mn,O,Mn2CrO4_675077_POSCAR,-0.0736720429135194,6.8722936698,-0.16280243394727,-0.0891303910337505,6.3436556952,12.9516303777,35,local_max_drop,mp-675077,Mn2CrO4,,,,,,,,,,14,157.95800750687786,11.282714821919848,77.1310507956515,0.48830098589521037,48.830098589521036
d-block,Cr-Mn-O,Cr,Mn,O,Mn7CrO16_769632_POSCAR,-0.0716071643387228,8.1525262,-0.1408395831705,-0.0692324188317771,7.5702029,14.26692085,35,local_max_drop,mp-769632,Mn7CrO16,,,,,,,,,,24,279.50201743332104,11.645917393055043,109.26412334735014,0.39092427436026134,39.092427436026135
d-block,Cr-Mn-O,Cr,Mn,O,Mn5Cr3O16_877768_POSCAR,-0.0710053131659584,9.334742331,-0.17753334163812,-0.1065280284721616,8.4596102375,14.2938241944,35,local_max_drop,mp-877768,Mn5Cr3O16,,,,,,,,,,48,563.0821131911734,11.730877358149447,218.5282466946998,0.3880930357674258,38.80930357674258
d-block,Cr-Mn-O,Cr,Mn,O,Mn3CrO8_773120_POSCAR,-0.0706011630797791,8.075289656,-0.15060018528047,-0.0799990222006908,7.498483252,14.131756898,35,local_max_drop,mp-773120,Mn3CrO8,,,,,,,,,,24,256.42950754523446,10.684562814384769,109.26412334735014,0.426098089854483,42.609808985448296
d-block,Cr-Mn-O,Cr,Mn,O,Mn5Cr3O16_771133_POSCAR,-0.0703569526279236,8.1462613053,-0.15801502461376,-0.0876580719858363,7.5643854978,14.2559572843,35,local_max_drop,mp-771133,Mn5Cr3O16,,,,,,,,,,24,260.2318620608774,10.842994252536558,109.26412334735014,0.41987219582584934,41.987219582584935
d-block,Cr-Mn-O,Cr,Mn,O,Mn2CrO4_34139_POSCAR,-0.0688206492954724,7.9725653307,-0.15649948066648,-0.0876788313710075,7.0867247384,14.4687296742,35,local_max_drop,mp-34139,Mn2CrO4,,,,,,,,,,14,153.6804724613833,10.977176604384521,77.1310507956515,0.5018923325800742,50.18923325800741
d-block,Cr-Mn-O,Cr,Mn,O,Mn5CrO8_1221988_POSCAR,-0.0688199294324013,7.2672241058,-0.14643782243194,-0.0776178929995387,6.4597547607,13.1886659697,35,local_max_drop,mp-1221988,Mn5CrO8,,,,,,,,,,14,155.350201476018,11.096442962572713,77.1310507956515,0.4964979128627556,49.64979128627556
d-block,Cr-Mn-O,Cr,Mn,O,Mn3Cr3O8_1221796_POSCAR,-0.0686446403867397,6.8609592367,-0.16459735167607,-0.0959527112893303,6.3331931416,12.9302693307,35,local_max_drop,mp-1221796,Mn3Cr3O8,,,,,,,,,,14,160.2403926291822,11.445742330655872,77.1310507956515,0.4813458674813854,48.13458674813854
d-block,Cr-Mn-O,Cr,Mn,O,Mn3Cr5O16_756938_POSCAR,-0.0683913487999422,8.1540220962,-0.15929695675477,-0.0909056079548278,7.5715919465,14.2695386684,35,local_max_drop,mp-756938,Mn3Cr5O16,,,,,,,,,,24,260.490780868694,10.853782536195583,109.26412334735014,0.41945485741557614,41.94548574155761
d-block,Cr-Mn-O,Cr,Mn,O,Mn2CrO6_753734_POSCAR,-0.0680858597469777,7.10770879,-0.11903291701273,-0.0509470572657522,5.3307815925,12.4384903825,35,local_max_drop,mp-753734,Mn2CrO6,,,,,,,,,,18,214.10464228018893,11.894702348899385,81.9480925105126,0.38274785468346306,38.27478546834631
d-block,Cr-Mn-O,Cr,Mn,O,Mn5Cr2O12_755906_POSCAR,-0.0672573403851509,6.934437252,-0.15013562343874,-0.0828782830535891,6.4207752334,12.5847194574,35,local_max_drop,mp-755906,Mn5Cr2O12,,,,,,,,,,19,217.61822712437103,11.453590901282686,93.19758707150082,0.42826186162355534,42.82618616235553
d-block,Cr-Mn-O,Cr,Mn,O,MnCrO4_755908_POSCAR,-0.0670881355457166,7.8872344,-0.22282617001712,-0.1557380344714033,7.0569992,9.5477048,35,local_max_drop,mp-755908,MnCrO4,,,,,,,,,,24,308.5596892208903,12.856653717537094,109.26412334735014,0.3541101678681386,35.41101678681386
d-block,Cr-Mn-O,Cr,Mn,O,Mn5Cr2O12_2214957_POSCAR,-0.0667765722206035,6.9591149778,-0.14868544625938,-0.0819088740387764,6.4436249794,12.6295049596,35,local_max_drop,mp-2214957,Mn5Cr2O12,,,,,,,,,,19,221.2031260610161,11.642269792685058,93.19758707150082,0.4213212929269067,42.13212929269067
d-block,Cr-Mn-O,Cr,Mn,O,MnCr2O4_28226_POSCAR,-0.0621314311532202,6.9893616646,-0.14917526156339,-0.0870438304101697,6.2127659241,12.684397095,35,local_max_drop,mp-28226,MnCr2O4,,,,,,,,,,14,151.07905137567113,10.791360812547937,77.1310507956515,0.5105343864243526,51.05343864243525
d-block,Cr-Mn-O,Cr,Mn,O,MnCr3O8_760027_POSCAR,-0.0618919199181385,8.1718764946,-0.14917675539743,-0.0872848354792914,7.5881710307,14.3007838655,35,local_max_drop,mp-760027,MnCr3O8,,,,,,,,,,24,263.7374428709918,10.989060119624659,109.26412334735014,0.41429128210967414,41.42912821096741
d-block,Cr-Mn-O,Cr,Mn,O,Mn5CrO12_1176453_POSCAR,-0.0547857535940334,7.0860801416,-0.10947957017423,-0.0546938165801965,6.5799315601,12.4006402479,35,local_max_drop,mp-1176453,Mn5CrO12,,,,,,,,,,18,206.70547675644738,11.48363759758041,81.9480925105126,0.39644857889792967,39.644857889792966
d-block,Cr-Mn-S,Cr,Mn,S,Mn2Cr13S20_1222474_POSCAR,-0.1040611192051136,10.745239488,-0.32734214702062,-0.2232810278155063,9.9777223817,18.804169104,35,local_max_drop,mp-1222474,Mn2Cr13S20,,,,,,,,,,35,532.6381001239282,15.218231432112235,265.72338363114,0.4988816676263198,49.88816676263198
d-block,Cr-Mo-O,Cr,Mo,O,Cr14MoO24_674480_POSCAR,-0.1255972725962765,6.8411752469,-0.30834923097358,-0.1827519583773035,6.3344215249,12.4154661889,35,local_max_drop,mp-674480,Cr14MoO24,,,,,,,,,,39,414.2534760469774,10.621884001204549,201.69374181149527,0.4868848506382181,48.688485063821815
d-block,Cr-Nb-S,Cr,Nb,S,Nb4CrS8_5306_POSCAR,-0.1034012614211289,9.7154360439,-0.23392951038593,-0.130528248964801,8.3753759,16.4157367639,35,local_max_drop,mp-5306,Nb4CrS8,,,,,,,,,,26,471.07287176514444,18.11818737558248,247.89591346352015,0.526236869753582,52.6236869753582
d-block,Cr-Nb-S,Cr,Nb,S,Nb3CrS6_1189260_POSCAR,-0.0818395781431433,8.416256025,-0.18529186950041,-0.1034522913572666,7.255393125,14.220570525,35,local_max_drop,mp-1189260,Nb3CrS6,,,,,,,,,,20,356.57163162506555,17.828581581253278,191.54668237813422,0.5371899090939046,53.71899090939046
d-block,Cr-Ni-O,Cr,Ni,O,Cr3_NiO6_2_776211_POSCAR,-0.0647044026762287,7.3787854,-0.55444671274708,-0.4897423100708513,6.9447392,21.2682638,35,local_max_drop,mp-776211,Cr3(NiO6)2,,,,,,,,,,68,965.862902458516,14.203866212625236,256.6900187934762,0.26576237490858706,26.576237490858706
d-block,Cr-Ni-S,Cr,Ni,S,Cr11NiS16_1226505_POSCAR,-0.080008237525323,8.7801030886,-0.25551997961928,-0.1755117420939569,8.129725082,15.9342611607,35,local_max_drop,mp-1226505,Cr11NiS16,,,,,,,,,,28,467.0735854576439,16.681199480630138,209.31566027933445,0.44814279119262257,44.81427911926226
d-block,Cr-Ni-S,Cr,Ni,S,Cr11NiS16_1226263_POSCAR,-0.0712918758555669,9.3701018334,-0.25678132616205,-0.1854894503064831,9.0230610248,17.0049996236,35,local_max_drop,mp-1226263,Cr11NiS16,,,,,,,,,,28,464.1993372277237,16.578547758132988,209.31566027933445,0.45091761985142564,45.09176198514256
d-block,Cr-Y-O,Cr,Y,O,Y2Cr3O9_1365415_POSCAR,-0.2693689479804491,7.3558004083,-0.53987528773536,-0.2705063397549109,6.567678936,12.8726507146,35,local_max_drop,mp-1365415,Y2Cr3O9,,,,,,,,,,56,647.7269691268598,11.566553020122496,408.1946062826469,0.6301954770123218,63.019547701232185
d-block,Cr-Y-O,Cr,Y,O,Y2Cr3O9_1659341_POSCAR,-0.2684504926739448,7.355818045,-0.53895314665771,-0.2705026539837652,6.5676946831,12.8726815788,35,local_max_drop,mp-1659341,Y2Cr3O9,,,,,,,,,,56,647.7269119539217,11.566551999177173,408.1946062826469,0.630195532637812,63.019553263781205
d-block,Cr-Y-O,Cr,Y,O,YCr3O6_1045038_POSCAR,-0.1422867548740069,8.3659803075,-0.33857631457401,-0.196289559700003,7.7462780625,15.1827050025,35,local_max_drop,mp-1045038,YCr3O6,,,,,,,,,,40,503.6962560474345,12.592406401185862,278.81983307954414,0.5535475591331116,55.35475591331116
d-block,Cr-Y-O,Cr,Y,O,YCrO3_1336975_POSCAR,-0.1394906950884116,8.826045252,-0.26727906501672,-0.1277883699283083,7.6086597,14.912973012,35,local_max_drop,mp-1336975,YCrO3,,,,,,,,,,30,385.4542583341232,12.848475277804107,261.559127170583,0.6785737127435125,67.85737127435125
d-block,Cr-Y-O,Cr,Y,O,YCrO3_18725_POSCAR,-0.1381606998409557,7.3436102039,-0.24929582570175,-0.1111351258607942,5.7699794459,12.8513178568,35,local_max_drop,mp-18725,YCrO3,,,,,,,,,,20,219.38031950904443,10.969015975452221,174.37275144705535,0.7948422713454315,79.48422713454315
d-block,Cr-Y-O,Cr,Y,O,YCr2O2_1208171_POSCAR,-0.1125248519251081,7.8325062309,-0.27285702779416,-0.1603321758690518,6.9287555119,14.7612617428,35,local_max_drop,mp-1208171,YCr2O2,,,,,,,,,,20,341.15913994537897,17.05795699726895,214.55368797614716,0.6288962037203463,62.88962037203463
d-block,Cr-Y-O,Cr,Y,O,YCrO2_1207648_POSCAR,-0.108644925129712,8.0656933705,-0.20482619367851,-0.096181268548798,6.6750565825,13.6282405225,35,local_max_drop,mp-1207648,YCrO2,,,,,,,,,,16,221.00171442613387,13.812607151633367,169.55570973219432,0.7672144542972108,76.72144542972109
d-block,Cr-Y-O,Cr,Y,O,Y2Cr2O7_2763860_POSCAR,-0.0991956953835472,8.8201065509,-0.19765025406511,-0.0984545586815627,7.6035401301,14.902938655,35,local_max_drop,mp-2763860,Y2Cr2O7,,,,,,,,,,22,245.0019074521789,11.136450338735404,176.78127230448587,0.7215505958417536,72.15505958417536
d-block,Cr-Y-O,Cr,Y,O,Y2Cr2O7_1939204_POSCAR,-0.0941330407729975,8.6450610645,-0.19116388294544,-0.0970308421724425,7.7188045218,15.1288568628,35,local_max_drop,mp-1939204,Y2Cr2O7,,,,,,,,,,22,256.5325000055539,11.660568182070632,176.78127230448587,0.6891184247635623,68.91184247635623
d-block,Cr-Y-O,Cr,Y,O,YCr2O4_1388764_POSCAR,-0.0744466540804833,6.980069708,-0.1655297246148,-0.0910830705343166,6.2045064071,12.6675339146,35,local_max_drop,mp-1388764,YCr2O4,,,,,,,,,,14,166.89954244684995,11.92139588906071,112.09388570293477,0.6716248832056065,67.16248832056066
d-block,Cr-Y-O,Cr,Y,O,Y2Cr3O9_1396182_POSCAR,-0.0730678380385686,5.285203,-0.13725272772693,-0.0641848896883613,3.96390225,9.24910525,35,local_max_drop,mp-1396182,Y2Cr3O9,,,,,,,,,,14,164.38771585022772,11.741979703587694,102.04865157066182,0.6207802757210733,62.07802757210733
d-block,Cr-Y-O,Cr,Y,O,YCr2O4_1388393_POSCAR,-0.058876223382489,7.1669590441,-0.14489403716823,-0.0860178137857409,6.6156545023,13.5069612755,35,local_max_drop,mp-1388393,YCr2O4,,,,,,,,,,14,181.85591428544947,12.98970816324639,112.09388570293477,0.6163884531519113,61.638845315191126
d-block,Cr-Y-S,Cr,Y,S,Y2CrS4_555795_POSCAR,-0.2192342635108729,10.528763,-0.50924482873869,-0.2900105652278171,9.024654,18.42533525,35,local_max_drop,mp-555795,Y2CrS4,,,,,,,,,,56,1191.2404599221932,21.272151070039165,704.8600930680899,0.5917026131853584,59.17026131853584
d-block,Cr-Y-S,Cr,Y,S,Y3CrS6_1207827_POSCAR,-0.172547117142033,5.276822236,-0.37384780063418,-0.2013006834921469,4.522990488,9.234438913,35,local_max_drop,mp-1207827,Y3CrS6,,,,,,,,,,40,801.2591469907037,20.03147867476759,506.1460806790911,0.6316883652187043,63.16883652187043
d-block,Cr-Zn-O,Cr,Zn,O,ZnCr2O4_1365412_POSCAR,-0.1632745574444543,7.6758863167,-0.51343046629356,-0.3501559088491057,7.0854335232,14.4660934431,35,local_max_drop,mp-1365412,ZnCr2O4,,,,,,,,,,56,619.0676079395645,11.054778713206508,279.3778972209474,0.4512881850672135,45.12881850672135
d-block,Cr-Zn-O,Cr,Zn,O,ZnCr5O7_1046078_POSCAR,-0.1557023257861129,6.938546979,-0.31705261595956,-0.1613502901734471,5.33734383,13.0764923835,35,local_max_drop,mp-1046078,ZnCr5O7,,,,,,,,,,26,282.38068115895055,10.860795429190405,144.56700424345777,0.5119578423358282,51.19578423358282
d-block,Cr-Zn-O,Cr,Zn,O,ZnCr2O4_1048859_POSCAR,-0.1286278134437804,8.0955128835,-0.36610799278145,-0.2374801793376695,7.196011452,14.6918567145,35,local_max_drop,mp-1048859,ZnCr2O4,,,,,,,,,,42,459.0102084339822,10.928814486523386,209.5334229157106,0.45648967945741675,45.648967945741674
d-block,Cr-Zn-O,Cr,Zn,O,ZnCr2O4_1040929_POSCAR,-0.1243346193576033,7.806589687,-0.37553643580592,-0.2512018164483167,7.206082788,14.7124190255,35,local_max_drop,mp-1040929,ZnCr2O4,,,,,,,,,,42,462.9273824026145,11.022080533395584,209.5334229157106,0.4526269796965184,45.26269796965184
d-block,Cr-Zn-O,Cr,Zn,O,ZnCr2O4_1362371_POSCAR,-0.1204061633843283,7.7518866788,-0.38690755982125,-0.2665013964369217,7.1555877036,14.6093248948,35,local_max_drop,mp-1362371,ZnCr2O4,,,,,,,,,,42,462.56889072755314,11.013545017322693,209.5334229157106,0.4529777663736642,45.29777663736642
d-block,Cr-Zn-O,Cr,Zn,O,ZnCr2O4_1048271_POSCAR,-0.1160373045198188,3.9774402,-0.28819504533408,-0.1721577408142611,3.0935646,7.2183174,35,local_max_drop,mp-1048271,ZnCr2O4,,,,,,,,,,28,280.65531184995405,10.023403994641216,139.68894861047383,0.49772422866222227,49.77242286622223
d-block,Cr-Zn-O,Cr,Zn,O,Zn2Cr9O13_1046037_POSCAR,-0.1158406877879102,3.9972814797,-0.27171376889204,-0.1558730811041297,3.689798289,7.5333381733,35,local_max_drop,mp-1046037,Zn2Cr9O13,,,,,,,,,,24,268.75433334067725,11.198097222528219,132.11324925375442,0.49157625706553937,49.15762570655394
d-block,Cr-Zn-O,Cr,Zn,O,ZnCr4O6_1042605_POSCAR,-0.1134893928661689,6.847546433,-0.26828662445086,-0.154797231584691,6.0574449215,12.9049913545,35,local_max_drop,mp-1042605,ZnCr4O6,,,,,,,,,,22,233.39695277842716,10.608952399019417,119.65949426405096,0.5126866175397259,51.26866175397259
d-block,Cr-Zn-O,Cr,Zn,O,ZnCr2O4_1378442_POSCAR,-0.1133117768139905,6.90388515,-0.25702737094778,-0.1437155941337894,5.36968845,12.52927305,35,local_max_drop,mp-1378442,ZnCr2O4,,,,,,,,,,28,311.3457257619552,11.119490205784114,139.68894861047383,0.44866184775337326,44.866184775337324
d-block,Cr-Zn-O,Cr,Zn,O,ZnCr2O4_1041789_POSCAR,-0.0908335731564329,3.8226123,-0.28001197399281,-0.189178400836377,3.5285652,7.20415395,35,local_max_drop,mp-1041789,ZnCr2O4,,,,,,,,,,28,282.9519710103384,10.105427536083514,139.68894861047383,0.493684310138168,49.368431013816796
d-block,Cr-Zn-O,Cr,Zn,O,ZnCrO2_1444748_POSCAR,-0.0791346315425397,3.9301517636,-0.18883612073858,-0.1097014891960402,3.6278323971,7.4068244775,35,local_max_drop,mp-1444748,ZnCrO2,,,,,,,,,,16,185.11048049331765,11.569405030832353,85.05688693679889,0.45949255120576155,45.949255120576154
d-block,Cr-Zn-O,Cr,Zn,O,ZnCrO2_1367483_POSCAR,-0.0739205400039988,3.8116776597,-0.17128534859312,-0.0973648085891211,3.5184716859,7.1835463587,35,local_max_drop,mp-1367483,ZnCrO2,,,,,,,,,,16,210.0449901625065,13.127811885156657,85.05688693679889,0.4049460397555425,40.49460397555425
d-block,Cr-Zn-O,Cr,Zn,O,ZnCrO2_1046147_POSCAR,-0.0661074014674141,3.9819421528,-0.16413128583129,-0.0980238843638758,3.6756389103,7.5044294419,35,local_max_drop,mp-1046147,ZnCrO2,,,,,,,,,,16,210.79489415379734,13.174680884612334,85.05688693679889,0.4035054419996569,40.35054419996569
d-block,Cr-Zn-O,Cr,Zn,O,ZnCrO2_1444696_POSCAR,-0.0645348785265754,3.8144555182,-0.17179295085529,-0.1072580723287145,3.521035863,7.1887815536,35,local_max_drop,mp-1444696,ZnCrO2,,,,,,,,,,16,188.88307648006491,11.805192280004057,85.05688693679889,0.45031502303900667,45.031502303900666
d-block,Cu-Nb-O,Cu,Nb,O,Nb8Cu2O21_2646914_POSCAR,-0.1101379469421614,15.3004998627,-0.34055477351278,-0.2304168265706185,14.7728964192,25.8525687336,35,local_max_drop,mp-2646914,Nb8Cu2O21,,,,,,,,,,62,711.47236278279,11.475360690045001,384.7395760619101,0.5407653145613046,54.07653145613046
d-block,Cu-Nb-O,Cu,Nb,O,Nb3CuO8_27383_POSCAR,-0.0725732893128204,7.6515495,-0.22994908807669,-0.1573757987638695,7.1414462,12.49753085,35,local_max_drop,mp-27383,Nb3CuO8,,,,,,,,,,48,581.1618562550517,12.107538671980244,298.79089569051246,0.5141268176405981,51.41268176405981
d-block,Cu-Nb-S,Cu,Nb,S,Nb24_CuS8_5_690962_POSCAR,-0.3036173486410566,19.1910863835,-0.66474287279222,-0.3611255241511634,16.5440399858,32.4263183721,35,local_max_drop,mp-690962,Nb24(CuS8)5,,,,,,,,,,69,1282.1371818080777,18.58169828707359,685.568804086715,0.5347078407943225,53.470784079432256
d-block,Cu-Nb-S,Cu,Nb,S,Nb2CuS4_1237864_POSCAR,-0.0998389332959031,4.89503615,-0.27231572125773,-0.1724767879618268,4.21985875,8.27092315,35,local_max_drop,mp-1237864,Nb2CuS4,,,,,,,,,,28,458.4360564637853,16.372716302278047,263.93325806043237,0.5757253478191066,57.572534781910655
d-block,Cu-Nb-S,Cu,Nb,S,Nb2CuS4_1193370_POSCAR,-0.0935265457738414,4.88341585,-0.24163639904896,-0.1481098532751185,4.20984125,8.25128885,35,local_max_drop,mp-1193370,Nb2CuS4,,,,,,,,,,28,508.9043732034225,18.175156185836517,263.93325806043237,0.51863035956842,51.863035956842
d-block,Cu-Nb-S,Cu,Nb,S,Nb3_CuS3_2_1220938_POSCAR,-0.0803112113836695,4.9078095045,-0.20064572032733,-0.1203345089436604,4.2308702625,8.2925057145,35,local_max_drop,mp-1220938,Nb3(CuS3)2,,,,,,,,,,22,403.9407396848843,18.360942712949285,207.58402697504638,0.5138972294227699,51.389722942277
d-block,Cu-Nb-S,Cu,Nb,S,Nb2CuS4_1210558_POSCAR,-0.0727886254517238,5.14278315,-0.22755461837197,-0.1547659929202461,4.78810845,8.68953015,35,local_max_drop,mp-1210558,Nb2CuS4,,,,,,,,,,28,515.3690366779402,18.40603702421215,263.93325806043237,0.5121247868551466,51.21247868551466
d-block,Cu-Pd-S,Cu,Pd,S,Cu3Pd13S7_1225772_POSCAR,-0.1543913083956804,9.5581114379,-0.41002438032355,-0.2556330719278695,8.8228720966,18.0133638638,35,local_max_drop,mp-1225772,Cu3Pd13S7,,,,,,,,,,23,363.994894188608,15.825864964722086,209.08901740772413,0.5744284349751959,57.44284349751959
d-block,Cu-Ta-S,Cu,Ta,S,Ta22_CuS12_3_686369_POSCAR,-0.1491203973828143,17.7206045788,-0.42724437401107,-0.2781239766282556,15.2763832576,29.9417111848,35,local_max_drop,mp-686369,Ta22(CuS12)3,,,,,,,,,,61,1138.8231772880774,18.669232414558646,656.2175657530781,0.5762242803274814,57.62242803274814
d-block,Cu-Ta-S,Cu,Ta,S,Ta14_CuS8_3_676854_POSCAR,-0.0835141007098651,9.5747663171,-0.27524065357004,-0.1917265528601748,8.5842732498,16.1780534323,35,local_max_drop,mp-676854,Ta14(CuS8)3,,,,,,,,,,41,737.4568966678316,17.986753577264185,433.3927764143639,0.5876855696551637,58.768556965516375
d-block,Cu-Y-O,Cu,Y,O,Y4_Cu2O5_3_1335004_POSCAR,-0.2044839499599706,17.7859416,-0.48725231237829,-0.2827683624183193,15.880305,31.1253978,35,local_max_drop,mp-1335004,Y4(Cu2O5)3,,,,,,,,,,100,1439.8895434794956,14.398895434794957,763.1682202703284,0.5300185863049822,53.00185863049822
d-block,Cu-Y-O,Cu,Y,O,Y4_Cu2O5_3_1338483_POSCAR,-0.1923213051915565,8.7954986,-0.44282208056423,-0.2505007753726735,7.85312375,15.39212255,35,local_max_drop,mp-1338483,Y4(Cu2O5)3,,,,,,,,,,100,1579.9764381432879,15.799764381432878,763.1682202703284,0.4830250640744788,48.30250640744788
d-block,Cu-Y-O,Cu,Y,O,Y4Cu7O16_530641_POSCAR,-0.1613742149479461,8.6519746502,-0.37280697962031,-0.2114327646723638,7.7249773662,15.1409556378,35,local_max_drop,mp-530641,Y4Cu7O16,,,,,,,,,,54,621.4227517293499,11.507828735728701,403.26079785203683,0.648931499095917,64.8931499095917
d-block,Cu-Y-O,Cu,Y,O,Y2Cu2O5_510475_POSCAR,-0.1445493274723433,8.7718246,-0.26625707571559,-0.1217077482432466,7.83198625,15.35069305,35,local_max_drop,mp-510475,Y2Cu2O5,,,,,,,,,,36,506.84768382192664,14.07910232838685,331.005172129121,0.6530663603573154,65.30663603573153
d-block,Cu-Y-O,Cu,Y,O,Y2Cu2O5_2882_POSCAR,-0.1443574542676053,4.9604968,-0.27801000718471,-0.1336525529171046,4.429015,8.6808694,35,local_max_drop,mp-2882,Y2Cu2O5,,,,,,,,,,36,487.1820782555275,13.532835507097985,331.005172129121,0.6794280555523811,67.94280555523811
d-block,Cu-Y-O,Cu,Y,O,Y6Cu11O24_867628_POSCAR,-0.1237374324323454,8.6790642044,-0.29051458770857,-0.1667771552762245,7.7491644682,15.1883623576,35,local_max_drop,mp-867628,Y6Cu11O24,,,,,,,,,,41,453.1017071131866,11.051261149102112,307.2626401038889,0.6781317202743036,67.81317202743035
d-block,Cu-Y-O,Cu,Y,O,YCuO3_1333124_POSCAR,-0.1057071388966631,8.9643993945,-0.20447867489017,-0.0987715359935068,7.7279305125,15.1467438045,35,local_max_drop,mp-1333124,YCuO3,,,,,,,,,,30,365.10076537685745,12.170025512561915,251.86666038298665,0.689855196887932,68.98551968879319
d-block,Cu-Y-O,Cu,Y,O,YCuO3_1340758_POSCAR,-0.0940324571309359,7.3668392,-0.17235293614758,-0.078320479016644,6.577535,12.8919686,35,local_max_drop,mp-1340758,YCuO3,,,,,,,,,,20,223.45319909981657,11.172659954990829,167.9111069219911,0.7514374714634772,75.14374714634772
d-block,Cu-Y-O,Cu,Y,O,Y4Cu2O7_755210_POSCAR,-0.0816025442247798,8.4720711773,-0.13333941605347,-0.0517368718286901,7.5643492655,14.8261245603,35,local_max_drop,mp-755210,Y4Cu2O7,,,,,,,,,,13,176.92835479508267,13.60987344577559,142.6216379189705,0.8060982542009957,80.60982542009957
d-block,Cu-Y-O,Cu,Y,O,Y2CuO4_755924_POSCAR,-0.0770715588731097,9.5176549565,-0.12956393786672,-0.0524923789936102,8.2048749625,16.0815549265,35,local_max_drop,mp-755924,Y2CuO4,,,,,,,,,,14,180.95706907973067,12.925504934266476,143.82589834768575,0.7948067410636236,79.48067410636236
d-block,Cu-Y-S,Cu,Y,S,Y2_CuS2_3_1352540_POSCAR,-0.0932021970910662,8.7870314,-0.27081830398448,-0.1776161068934137,7.84556375,15.37730495,35,local_max_drop,mp-1352540,Y2(CuS2)3,,,,,,,,,,44,975.6328000832947,22.173472729165788,461.83345553328434,0.4733681109264216,47.336811092642165
d-block,Fe-Cd-O,Fe,Cd,O,Cd_FeO2_2_532027_POSCAR,-0.1911398676819543,7.7994091875,-0.57022524046633,-0.3790853727843757,7.48743282,15.2868420075,35,local_max_drop,mp-532027,Cd(FeO2)2,,,,,,,,,,84,1036.696282909226,12.341622415586025,439.1144292618503,0.42357094985388266,42.357094985388265
d-block,Fe-Cd-O,Fe,Cd,O,Cd_FeO2_2_772600_POSCAR,-0.0798715249792069,3.9442611,-0.22140976802875,-0.141538243049543,3.6408564,7.43341515,35,local_max_drop,mp-772600,Cd(FeO2)2,,,,,,,,,,28,309.2095959663847,11.04319985594231,146.3714764206169,0.473373007597505,47.3373007597505
d-block,Fe-Cd-O,Fe,Cd,O,Cd_FeO2_2_756539_POSCAR,-0.074775744094754,3.8846158,-0.2178259003051,-0.1430501562103459,3.5857992,7.3210067,35,local_max_drop,mp-756539,Cd(FeO2)2,,,,,,,,,,28,298.1480220118558,10.648143643280564,146.3714764206169,0.49093559445045204,49.0935594450452
d-block,Fe-Co-O,Fe,Co,O,Fe2CoO4_685218_POSCAR,-0.2411665499806342,6.8074708861,-0.62887745984994,-0.3877109098693058,6.0219934762,12.8294643623,35,local_max_drop,mp-685218,Fe2CoO4,,,,,,,,,,84,931.9485829579212,11.0946259875943,389.5723676279416,0.4180191640953773,41.80191640953773
d-block,Fe-Co-O,Fe,Co,O,Fe2CoO4_532300_POSCAR,-0.1605096742164776,6.7703523972,-0.41951768689807,-0.2590080126815924,5.9891578898,12.759510287,35,local_max_drop,mp-532300,Fe2CoO4,,,,,,,,,,56,619.6217469474325,11.064674052632723,259.71491175196087,0.4191507367703713,41.91507367703713
d-block,Fe-Co-O,Fe,Co,O,Fe19Co5O32_757738_POSCAR,-0.1565696290349468,10.1332111352,-0.4174183591286,-0.2608487300936531,8.9639944658,19.097205601,35,local_max_drop,mp-757738,Fe19Co5O32,,,,,,,,,,56,619.4228315312523,11.061121991629506,263.479695857058,0.4253632291946998,42.53632291946998
d-block,Fe-Co-O,Fe,Co,O,Fe2CoO4_691111_POSCAR,-0.1223099348417275,7.7704224499,-0.31997214742479,-0.1976622125830625,6.8738352441,14.644257694,35,local_max_drop,mp-691111,Fe2CoO4,,,,,,,,,,42,454.3251610606381,10.817265739539002,194.78618381397064,0.42873739010895945,42.873739010895946
d-block,Fe-Co-O,Fe,Co,O,Fe2CoO4_36738_POSCAR,-0.1200135114359357,7.8510991,-0.31483723075913,-0.1948237193231942,6.94520305,14.79630215,35,local_max_drop,mp-36738,Fe2CoO4,,,,,,,,,,42,465.25584362615103,11.077520086336929,194.78618381397064,0.41866466909008454,41.86646690900845
d-block,Fe-Co-O,Fe,Co,O,Fe7_CoO6_2_1225378_POSCAR,-0.1157736526685328,7.649285656,-0.31148427602813,-0.1957106233595971,6.7666757726,14.4159614286,35,local_max_drop,mp-1225378,Fe7(CoO6)2,,,,,,,,,,42,465.8810024025324,11.092404819107914,197.2960398840354,0.42349020214730043,42.34902021473005
d-block,Fe-Co-O,Fe,Co,O,FeCo3O8_1178259_POSCAR,-0.0962999647739067,10.852213596,-0.22005134226248,-0.1237513774885732,10.0483459222,19.6947580075,35,local_max_drop,mp-1178259,FeCo3O8,,,,,,,,,,48,531.9672616297142,11.08265128395238,177.6225321740542,0.33389748765722294,33.389748765722295
d-block,Fe-Co-O,Fe,Co,O,FeCo3O8_776400_POSCAR,-0.09184662461613,10.7899267576,-0.21500979156218,-0.12316316694605,9.9906729237,19.5817189305,35,local_max_drop,mp-776400,FeCo3O8,,,,,,,,,,48,512.2728939011297,10.672351956273536,177.6225321740542,0.3467342002451059,34.673420024510584
d-block,Fe-Co-O,Fe,Co,O,FeCo9O20_771048_POSCAR,-0.063330566098629,6.6273276863,-0.13574495702895,-0.072414390930321,6.1364145244,12.0273724678,35,local_max_drop,mp-771048,FeCo9O20,,,,,,,,,,30,338.5207603629729,11.28402534543243,109.13169055623564,0.32237813255299647,32.23781325529965
d-block,Fe-Co-O,Fe,Co,O,Fe3Co7O20_775826_POSCAR,-0.0602453889465587,3.9087657,-0.13476740097479,-0.0745220120282312,3.6192275,7.0936859,35,local_max_drop,mp-775826,Fe3Co7O20,,,,,,,,,,30,341.95594753248787,11.398531584416263,111.64154662630037,0.3264793241114596,32.64793241114596
d-block,Fe-Co-O,Fe,Co,O,Fe2Co3O10_778217_POSCAR,-0.0581587333005963,6.7725555367,-0.13344092393135,-0.0752821906307536,6.2708847562,12.2909341221,35,local_max_drop,mp-778217,Fe2Co3O10,,,,,,,,,,30,343.24509742307555,11.441503247435852,112.89647466133272,0.3289092124225718,32.89092124225718
d-block,Fe-Cu-O,Fe,Cu,O,Fe2CuO4_685418_POSCAR,-0.1226545211031271,6.8980939289,-0.36785122787131,-0.2451967067681828,6.367471319,13.000253943,35,local_max_drop,mp-685418,Fe2CuO4,,,,,,,,,,56,617.3657533748088,11.024388453121587,269.7543360322199,0.4369441203332336,43.69441203332336
d-block,Fe-Cu-O,Fe,Cu,O,Fe13Cu5O24_763652_POSCAR,-0.0980399504257889,7.6188101875,-0.2838512806196,-0.185811330193811,7.0327478654,14.3585268919,35,local_max_drop,mp-763652,Fe13Cu5O24,,,,,,,,,,42,462.9200598863776,11.021906187770895,202.3157520241649,0.4370425253851015,43.704252538510154
d-block,Fe-Cu-O,Fe,Cu,O,Fe2CuO4_38090_POSCAR,-0.0924525337593719,7.8622401498,-0.27731250187559,-0.184859968116218,7.257452446,14.8172987439,35,local_max_drop,mp-38090,Fe2CuO4,,,,,,,,,,42,461.8509734745452,10.996451749393932,202.3157520241649,0.43805418553548964,43.80541855354896
d-block,Fe-Cu-O,Fe,Cu,O,Fe13Cu5O24_758556_POSCAR,-0.0841227218393004,7.7118050171,-0.27471830247019,-0.1905955806308896,7.140560201,13.995497994,35,local_max_drop,mp-758556,Fe13Cu5O24,,,,,,,,,,42,429.8483109625657,10.234483594346802,202.3157520241649,0.47066778410997184,47.06677841099719
d-block,Fe-Cu-O,Fe,Cu,O,Fe9Cu3O16_705842_POSCAR,-0.0668013656947301,6.4333525699,-0.19106381783552,-0.1242624521407898,5.9384792953,12.1243952279,35,local_max_drop,mp-705842,Fe9Cu3O16,,,,,,,,,,28,310.58087398195653,11.092174070784163,134.87716801611006,0.4342739019529769,43.42739019529769
d-block,Fe-Cu-O,Fe,Cu,O,Fe9Cu3O16_868046_POSCAR,-0.0604732517302164,7.9069826575,-0.18401341915059,-0.1235401674203735,7.3212802384,14.3497092673,35,local_max_drop,mp-868046,Fe9Cu3O16,,,,,,,,,,28,287.1535775958783,10.25548491413851,134.87716801611006,0.469703944298154,46.9703944298154
d-block,Fe-Cu-O,Fe,Cu,O,Fe9Cu3O16_861469_POSCAR,-0.05785044489427,7.6141312,-0.18461641950004,-0.12676597460577,7.32128,14.3497088,35,local_max_drop,mp-861469,Fe9Cu3O16,,,,,,,,,,28,287.162011853736,10.255786137633427,134.87716801611006,0.46969014858695457,46.96901485869546
d-block,Fe-Nb-S,Fe,Nb,S,Nb2FeS4_1210649_POSCAR,-0.1175487781213058,4.8448821,-0.25692656109242,-0.1393777829711141,4.1766225,8.1861801,35,local_max_drop,mp-1210649,Nb2FeS4,,,,,,,,,,28,547.0814240409819,19.538622287177926,263.93325806043237,0.48243871289013296,48.2438712890133
d-block,Fe-Nb-S,Fe,Nb,S,Nb4FeS8_1193686_POSCAR,-0.0929657750023867,9.7583414425,-0.22254684180007,-0.1295810667976832,8.4123633125,16.4882320924,35,local_max_drop,mp-1193686,Nb4FeS8,,,,,,,,,,26,475.2034303999582,18.27705501538301,244.66509120098803,0.5148638994357931,51.48638994357931
d-block,Fe-Nb-S,Fe,Nb,S,Nb2FeS4_1193958_POSCAR,-0.0752503302035373,4.80819855,-0.25678452238084,-0.1815341921773026,4.47659865,8.12419755,35,local_max_drop,mp-1193958,Nb2FeS4,,,,,,,,,,28,477.0771802995553,17.03847072498412,263.93325806043237,0.5532296847539626,55.32296847539626
d-block,Fe-Nb-S,Fe,Nb,S,Nb3FeS6_22613_POSCAR,-0.071928549349794,8.38989488,-0.18069698599472,-0.1087684366449259,7.52197472,14.17602928,35,local_max_drop,mp-22613,Nb3FeS6,,,,,,,,,,20,341.58808073878663,17.07940403693933,188.31586011560208,0.5512951731463012,55.129517314630114
d-block,Fe-Ni-O,Fe,Ni,O,Fe2NiO4_699378_POSCAR,-0.2260108003808495,6.7359854806,-0.55929939487064,-0.3332885944897903,5.9587563867,12.6947418673,35,local_max_drop,mp-699378,Fe2NiO4,,,,,,,,,,70,758.4291586000455,10.834702265714936,320.71656509715973,0.4228695079302565,42.28695079302565
d-block,Fe-Ni-O,Fe,Ni,O,Fe21Ni9O40_698680_POSCAR,-0.204462336817227,12.8845812126,-0.53984397628007,-0.3353816394628429,11.8538147155,25.2537791766,35,local_max_drop,mp-698680,Fe21Ni9O40,,,,,,,,,,70,780.5162117427582,11.150231596325117,322.3642005914713,0.4130140998246373,41.30140998246373
d-block,Fe-Ni-O,Fe,Ni,O,Fe13_NiO10_2_757258_POSCAR,-0.1937237254229479,7.8235794582,-0.52157983864193,-0.3278561132189821,6.9208587515,14.7444382098,35,local_max_drop,mp-757258,Fe13(NiO10)2,,,,,,,,,,70,785.2428032500667,11.21775433214381,330.6023780630288,0.4210193034494401,42.10193034494401
d-block,Fe-Ni-O,Fe,Ni,O,Fe14Ni11O32_685456_POSCAR,-0.1833256246786929,7.6170196834,-0.4612113863198,-0.277885761641107,6.7381327969,14.3551524803,35,local_max_drop,mp-685456,Fe14Ni11O32,,,,,,,,,,57,619.7096113831703,10.872098445318779,261.2644290245154,0.42159170073444924,42.159170073444926
d-block,Fe-Ni-O,Fe,Ni,O,Fe2NiO4_530214_POSCAR,-0.1784003802619208,7.6954943605,-0.44351543469639,-0.2651150544344691,6.8075527035,14.503047064,35,local_max_drop,mp-530214,Fe2NiO4,,,,,,,,,,56,611.7245584763098,10.923652829934102,256.5732520777278,0.41942611020359105,41.9426110203591
d-block,Fe-Ni-O,Fe,Ni,O,Fe2NiO4_1326188_POSCAR,-0.1776306700465726,7.7774225166,-0.51065906762903,-0.3330283975824573,7.1791592461,14.6574501275,35,local_max_drop,mp-1326188,Fe2NiO4,,,,,,,,,,70,758.4292782024617,10.834703974320881,320.71656509715973,0.42286944124478393,42.286944124478396
d-block,Fe-Ni-O,Fe,Ni,O,Fe14Ni11O32_1365499_POSCAR,-0.1665286810485703,7.9099801223,-0.41822134422635,-0.2516926631777796,7.0310934421,14.3551491109,35,local_max_drop,mp-1365499,Fe14Ni11O32,,,,,,,,,,57,619.7096116063054,10.872098449233428,261.2644290245154,0.4215917005826493,42.15917005826493
d-block,Fe-Ni-O,Fe,Ni,O,Fe11_NiO3_8_36806_POSCAR,-0.1414824902017941,7.7237753104,-0.35736292856419,-0.2158804383623958,6.8325704669,14.5563457772,35,local_max_drop,mp-36806,Fe11(NiO3)8,,,,,,,,,,43,463.2619144478638,10.773532894136366,198.76875149939497,0.4290634418680768,42.90634418680768
d-block,Fe-Ni-O,Fe,Ni,O,Fe7_Ni3O8_2_754651_POSCAR,-0.1242537098536122,7.4833470986,-0.27134345285062,-0.1470897429970077,6.6198839718,14.1032310703,35,local_max_drop,mp-754651,Fe7(Ni3O8)2,,,,,,,,,,29,305.08970634694276,10.520334701618715,134.6254384799632,0.4412650957383317,44.126509573833175
d-block,Fe-Ni-O,Fe,Ni,O,Fe_NiO2_2_640147_POSCAR,-0.0598682052381543,6.5200766237,-0.12717665850901,-0.0673084532708556,6.018532268,12.2878367138,35,local_max_drop,mp-640147,Fe(NiO2)2,,,,,,,,,,14,137.35932892725648,9.811380637661177,60.848042030809,0.4429844154453699,44.298441544536985
d-block,Fe-Ni-S,Fe,Ni,S,FeNi35S32_1225604_POSCAR,-0.3277943305434015,13.2944069683,-0.72739057185948,-0.3995962413160784,12.3096360818,24.1268867203,35,local_max_drop,mp-1225604,FeNi35S32,,,,,,,,,,68,968.6813636970512,14.245314172015458,444.3293055152013,0.4586950076332453,45.86950076332453
d-block,Fe-Ni-S,Fe,Ni,S,Fe6Ni9S20_530925_POSCAR,-0.1444188106499945,8.1464890717,-0.48784308001101,-0.3434242693610154,7.5645969951,14.2563558754,35,local_max_drop,mp-530925,Fe6Ni9S20,,,,,,,,,,70,1033.7344224235314,14.76763460605045,453.3269944266907,0.4385333259618959,43.853332596189595
d-block,Fe-Ni-S,Fe,Ni,S,Fe6Ni9S20_1333995_POSCAR,-0.1268518117517189,9.5398137144,-0.45166564822624,-0.3248138364745211,8.5529364336,16.1189955864,35,local_max_drop,mp-1333995,Fe6Ni9S20,,,,,,,,,,70,1033.7343953489617,14.767634219270882,453.3269944266907,0.4385333374475359,43.85333374475359
d-block,Fe-Ni-S,Fe,Ni,S,Fe5Ni7S16_675307_POSCAR,-0.103274765424068,9.2074238721,-0.38387984861112,-0.280605083187052,8.5497507383,16.1129917761,35,local_max_drop,mp-675307,Fe5Ni7S16,,,,,,,,,,56,842.3381105307514,15.041751973763416,363.32064973907717,0.43132400777895635,43.13240077789563
d-block,Fe-Ta-S,Fe,Ta,S,Ta9_FeS3_2_3652_POSCAR,-0.2011962944092066,15.055566746,-0.3951438606307,-0.1939475662214933,12.97893685,25.438716226,35,local_max_drop,mp-3652,Ta9(FeS3)2,,,,,,,,,,34,613.4610175906158,18.042971105606348,467.1563858187581,0.7615094886607906,76.15094886607906
d-block,Fe-Ta-S,Fe,Ta,S,Ta9_FeS3_2_615821_POSCAR,-0.1048072177553554,15.377757555,-0.19962436259655,-0.0948171448411945,12.8147979625,25.1170040065,35,local_max_drop,mp-615821,Ta9(FeS3)2,,,,,,,,,,17,299.6428784285069,17.62605167226511,233.5781929093791,0.7795219233455253,77.95219233455254
d-block,Fe-Y-O,Fe,Y,O,Y6Fe16O_504492_POSCAR,-0.3939728826567863,10.428754268,-0.54247169717843,-0.1484988145216437,7.7250031615,18.9262577456,35,local_max_drop,mp-504492,Y6Fe16O,,,,,,,,,,23,423.45073443992897,18.410901497388217,327.73506739204856,0.7739626849992896,77.39626849992895
d-block,Fe-Y-O,Fe,Y,O,Y3Fe5O12_4704_POSCAR,-0.2885302493393791,14.3572278715,-0.58926135432374,-0.3007311049843609,12.3061953184,25.1251487751,35,local_max_drop,mp-4704,Y3Fe5O12,,,,,,,,,,80,990.6826701404029,12.383533376755036,595.2571133483359,0.600855482072755,60.085548207275494
d-block,Fe-Y-O,Fe,Y,O,YFeO3_1376289_POSCAR,-0.1176570107746904,8.84512064,-0.22020269323999,-0.1025456824652995,7.625104,14.94520384,35,local_max_drop,mp-1376289,YFeO3,,,,,,,,,,30,376.5719108421803,12.552397028072676,251.86666038298665,0.6688408060487095,66.88408060487096
d-block,Fe-Y-O,Fe,Y,O,YFeO3_20783_POSCAR,-0.1052719920215231,7.4027887228,-0.18358681435794,-0.0783148223364168,6.6096327882,12.9548802648,35,local_max_drop,mp-20783,YFeO3,,,,,,,,,,20,226.55587763986915,11.327793881993458,167.9111069219911,0.7411465492363029,74.11465492363028
d-block,Fe-Y-O,Fe,Y,O,Y_FeO2_3_1045059_POSCAR,-0.0902359660117479,8.152466218,-0.24587198332323,-0.155636017311482,7.525353432,15.364263257,35,local_max_drop,mp-1045059,Y(FeO2)3,,,,,,,,,,40,515.2418829183557,12.881047072958893,259.43489950435145,0.5035205950938989,50.35205950938989
d-block,Fe-Y-O,Fe,Y,O,Y2Fe2O7_1379819_POSCAR,-0.0820969202787327,8.8572862233,-0.15676737029176,-0.0746704500130272,7.6355915718,14.9657594807,35,local_max_drop,mp-1379819,Y2Fe2O7,,,,,,,,,,22,248.1317823546938,11.27871737975881,170.3196277794216,0.6864079488856327,68.64079488856328
d-block,Fe-Y-O,Fe,Y,O,YFeO3_1275986_POSCAR,-0.0753336907194197,5.1382557714,-0.14514029409778,-0.0698066033783602,4.4295308374,8.6818804413,35,local_max_drop,mp-1275986,YFeO3,,,,,,,,,,20,252.68252202526202,12.634126101263101,167.9111069219911,0.6645141325018282,66.45141325018282
d-block,Fe-Y-O,Fe,Y,O,Y_FeO2_2_557783_POSCAR,-0.0569226395248298,4.6074662593,-0.14320153151174,-0.0862788919869102,4.2530457778,8.6833017964,35,local_max_drop,mp-557783,Y(FeO2)2,,,,,,,,,,21,273.67939082454376,13.032351944025894,158.44836176680556,0.5789561329021922,57.89561329021922
d-block,Fe-Zn-O,Fe,Zn,O,Zn_Fe2O3_4_1100888_POSCAR,-0.3062771089390109,6.8372271965,-0.89030135776126,-0.584024248822249,6.3112866429,12.8855435626,35,local_max_drop,mp-1100888,Zn(Fe2O3)4,,,,,,,,,,126,1425.9320466441543,11.316921005112336,594.7799933888508,0.4171166464689744,41.71166464689744
d-block,Fe-Zn-O,Fe,Zn,O,Zn_FeO2_2_530413_POSCAR,-0.2289749127206422,7.867151864,-0.58528416431823,-0.3563092515975878,7.261986336,14.826555436,35,local_max_drop,mp-530413,Zn(FeO2)2,,,,,,,,,,84,939.0457500603219,11.17911607214669,380.2969786810354,0.40498237562611417,40.498237562611415
d-block,Fe-Zn-O,Fe,Zn,O,Zn_FeO2_2_531053_POSCAR,-0.2264796226710025,6.7705749253,-0.58690995131012,-0.3604303286391174,6.2497614695,12.7599296668,35,local_max_drop,mp-531053,Zn(FeO2)2,,,,,,,,,,84,926.3976288513539,11.028543200611356,380.2969786810354,0.41051160628786143,41.05116062878614
d-block,Fe-Zn-O,Fe,Zn,O,Zn11Fe25O48_1101180_POSCAR,-0.2256693538327847,12.8566517528,-0.58298123198591,-0.3573118781531253,11.8676785411,24.229843688,35,local_max_drop,mp-1101180,Zn11Fe25O48,,,,,,,,,,84,940.75572984578,11.199472974354524,382.32485579497654,0.4064018359554949,40.64018359554949
d-block,Fe-Zn-O,Fe,Zn,O,Zn_FeO2_2_743547_POSCAR,-0.1944172379220428,6.784743844,-0.50352392263351,-0.3091066847114672,6.2628404714,12.7866326292,35,local_max_drop,mp-743547,Zn(FeO2)2,,,,,,,,,,70,767.9384330657211,10.970549043796016,316.9141489008629,0.41268171412608673,41.26817141260867
d-block,Fe-Zn-O,Fe,Zn,O,Zn9Fe21O40_776633_POSCAR,-0.1937564226701769,7.7959081242,-0.50213830315013,-0.3083818804799531,7.1962228839,14.6922883879,35,local_max_drop,mp-776633,Zn9Fe21O40,,,,,,,,,,70,784.0500504979822,11.200715007114031,318.9420260148041,0.4067878393888643,40.67878393888643
d-block,Fe-Zn-O,Fe,Zn,O,Zn_FeO2_2_531960_POSCAR,-0.1912287037939175,6.8050404945,-0.48791098386821,-0.2966822800742925,6.2815758411,12.8248840089,35,local_max_drop,mp-531960,Zn(FeO2)2,,,,,,,,,,70,780.2623785050399,11.146605407214857,316.9141489008629,0.4061635645025731,40.616356450257314
d-block,Fe-Zn-O,Fe,Zn,O,Zn_FeO2_2_1100838_POSCAR,-0.1910057140022459,7.805901385,-0.49071919395093,-0.299713479948684,7.2054474323,14.7111218409,35,local_max_drop,mp-1100838,Zn(FeO2)2,,,,,,,,,,70,784.254473619439,11.203635337420556,316.9141489008629,0.4040960677447741,40.40960677447741
d-block,Fe-Zn-O,Fe,Zn,O,Zn_FeO2_2_677654_POSCAR,-0.1805854813910798,6.810078056,-0.48436851323264,-0.3037830318415601,6.2862258978,12.8343778748,35,local_max_drop,mp-677654,Zn(FeO2)2,,,,,,,,,,77,939.2204156962463,12.197667736314887,348.60556379094913,0.37116480643420324,37.116480643420324
d-block,Fe-Zn-O,Fe,Zn,O,Zn_FeO2_2_532403_POSCAR,-0.17410670548893,6.7815079295,-0.48259760533064,-0.3084908998417099,6.2598534733,12.7805341747,35,local_max_drop,mp-532403,Zn(FeO2)2,,,,,,,,,,70,758.1463259223048,10.830661798890068,316.9141489008629,0.4180118508327909,41.801185083279094
d-block,Fe-Zn-O,Fe,Zn,O,Zn9Fe15O32_766377_POSCAR,-0.1534158595052731,7.812703929,-0.40115924132047,-0.2477433818151969,7.2117267036,14.7239420199,35,local_max_drop,mp-766377,Zn9Fe15O32,,,,,,,,,,56,620.3597121739427,11.07785200310612,251.5034420067492,0.4054154985748496,40.54154985748496
d-block,Fe-Zn-O,Fe,Zn,O,Zn_FeO2_2_530636_POSCAR,-0.153218001265165,6.8008552221,-0.39258557789095,-0.239367576625785,6.2777125127,12.8169963801,35,local_max_drop,mp-530636,Zn(FeO2)2,,,,,,,,,,56,623.5033996476053,11.133989279421524,253.53131912069037,0.40662379589908,40.662379589908
d-block,Fe-Zn-O,Fe,Zn,O,Zn_FeO2_2_530392_POSCAR,-0.1524986077774658,6.8137757735,-0.38960880825227,-0.2371102004748041,6.2896391755,12.8413466501,35,local_max_drop,mp-530392,Zn(FeO2)2,,,,,,,,,,56,626.1885899638427,11.181939106497191,253.53131912069037,0.4048801322542938,40.488013225429384
d-block,Fe-Zn-O,Fe,Zn,O,Zn_FeO2_2_1353844_POSCAR,-0.1147248611766869,7.8749069628,-0.29935678768627,-0.184631926509583,7.2691448887,14.8411708145,35,local_max_drop,mp-1353844,Zn(FeO2)2,,,,,,,,,,42,468.6185251550379,11.157583932262806,190.14848934051778,0.4057639191229348,40.57639191229348
d-block,Fe-Zn-O,Fe,Zn,O,Zn_FeO2_2_34425_POSCAR,-0.11352383655586,7.885722975,-0.29223383384518,-0.1787099972893199,7.2791289,14.8615548375,35,local_max_drop,mp-34425,Zn(FeO2)2,,,,,,,,,,42,473.32199834576414,11.269571389184861,190.14848934051778,0.4017317809125223,40.17317809125223
d-block,Fe-Zn-O,Fe,Zn,O,Zn_FeO2_2_34140_POSCAR,-0.1133599562299276,7.88496995,-0.29067642950112,-0.1773164732711923,7.2784338,14.860135675,35,local_max_drop,mp-34140,Zn(FeO2)2,,,,,,,,,,42,473.11012484383764,11.264526781996134,190.14848934051778,0.40191168896096074,40.19116889609607
d-block,Fe-Zn-O,Fe,Zn,O,Zn2Fe7O12_757326_POSCAR,-0.1096560980473953,7.6815908538,-0.29400745584354,-0.1843513577961446,7.0906992496,14.4768443013,35,local_max_drop,mp-757326,Zn2Fe7O12,,,,,,,,,,42,472.4997370142605,11.249993738434775,194.20424356840016,0.4110145008663547,41.101450086635474
d-block,Fe-Zn-O,Fe,Zn,O,Zn_Fe2O3_2_1043611_POSCAR,-0.1044641217056165,6.595887,-0.20413464643351,-0.0996705247278934,5.2767096,12.92793852,35,local_max_drop,mp-1043611,Zn(Fe2O3)2,,,,,,,,,,22,231.73006557468855,10.53318479884948,106.73620521392237,0.4606057696881823,46.06057696881823
d-block,Fe-Zn-O,Fe,Zn,O,ZnFe5O7_1046059_POSCAR,-0.0972978938191535,6.6556122875,-0.23701113370336,-0.1397132398842064,6.1231633045,13.0450000835,35,local_max_drop,mp-1046059,ZnFe5O7,,,,,,,,,,26,279.0132513682416,10.731278898778523,128.41289293079723,0.46023940548012876,46.023940548012874
d-block,Fe-Zn-O,Fe,Zn,O,Zn2Fe9O13_1045954_POSCAR,-0.0869304227602241,6.5242861193,-0.21501236546718,-0.1280819427069559,6.0023432297,12.7876007938,35,local_max_drop,mp-1045954,Zn2Fe9O13,,,,,,,,,,24,257.41988234408575,10.725828431003572,117.5745490723598,0.45674229978553593,45.67422997855359
d-block,Fe-Zn-O,Fe,Zn,O,Zn_FeO2_2_1340255_POSCAR,-0.0835739218855749,7.78880475,-0.19104121127876,-0.107467289393185,6.05795925,14.13523825,35,local_max_drop,mp-1340255,Zn(FeO2)2,,,,,,,,,,28,293.35172248148723,10.476847231481687,126.7656595603454,0.4321285673321564,43.21285673321564
d-block,Fe-Zn-O,Fe,Zn,O,Zn_FeO2_2_1042141_POSCAR,-0.0831271881923881,3.8349428,-0.22338553440687,-0.1402583462144818,3.3924494,7.2273922,35,local_max_drop,mp-1042141,Zn(FeO2)2,,,,,,,,,,28,289.2263445129309,10.329512304033246,126.7656595603454,0.43829223016950275,43.82922301695027
d-block,Fe-Zn-O,Fe,Zn,O,Zn_FeO2_2_1371352_POSCAR,-0.0808385376647686,3.797443,-0.22601947846464,-0.1451809407998713,3.3592765,7.1567195,35,local_max_drop,mp-1371352,Zn(FeO2)2,,,,,,,,,,28,275.2349765775327,9.82982059205474,126.7656595603454,0.46057249386193466,46.05724938619347
d-block,Fe-Zn-O,Fe,Zn,O,Zn_FeO2_2_1378434_POSCAR,-0.079358788167797,3.7982048,-0.2245743824899,-0.1452155943221029,3.3599504,7.1581552,35,local_max_drop,mp-1378434,Zn(FeO2)2,,,,,,,,,,28,274.28329025862814,9.795831794951004,126.7656595603454,0.46217055162498266,46.21705516249827
d-block,Fe-Zn-O,Fe,Zn,O,Zn_FeO2_2_1376718_POSCAR,-0.0763454694921031,7.6657295,-0.1936418517212,-0.1172963822290968,6.78122225,14.44695175,35,local_max_drop,mp-1376718,Zn(FeO2)2,,,,,,,,,,28,305.13879771407227,10.89781420407401,126.7656595603454,0.41543605896727065,41.543605896727065
d-block,Fe-Zn-O,Fe,Zn,O,Zn_FeO2_2_1810050_POSCAR,-0.0760007671509077,6.5742514656,-0.19330860125413,-0.1173078341032222,5.8156839888,12.3899354544,35,local_max_drop,mp-1810050,Zn(FeO2)2,,,,,,,,,,28,305.13737118852976,10.897763256733205,126.7656595603454,0.41543800114219037,41.54380011421904
d-block,Fe-Zr-O,Fe,Zr,O,Zr6Fe2O_1215351_POSCAR,-0.1684929698614413,8.3706968459,-0.23210193756663,-0.0636089677051886,7.1748830108,14.6487194803,35,local_max_drop,mp-1215351,Zr6Fe2O,,,,,,,,,,9,174.56378066030337,19.395975628922596,155.16821231082193,0.8888912220157243,88.88912220157243
d-block,Fe-Zr-S,Fe,Zr,S,Zr6FeS2_1207526_POSCAR,-0.526448091126119,5.0141226635,-0.7703804259351,-0.243932334808981,4.149618756,8.4721382935,35,local_max_drop,mp-1207526,Zr6FeS2,,,,,,,,,,36,689.6144931129033,19.155958142025092,616.1118598960651,0.8934148949146223,89.34148949146223
d-block,Hf-Re-O,Hf,Re,O,Hf9Re4O3_1212448_POSCAR,-0.3573132958079261,12.1934616695,-0.56378969790222,-0.2064764020942938,10.5116048875,20.6027455794,35,local_max_drop,mp-1212448,Hf9Re4O3,,,,,,,,,,32,520.0203474441802,16.25063585763063,526.6873130351552,1.0128205860092632,101.28205860092632
d-block,Hf-Re-S,Hf,Re,S,Hf9Re4S_1399219_POSCAR,-0.645394856917348,17.552238922,-1.3139133391373,-0.6685184822199519,14.525990832,29.657231282,35,local_max_drop,mp-1399219,Hf9Re4S,,,,,,,,,,84,1881.389591375447,22.397495135421988,1587.479540953484,0.8437803356788579,84.3780335678858
d-block,Hf-Re-S,Hf,Re,S,Hf9Re4S_1192774_POSCAR,-0.3443619697908929,12.4110517,-0.54743463511739,-0.2030726653264971,9.8432479,20.9703977,35,local_max_drop,mp-1192774,Hf9Re4S,,,,,,,,,,28,543.1420396687929,19.397929988171175,529.159846984495,0.974256839531655,97.4256839531655
d-block,Hf-W-O,Hf,W,O,Hf9W4O3_1212452_POSCAR,-0.337457877800983,12.5698171735,-0.5407371240249,-0.203279246223917,10.402607316,21.2386566035,35,local_max_drop,mp-1212452,Hf9W4O3,,,,,,,,,,32,553.3564553667885,17.29238923021214,553.7829883744799,1.0007708105752715,100.07708105752715
d-block,Hf-W-S,Hf,W,S,Hf9W4S_1193767_POSCAR,-0.3212614097832338,12.615791874,-0.52007269749974,-0.1988112877165062,10.440655344,21.316337994,35,local_max_drop,mp-1193767,Hf9W4S,,,,,,,,,,28,563.1440477398529,20.11228741928046,556.2555223238197,0.9877677382124878,98.77677382124878
d-block,Mn-Ag-O,Mn,Ag,O,Mn3_AgO2_4_704268_POSCAR,-0.315894335438202,17.316800973,-1.4569536542589,-1.141059318820698,16.675437974,31.426786951,35,local_max_drop,mp-704268,Mn3(AgO2)4,,,,,,,,,,180,2242.4638401630177,12.458132445350099,1133.5532311794586,0.5054945417077735,50.54945417077735
d-block,Mn-Ag-O,Mn,Ag,O,Mn3_AgO2_4_705778_POSCAR,-0.1138334790865937,11.9995678482,-0.48348454348004,-0.3696510643934462,11.5551394094,21.7769935023,35,local_max_drop,mp-705778,Mn3(AgO2)4,,,,,,,,,,60,763.2531052961864,12.720885088269773,377.8510770598175,0.4950534422171652,49.50534422171652
d-block,Mn-Ag-O,Mn,Ag,O,Mn3_AgO2_4_31239_POSCAR,-0.1062325079755933,12.2509779699,-0.49843407224685,-0.3922015642712566,11.797238045,22.2332563157,35,local_max_drop,mp-31239,Mn3(AgO2)4,,,,,,,,,,60,747.3269130663098,12.455448551105162,377.8510770598175,0.5056034654358702,50.56034654358702
d-block,Mn-Cd-O,Mn,Cd,O,MnCd9O10_757244_POSCAR,-0.2906985595121067,8.2843712113,-0.81657834275118,-0.5258797832390733,7.6216215144,16.2373675741,35,local_max_drop,mp-757244,MnCd9O10,,,,,,,,,,80,1077.2211405821004,13.465264257276255,543.444174503125,0.5044871048570982,50.448710485709825
d-block,Mn-Cd-O,Mn,Cd,O,Mn9CdO10_756679_POSCAR,-0.1965599681524836,10.570082484,-0.29120447966989,-0.0946445115174063,8.0332626879,20.7173616687,35,local_max_drop,mp-756679,Mn9CdO10,,,,,,,,,,20,234.99311803679169,11.749655901839585,125.7957158668956,0.5353165953021671,53.531659530216714
d-block,Mn-Cd-O,Mn,Cd,O,MnCd4O5_753688_POSCAR,-0.17322881640374,8.1357645403,-0.4244739272892,-0.25124511088546,7.1594727955,15.946098499,35,local_max_drop,mp-753688,MnCd4O5,,,,,,,,,,40,530.3079830388846,13.257699575972115,269.20575531184016,0.5076403975085941,50.76403975085941
d-block,Mn-Cd-O,Mn,Cd,O,MnCd4O5_1221762_POSCAR,-0.1668438515937959,4.1011106625,-0.42744099887204,-0.2605971472782441,3.7730218095,8.0381768985,35,local_max_drop,mp-1221762,MnCd4O5,,,,,,,,,,40,507.5632517644397,12.689081294110993,269.20575531184016,0.5303885858087667,53.03885858087667
d-block,Mn-Cd-O,Mn,Cd,O,MnCd4O5_1176452_POSCAR,-0.1607082878678142,8.217927047,-0.42100270502932,-0.2602944171615057,7.5604928832,16.1071370121,35,local_max_drop,mp-1176452,MnCd4O5,,,,,,,,,,40,508.04834215589557,12.70120855389739,269.20575531184016,0.5298821646961184,52.988216469611835
d-block,Mn-Cd-O,Mn,Cd,O,MnCd6O8_752683_POSCAR,-0.1374762891506737,10.7391847743,-0.47243071361141,-0.3349544244607362,10.3096173833,21.0488021576,35,local_max_drop,mp-752683,MnCd6O8,,,,,,,,,,60,833.5962926257212,13.893271543762019,383.71816470321454,0.4603165442285637,46.03165442285637
d-block,Mn-Cd-O,Mn,Cd,O,MnCdO2_1221645_POSCAR,-0.1098764814854249,6.99964425,-0.19574718134839,-0.0858706998629651,5.5997154,13.71930273,35,local_max_drop,mp-1221645,MnCdO2,,,,,,,,,,16,192.05846968074508,12.003654355046567,104.66270379707059,0.5449522948456753,54.49522948456753
d-block,Mn-Cd-O,Mn,Cd,O,Mn2Cd3O5_760391_POSCAR,-0.1093088427344544,6.7655732662,-0.23029166159851,-0.1209828188640555,5.9537044742,13.2605236017,35,local_max_drop,mp-760391,Mn2Cd3O5,,,,,,,,,,20,256.286858790631,12.814342939531551,132.08654571619886,0.5153855579622387,51.538555796223875
d-block,Mn-Cd-O,Mn,Cd,O,Mn4CdO5_1221716_POSCAR,-0.0875976063683448,4.0164601086,-0.13742042025523,-0.0498228138868851,3.0525096826,7.8722618129,35,local_max_drop,mp-1221716,Mn4CdO5,,,,,,,,,,10,120.01133753850095,12.001133753850095,63.526940918378095,0.5293411624380735,52.93411624380735
d-block,Mn-Cd-O,Mn,Cd,O,Mn2CdO3_1221887_POSCAR,-0.0846918644358425,6.1150590222,-0.15656655566572,-0.0718746912298775,5.6258543004,11.9855156835,35,local_max_drop,mp-1221887,Mn2CdO3,,,,,,,,,,12,146.24861527519775,12.187384606266479,77.23886187794228,0.5281339705856428,52.813397058564284
d-block,Mn-Cd-O,Mn,Cd,O,Mn7CdO12_1105404_POSCAR,-0.0770822877813503,8.2364450784,-0.17381993229326,-0.0967376445119096,7.6263380356,14.9476225497,35,local_max_drop,mp-1105404,Mn7CdO12,,,,,,,,,,20,212.40731754502858,10.620365877251428,105.7052476023497,0.49765351224277415,49.76535122427742
d-block,Mn-Cd-O,Mn,Cd,O,Mn7CdO12_1105241_POSCAR,-0.0728132613197234,7.9683545806,-0.17549348188069,-0.1026802205609665,7.6618794044,15.0172836326,35,local_max_drop,mp-1105241,Mn7CdO12,,,,,,,,,,20,211.5352704376892,10.57676352188446,105.7052476023497,0.4997050722729793,49.97050722729793
d-block,Mn-Co-O,Mn,Co,O,MnCo9O10_1176471_POSCAR,-0.1565396751827253,9.7684551226,-0.2563688882298,-0.0998292130470745,8.2055023029,19.1461720402,35,local_max_drop,mp-1176471,MnCo9O10,,,,,,,,,,20,202.14742008847372,10.107371004423687,98.70449740034897,0.4882797779815792,48.82797779815792
d-block,Mn-Co-O,Mn,Co,O,Mn2CoO4_766445_POSCAR,-0.1346654808245387,8.013515374,-0.24807409479938,-0.1134086139748412,6.1642425954,15.1023943586,35,local_max_drop,mp-766445,Mn2CoO4,,,,,,,,,,28,314.2242335093878,11.222294053906706,142.78074492610907,0.45439125853367174,45.43912585336717
d-block,Mn-Co-O,Mn,Co,O,Mn_CoO2_2_767807_POSCAR,-0.118814532011052,7.2393691389,-0.24465437926159,-0.125839847250538,6.4040573152,13.6434264541,35,local_max_drop,mp-767807,Mn(CoO2)2,,,,,,,,,,28,286.2682632359564,10.2238665441413,131.29938826091544,0.4586585560575816,45.86585560575816
d-block,Mn-Co-O,Mn,Co,O,Mn3CoO8_758012_POSCAR,-0.1158914676537554,11.1280527,-0.24199934544232,-0.1261078777885645,10.3037525,20.1953549,35,local_max_drop,mp-758012,Mn3CoO8,,,,,,,,,,48,560.0879325893931,11.668498595612355,207.04689002950605,0.36966854306660185,36.96685430666019
d-block,Mn-Co-O,Mn,Co,O,MnCo3O8_867992_POSCAR,-0.1137754082962472,10.859589,-0.23684795907351,-0.1230725507772627,10.055175,19.708143,35,local_max_drop,mp-867992,MnCo3O8,,,,,,,,,,48,520.5217261501101,10.844202628127293,184.08417669911847,0.3536532049500496,35.36532049500496
d-block,Mn-Co-O,Mn,Co,O,Mn3_CoO4_2_504423_POSCAR,-0.0883417719429967,6.898800188,-0.17864198634033,-0.0903002143973332,5.174100141,12.072900329,35,local_max_drop,mp-504423,Mn3(CoO4)2,,,,,,,,,,26,255.4384001367044,9.824553851411707,120.28175580413279,0.47088360927629097,47.0883609276291
d-block,Mn-Co-O,Mn,Co,O,Mn_CoO2_2_1222025_POSCAR,-0.0682390146640331,6.5394425754,-0.13160164868929,-0.0633626340252568,5.7547094663,12.8173074478,35,local_max_drop,mp-1222025,Mn(CoO2)2,,,,,,,,,,14,155.8781559708725,11.134153997919466,65.6496941304577,0.4211603205180657,42.11603205180657
d-block,Mn-Co-O,Mn,Co,O,Mn2CoO4_1221996_POSCAR,-0.0651661151044457,6.8455484121,-0.11999150553038,-0.0548253904259342,5.0707766015,12.4234026737,35,local_max_drop,mp-1221996,Mn2CoO4,,,,,,,,,,14,151.76461263715785,10.840329474082704,71.39037246305462,0.47040196803807144,47.04019680380714
d-block,Mn-Co-O,Mn,Co,O,Mn3CoO8_773167_POSCAR,-0.0616031184131977,8.0760707986,-0.13044099836483,-0.0688378799516323,7.2107774987,14.1331238975,35,local_max_drop,mp-773167,Mn3CoO8,,,,,,,,,,24,249.00559088701033,10.37523295362543,103.52344501475324,0.4157474723598813,41.57474723598813
d-block,Mn-Co-O,Mn,Co,O,Mn5Co3O16_756965_POSCAR,-0.0580427616109752,7.9461438301,-0.12841345314144,-0.0703706915304647,7.3785621279,13.9057517026,35,local_max_drop,mp-756965,Mn5Co3O16,,,,,,,,,,24,245.5384447985006,10.230768533270858,100.6531058484548,0.4099280906134885,40.99280906134885
d-block,Mn-Co-O,Mn,Co,O,MnCo3O8_757029_POSCAR,-0.0572738565970304,7.5954806555,-0.12873746510388,-0.0714636085068495,7.0328524588,13.7843908192,35,local_max_drop,mp-757029,MnCo3O8,,,,,,,,,,24,238.7595376491352,9.948314068713968,92.04208834955949,0.3855012003114962,38.55012003114962
d-block,Mn-Cu-O,Mn,Cu,O,Mn2CuO4_698748_POSCAR,-0.266180578806617,8.2727912313,-0.63313036815374,-0.366949789347123,7.3535922056,15.0135840865,35,local_max_drop,mp-698748,Mn2CuO4,,,,,,,,,,84,942.8316234461885,11.224185993407005,443.40137119871514,0.4702869103796262,47.02869103796262
d-block,Mn-Cu-O,Mn,Cu,O,Mn2CuO4_705869_POSCAR,-0.2256412270735487,7.7617155734,-0.54104936027768,-0.3154081332041313,7.1646605293,14.6278485806,35,local_max_drop,mp-705869,Mn2CuO4,,,,,,,,,,70,770.67351114968,11.009621587852573,369.50114266559603,0.47945224186358676,47.94522418635868
d-block,Mn-Cu-O,Mn,Cu,O,Mn9_Cu3O10_2_685488_POSCAR,-0.2143545385924049,8.058414614,-0.51728026622746,-0.3029257276350551,7.1630352125,14.6245302255,35,local_max_drop,mp-685488,Mn9(Cu3O10)2,,,,,,,,,,70,769.1685816298628,10.988122594712326,366.2703204030639,0.47618991356477364,47.618991356477366
d-block,Mn-Cu-O,Mn,Cu,O,Mn2CuO4_530196_POSCAR,-0.1818446512256718,6.8617281683,-0.44163207928098,-0.2597874280553082,6.3534520077,12.4527659351,35,local_max_drop,mp-530196,Mn2CuO4,,,,,,,,,,56,576.0939712918414,10.287392344497167,295.600914132477,0.5131123199738009,51.31123199738009
d-block,Mn-Cu-O,Mn,Cu,O,Mn8Cu7O20_532104_POSCAR,-0.1784738028611296,6.8868050246,-0.49581830011707,-0.3173444972559404,6.3766713191,12.4982757853,35,local_max_drop,mp-532104,Mn8Cu7O20,,,,,,,,,,70,733.4782898971366,10.478261284244809,363.0394981405318,0.4949560241127855,49.49560241127855
d-block,Mn-Cu-O,Mn,Cu,O,Mn13Cu11O32_759736_POSCAR,-0.1590016807716204,8.0921894764,-0.40223368600817,-0.2432320052365495,7.4927680337,14.6858253461,35,local_max_drop,mp-759736,Mn13Cu11O32,,,,,,,,,,56,607.2061933620523,10.842967738608078,290.75468073867887,0.4788401105212603,47.88401105212603
d-block,Mn-Cu-O,Mn,Cu,O,Mn2CuO4_685330_POSCAR,-0.1487263994914122,7.876766521,-0.33643523714808,-0.1877088376566677,7.270861404,14.8446753665,35,local_max_drop,mp-685330,Mn2CuO4,,,,,,,,,,42,470.03950743250044,11.191416843630963,221.7006855993578,0.47166393908110993,47.16639390811099
d-block,Mn-Cu-O,Mn,Cu,O,Mn3Cu3O8_21784_POSCAR,-0.144792574406782,11.4135102,-0.39228625548471,-0.2474936810779279,10.568065,20.7134074,35,local_max_drop,mp-21784,Mn3Cu3O8,,,,,,,,,,56,604.3052793229464,10.791165702195471,289.1392696074128,0.47846556947402424,47.846556947402426
d-block,Mn-Cu-O,Mn,Cu,O,Mn2CuO4_34237_POSCAR,-0.1320160341008986,7.936691219,-0.31980107490863,-0.1877850408077313,7.3261765099,14.9576103744,35,local_max_drop,mp-34237,Mn2CuO4,,,,,,,,,,42,467.0691844849328,11.120694868688876,221.7006855993578,0.4746634823357944,47.46634823357944
d-block,Mn-Cu-O,Mn,Cu,O,Mn11Cu7O24_760128_POSCAR,-0.1311785251298005,8.198099311,-0.31414676566556,-0.1829682405357594,7.5908326953,14.8780320829,35,local_max_drop,mp-760128,Mn11Cu7O24,,,,,,,,,,42,458.0831878334763,10.906742567463722,220.0852744680917,0.48044826859722634,48.04482685972263
d-block,Mn-Cu-O,Mn,Cu,O,Mn11Cu7O24_765492_POSCAR,-0.1286675218378201,7.9057663524,-0.31192494513743,-0.1832574232996099,7.32015403,14.3475018988,35,local_max_drop,mp-765492,Mn11Cu7O24,,,,,,,,,,42,461.31118745357423,10.983599701275576,220.0852744680917,0.47708635830610724,47.708635830610724
d-block,Mn-Fe-O,Mn,Fe,O,Mn19Fe17O48_706492_POSCAR,-0.3220387144193556,7.9931539307,-0.7120708919242,-0.3900321775048444,7.0708669387,15.0640208693,35,local_max_drop,mp-706492,Mn19Fe17O48,,,,,,,,,,84,983.1807076208814,11.704532233581922,435.3243155423848,0.44277141746992826,44.277141746992825
d-block,Mn-Fe-O,Mn,Fe,O,Mn17Fe13O40_532236_POSCAR,-0.3036689843975848,7.9780362565,-0.59656876774607,-0.2928997833484852,6.1369509665,15.035529868,35,local_max_drop,mp-532236,Mn17Fe13O40,,,,,,,,,,70,826.802654686809,11.811466495525842,364.65490927179786,0.44104225742952935,44.104225742952934
d-block,Mn-Fe-O,Mn,Fe,O,Mn23FeO32_757698_POSCAR,-0.2889952380919736,8.2074742055,-0.52044787361664,-0.2314526355246664,6.3134416965,15.4679321564,35,local_max_drop,mp-757698,Mn23FeO32,,,,,,,,,,56,665.055402839867,11.875989336426198,306.9087920513394,0.4614785335790097,46.14785335790097
d-block,Mn-Fe-O,Mn,Fe,O,Mn13Fe11O32_762538_POSCAR,-0.2413248780295026,7.8820000171,-0.4771724606893,-0.2358475826597974,6.0630769362,14.8545384938,35,local_max_drop,mp-762538,Mn13Fe11O32,,,,,,,,,,56,656.1718492192764,11.71735445034422,290.75468073867887,0.4431075199044631,44.31075199044631
d-block,Mn-Fe-O,Mn,Fe,O,Mn_FeO2_2_697842_POSCAR,-0.2373153862905861,6.924294776,-0.56299604265356,-0.3256806563629738,6.1253376865,13.0496324625,35,local_max_drop,mp-697842,Mn(FeO2)2,,,,,,,,,,70,807.1543693274918,11.530776704678456,353.34703135293546,0.4377688392461266,43.77688392461266
d-block,Mn-Fe-O,Mn,Fe,O,Mn9FeO10_753618_POSCAR,-0.2041678671243441,8.4106728763,-0.29723461650091,-0.0930667493765658,6.6584493604,17.1717904558,35,local_max_drop,mp-753618,Mn9FeO10,,,,,,,,,,20,229.76303783305625,11.488151891652812,122.92213876576886,0.5349952713242022,53.49952713242022
d-block,Mn-Fe-O,Mn,Fe,O,Mn13Fe11O32_758522_POSCAR,-0.19461885517742,8.0966740252,-0.44120868063183,-0.2465898254544099,7.1970435779,14.6939639716,35,local_max_drop,mp-758522,Mn13Fe11O32,,,,,,,,,,56,627.2262531637033,11.200468806494701,290.75468073867887,0.46355629929730185,46.355629929730185
d-block,Mn-Fe-O,Mn,Fe,O,Mn13Fe11O32_1333722_POSCAR,-0.1818390843082711,7.8883502772,-0.4439303755701,-0.2620912912618289,7.281554102,14.8665062917,35,local_max_drop,mp-1333722,Mn13Fe11O32,,,,,,,,,,56,657.6376534123422,11.743529525220396,290.75468073867887,0.4421198804995647,44.21198804995647
d-block,Mn-Fe-O,Mn,Fe,O,Mn5_FeO3_4_1222437_POSCAR,-0.1813314374887525,7.9002894968,-0.35787432336791,-0.1765428858791574,6.0771457668,14.8890071286,35,local_max_drop,mp-1222437,Mn5(FeO3)4,,,,,,,,,,42,493.3610188449575,11.74669092487994,218.46986333682565,0.44281946686485474,44.281946686485476
d-block,Mn-Fe-O,Mn,Fe,O,MnFeO3_674482_POSCAR,-0.1469385520507833,10.148833526,-0.31667823738297,-0.1697396853321866,9.368154024,19.126647799,35,local_max_drop,mp-674482,MnFeO3,,,,,,,,,,40,435.42851573630713,10.885712893407678,195.9708742148492,0.45006440123349195,45.00644012334919
d-block,Mn-Fe-O,Mn,Fe,O,Mn5_FeO3_4_758400_POSCAR,-0.1468978815178069,7.7533508342,-0.34349146969836,-0.196593588180553,6.8587334302,14.6120842644,35,local_max_drop,mp-758400,Mn5(FeO3)4,,,,,,,,,,42,487.4846349170333,11.606777021834127,218.46986333682565,0.44815743448818196,44.815743448818196
d-block,Mn-Fe-O,Mn,Fe,O,Mn7Fe3O20_777317_POSCAR,-0.1399837756166412,7.8889915957,-0.29192078646933,-0.1519370108526888,7.3046218479,14.3170588219,35,local_max_drop,mp-777317,Mn7Fe3O20,,,,,,,,,,60,719.4161212529216,11.990268687548694,263.4678415807784,0.3662245448738732,36.622454487387316
d-block,Mn-Fe-O,Mn,Fe,O,MnFeO3_759744_POSCAR,-0.1303781623009648,10.1575391709,-0.30370914538136,-0.1733309830803951,9.3761900039,19.1430545913,35,local_max_drop,mp-759744,MnFeO3,,,,,,,,,,40,438.4171176199702,10.960427940499255,195.9708742148492,0.44699640214486597,44.6996402144866
d-block,Mn-Fe-O,Mn,Fe,O,Mn3Fe5O12_757662_POSCAR,-0.1195156399652983,10.1109658965,-0.29190027653771,-0.1723846365724116,9.3331992891,19.055281882,35,local_max_drop,mp-757662,Mn3Fe5O12,,,,,,,,,,40,439.5700928182866,10.989252320457165,192.74005195231706,0.43847398879339516,43.847398879339515
d-block,Mn-Fe-O,Mn,Fe,O,Mn13Fe3O32_771188_POSCAR,-0.1190012505234762,10.237608284,-0.24094933321967,-0.1219480826961937,9.4792669297,18.5793631821,35,local_max_drop,mp-771188,Mn13Fe3O32,,,,,,,,,,48,571.996495932171,11.916593665253563,213.68201330090162,0.37357224182408394,37.357224182408395
d-block,Mn-Fe-O,Mn,Fe,O,Mn3FeO8_771261_POSCAR,-0.1157821845691668,11.2113894754,-0.23657889291723,-0.1207967083480631,10.3809161809,20.3465957146,35,local_max_drop,mp-771261,Mn3FeO8,,,,,,,,,,48,573.2355578099755,11.94240745437449,212.06660216963556,0.36994669866577695,36.994669866577695
d-block,Mn-Fe-O,Mn,Fe,O,Mn2FeO3_761563_POSCAR,-0.1117727026578328,3.98186625,-0.16688091863628,-0.0551082159784471,3.02621835,7.80445785,35,local_max_drop,mp-761563,Mn2FeO3,,,,,,,,,,12,135.43925067444977,11.286604222870814,71.49170767568882,0.5278507324847118,52.78507324847118
d-block,Mn-Fe-O,Mn,Fe,O,MnFe2O3_761716_POSCAR,-0.0998932351487932,8.57429905,-0.15443851313035,-0.0545452779815568,6.85943924,16.805626138,35,local_max_drop,mp-761716,MnFe2O3,,,,,,,,,,12,120.57831508660686,10.048192923883905,68.26088541315664,0.5661124503533443,56.611245035334434
d-block,Mn-Fe-O,Mn,Fe,O,Mn4FeO5_1221857_POSCAR,-0.099479535209247,3.9259861613,-0.1463124028162,-0.0468328676069529,2.9837494826,7.6949328762,35,local_max_drop,mp-1221857,Mn4FeO5,,,,,,,,,,10,111.1143499381264,11.11143499381264,60.65336381725135,0.5458643627130605,54.58643627130605
d-block,Mn-Fe-O,Mn,Fe,O,Mn7Fe3O20_805897_POSCAR,-0.0931618761426091,8.7379793479,-0.21762417363558,-0.1244622974929709,8.1554473914,14.2720329349,35,local_max_drop,mp-805897,Mn7Fe3O20,,,,,,,,,,60,719.4159204959915,11.990265341599859,263.4678415807784,0.3662246470708267,36.62246470708267
d-block,Mn-Fe-O,Mn,Fe,O,Mn5FeO12_776272_POSCAR,-0.0917910969069838,8.0123361494,-0.17970519884235,-0.0879141019353661,7.153871562,14.0215882615,35,local_max_drop,mp-776272,Mn5FeO12,,,,,,,,,,36,427.6364588528194,11.878790523689426,160.66536275849273,0.37570548402139237,37.57054840213924
d-block,Mn-Fe-O,Mn,Fe,O,Mn9_FeO6_4_769622_POSCAR,-0.0913907803763677,17.3091268544,-0.19865228013713,-0.1072614997607622,16.0269693096,31.4128598469,35,local_max_drop,mp-769622,Mn9(FeO6)4,,,,,,,,,,37,434.82255684491093,11.751960995808403,168.6840350569488,0.3879376366325763,38.79376366325763
d-block,Mn-Fe-O,Mn,Fe,O,Mn2FeO6_752751_POSCAR,-0.0794424420799311,7.9156656441,-0.17088207729267,-0.0914396352127388,7.3293200408,14.36546728,35,local_max_drop,mp-752751,Mn2FeO6,,,,,,,,,,36,431.7149287588057,11.992081354411269,157.4345404959606,0.36467244936048415,36.46724493604842
d-block,Mn-Fe-O,Mn,Fe,O,MnFe4O5_1221795_POSCAR,-0.0726512666801102,6.7894223057,-0.12079060937227,-0.0481393426921598,5.1599609524,13.3072677192,35,local_max_drop,mp-1221795,MnFe4O5,,,,,,,,,,10,108.49332888375051,10.84933288837505,55.80713042345313,0.5143830592869899,51.43830592869899
d-block,Mn-Fe-O,Mn,Fe,O,Mn3Fe5O12_1354810_POSCAR,-0.0696021574444967,11.7080587061,-0.17182883956794,-0.1022266821234433,10.1469842119,19.1231625532,35,local_max_drop,mp-1354810,Mn3Fe5O12,,,,,,,,,,40,439.5701141796256,10.98925285449064,192.74005195231706,0.4384739674853234,43.84739674853234
d-block,Mn-Fe-O,Mn,Fe,O,Mn_FeO2_2_1192567_POSCAR,-0.0644318855929126,3.72947875,-0.12672061982625,-0.0622887342333373,2.83440385,7.30977835,35,local_max_drop,mp-1192567,Mn(FeO2)2,,,,,,,,,,14,147.6825880071918,10.548756286227986,70.66940627058719,0.4785222633500013,47.85222633500013
d-block,Mn-Fe-O,Mn,Fe,O,Mn2FeO4_1307341_POSCAR,-0.0634743871933968,6.8209398554,-0.12422160632221,-0.0607472191288131,6.2962521742,12.854848189,35,local_max_drop,mp-1307341,Mn2FeO4,,,,,,,,,,14,162.61281099928064,11.615200785662903,73.90022853311936,0.4544551445792686,45.44551445792686
d-block,Mn-Fe-O,Mn,Fe,O,Mn2FeO4_38856_POSCAR,-0.0596061030197468,6.8234687407,-0.12569867768357,-0.0660925746638231,6.2985865299,12.8596141651,35,local_max_drop,mp-38856,Mn2FeO4,,,,,,,,,,14,162.57214531246038,11.61229609374717,73.90022853311936,0.4545688216827342,45.456882168273424
d-block,Mn-Fe-O,Mn,Fe,O,Mn2FeO4_1307551_POSCAR,-0.05626972657879,6.8534572847,-0.11863077121177,-0.0623610446329799,6.3262682628,12.9161310365,35,local_max_drop,mp-1307551,Mn2FeO4,,,,,,,,,,14,161.91748250498992,11.565534464642138,73.90022853311936,0.45640672884623146,45.64067288462314
d-block,Mn-Hf-O,Mn,Hf,O,HfMnO3_754657_POSCAR,-0.0395516863150679,7.034326,-0.15333788199659,-0.113786195681522,6.222673,7.575428,35,local_max_drop,mp-754657,HfMnO3,,,,,,,,,,20,239.86518852023724,11.993259426011862,149.24629340364424,0.6222090596987668,62.22090596987668
d-block,Mn-Nb-O,Mn,Nb,O,Mn27Nb13O60_706836_POSCAR,-0.2269212626693078,5.9178867334,-0.9059523547011,-0.6790310920317922,5.4444557947,6.6280331414,35,local_max_drop,mp-706836,Mn27Nb13O60,,,,,,,,,,100,1190.3139343382481,11.903139343382481,616.1867261433976,0.517667405520179,51.7667405520179
d-block,Mn-Nb-O,Mn,Nb,O,Mn3Nb6O11_31908_POSCAR,-0.1885945081225786,7.6866213069,-0.39399595064778,-0.2054014425252013,6.3613417713,12.9877394497,35,local_max_drop,mp-31908,Mn3Nb6O11,,,,,,,,,,40,497.0086131503288,12.42521532875822,315.7089250504006,0.6352182169424677,63.521821694246775
d-block,Mn-Nb-O,Mn,Nb,O,MnNb4O12_775807_POSCAR,-0.1149855808424206,11.3879998131,-0.29015759324381,-0.1751720124013893,9.869599838,18.6003996947,35,local_max_drop,mp-775807,MnNb4O12,,,,,,,,,,68,897.8569305456708,13.203778390377511,398.426783159266,0.44375308537978636,44.37530853797863
d-block,Mn-Nb-O,Mn,Nb,O,MnNb3O6_29876_POSCAR,-0.111817030081357,9.2590727865,-0.33910334945941,-0.2272863193780529,8.6205160426,15.6446402254,35,local_max_drop,mp-29876,MnNb3O6,,,,,,,,,,40,489.89683352557205,12.247420838139302,295.6184567858547,0.6034300214974215,60.343002149742155
d-block,Mn-Nb-O,Mn,Nb,O,Mn4Nb2O9_1222064_POSCAR,-0.094572554748495,7.1568756188,-0.2820635705086,-0.1874910157601049,6.5843255693,14.0274762129,35,local_max_drop,mp-1222064,Mn4Nb2O9,,,,,,,,,,30,365.8920496948287,12.19640165649429,185.57872028902563,0.5071952791644614,50.71952791644614
d-block,Mn-Nb-O,Mn,Nb,O,Mn4Nb2O9_31901_POSCAR,-0.0859911508599634,5.7346333221,-0.27991503865854,-0.1939238877985765,5.5052479892,11.2398813112,35,local_max_drop,mp-31901,Mn4Nb2O9,,,,,,,,,,30,348.8992462499307,11.62997487499769,185.57872028902563,0.5318977392002964,53.18977392002964
d-block,Mn-Nb-S,Mn,Nb,S,Mn_NbS2_2_1211179_POSCAR,-0.1017802464092388,4.84340745,-0.25099395230428,-0.1492137058950411,4.17535125,8.18368845,35,local_max_drop,mp-1211179,Mn(NbS2)2,,,,,,,,,,28,512.875679375353,18.31698854911975,270.39490258549665,0.5272133451810757,52.72133451810757
d-block,Mn-Nb-S,Mn,Nb,S,Mn_NbS2_4_3669_POSCAR,-0.0970817349643353,9.7659407475,-0.22488602051898,-0.1278042855546446,8.4189144375,16.5010722975,35,local_max_drop,mp-3669,Mn(NbS2)4,,,,,,,,,,26,490.63425865122895,18.870548409662653,247.89591346352017,0.5052560213487637,50.525602134876365
d-block,Mn-Nb-S,Mn,Nb,S,Mn_NbS2_2_1193946_POSCAR,-0.096851788473404,4.8732296,-0.27023446947071,-0.173382680997306,4.0330176,8.2340776,35,local_max_drop,mp-1193946,Mn(NbS2)2,,,,,,,,,,28,480.969459348003,17.177480691000106,270.39490258549665,0.562187260189121,56.2187260189121
d-block,Mn-Nb-S,Mn,Nb,S,Mn_NbS2_3_10199_POSCAR,-0.0746660644097606,8.4717913295,-0.1767561088657,-0.1020900444559393,7.3032683875,14.3144060395,35,local_max_drop,mp-10199,Mn(NbS2)3,,,,,,,,,,20,371.4609332042216,18.57304666021108,191.54668237813422,0.5156576782539493,51.56576782539493
d-block,Mn-Ni-O,Mn,Ni,O,Mn_Ni9O10_2_758680_POSCAR,-0.6350591431579155,7.3689646528,-1.0780433729613,-0.4429842298033845,6.7794474806,14.4431707195,35,local_max_drop,mp-758680,Mn(Ni9O10)2,,,,,,,,,,78,743.4339449736812,9.531204422739503,358.1815319453699,0.4817933514699146,48.179335146991455
d-block,Mn-Ni-O,Mn,Ni,O,Mn3_Ni17O20_2_758834_POSCAR,-0.5713184989391659,7.3809747446,-0.99685166722266,-0.4255331682834942,6.790496765,14.4667104994,35,local_max_drop,mp-758834,Mn3(Ni17O20)2,,,,,,,,,,77,748.715680174813,9.723580262010557,353.45813063553686,0.4720859199222462,47.20859199222462
d-block,Mn-Ni-O,Mn,Ni,O,MnNi7O8_1221343_POSCAR,-0.1488282269063622,6.5254850713,-0.24433508581429,-0.0955068589079277,5.7424268627,12.7899507397,35,local_max_drop,mp-1221343,MnNi7O8,,,,,,,,,,16,154.88218592123945,9.680136620077466,76.78871353858493,0.4957878989235951,49.57878989235951
d-block,Mn-Ni-O,Mn,Ni,O,Mn15NiO32_851082_POSCAR,-0.1361955775832444,11.5298045737,-0.25441179019512,-0.1182162126118755,10.2944683694,20.177158004,35,local_max_drop,mp-851082,Mn15NiO32,,,,,,,,,,48,558.5752748659729,11.636984893041102,215.26520006912222,0.38538261494079545,38.53826149407954
d-block,Mn-Ni-O,Mn,Ni,O,Mn3NiO8_775810_POSCAR,-0.1350764003228987,11.398758,-0.25602762499226,-0.1209512246693612,10.1774625,19.9478265,35,local_max_drop,mp-775810,Mn3NiO8,,,,,,,,,,48,539.7448330152235,11.24468402115049,205.4760601923895,0.3806911111024828,38.06911111024828
d-block,Mn-Ni-O,Mn,Ni,O,Mn2NiO4_690543_POSCAR,-0.1194119078329194,7.7846246971,-0.24838139987094,-0.1289694920380205,6.6313469642,14.1276522281,35,local_max_drop,mp-690543,Mn2NiO4,,,,,,,,,,28,308.21616912251557,11.007720325804128,141.2099150889926,0.4581521971771112,45.815219717711116
d-block,Mn-Ni-O,Mn,Ni,O,Mn_Ni3O4_2_19442_POSCAR,-0.0932381176325943,6.378719585,-0.17093517332412,-0.0776970556915257,5.8684220182,12.5022903866,35,local_max_drop,mp-19442,Mn(Ni3O4)2,,,,,,,,,,15,144.6642071580719,9.644280477204793,68.80226560317425,0.4755997834902955,47.55997834902955
d-block,Mn-Ni-O,Mn,Ni,O,Mn3NiO4_776651_POSCAR,-0.0822177281720613,3.9257808375,-0.12219799343461,-0.0399802652625487,2.9835934365,7.6945304415,35,local_max_drop,mp-776651,Mn3NiO4,,,,,,,,,,8,87.20233470305406,10.900291837881758,46.55197333323637,0.5338386121398879,53.383861213988794
d-block,Mn-Ni-O,Mn,Ni,O,Mn3NiO4_1221811_POSCAR,-0.0821212191147503,3.9358075,-0.12167715656552,-0.0395559374507696,2.9912137,7.7141827,35,local_max_drop,mp-1221811,Mn3NiO4,,,,,,,,,,8,88.14295063202485,11.017868829003106,46.55197333323637,0.5281417628912766,52.81417628912766
d-block,Mn-Ni-O,Mn,Ni,O,MnNi3O4_759859_POSCAR,-0.0789514322505196,6.5583172375,-0.12217319973954,-0.0432217674890203,5.24665379,12.8543017855,35,local_max_drop,mp-759859,MnNi3O4,,,,,,,,,,8,79.07849109600991,9.884811387001239,40.02588008208122,0.5061538166362511,50.615381663625115
d-block,Mn-Ni-O,Mn,Ni,O,MnNi3O4_1221715_POSCAR,-0.0789392312044834,3.79965125,-0.12205826733087,-0.0431190361263866,3.039721,7.44731645,35,local_max_drop,mp-1221715,MnNi3O4,,,,,,,,,,8,79.24538412993313,9.905673016241641,40.02588008208122,0.5050878422956924,50.50878422956924
d-block,Mn-Ni-O,Mn,Ni,O,Mn2NiO4_29399_POSCAR,-0.0745886182310539,6.7791867014,-0.13721826409844,-0.062629645867386,6.2577108013,12.7761595526,35,local_max_drop,mp-29399,Mn2NiO4,,,,,,,,,,14,154.38170675976158,11.0272647685544,70.60495754449633,0.45734017991112774,45.73401799111277
d-block,Mn-Ni-O,Mn,Ni,O,Mn2NiO4_1180531_POSCAR,-0.061366797260222,6.7390435787,-0.1254876957355,-0.064120898475278,5.9614616273,12.700505206,35,local_max_drop,mp-1180531,Mn2NiO4,,,,,,,,,,14,158.01464682753615,11.286760487681153,70.60495754449633,0.4468253985439562,44.68253985439562
d-block,Mn-Ni-O,Mn,Ni,O,Mn2NiO3_1221937_POSCAR,-0.0608822710476576,5.0338847119,-0.091867688762356,-0.0309854177146983,3.8257523811,9.8664140353,35,local_max_drop,mp-1221937,Mn2NiO3,,,,,,,,,,6,64.18701007568697,10.697835012614496,34.09821834353289,0.5312323833642589,53.12323833642589
d-block,Mn-Ni-O,Mn,Ni,O,Mn2NiO3_1221867_POSCAR,-0.0606010270356134,3.9148694625,-0.091399833463328,-0.0307988064277145,2.9753007915,7.6731441465,35,local_max_drop,mp-1221867,Mn2NiO3,,,,,,,,,,6,64.60187457222007,10.766979095370012,34.09821834353289,0.5278208808850219,52.782088088502185
d-block,Mn-Ni-O,Mn,Ni,O,Mn2NiO4_1422345_POSCAR,-0.0588408863401014,6.7043214382,-0.12317642383161,-0.0643355374915085,5.9307458877,12.6350673259,35,local_max_drop,mp-1422345,Mn2NiO4,,,,,,,,,,14,157.83598036068204,11.273998597191575,70.60495754449633,0.44733119395940013,44.733119395940015
d-block,Mn-Ni-O,Mn,Ni,O,Mn2NiO4_622693_POSCAR,-0.0586145804506959,6.7043312249,-0.12297907622931,-0.064364495778614,5.9307545451,12.6350857701,35,local_max_drop,mp-622693,Mn2NiO4,,,,,,,,,,14,157.83520078666808,11.273942913333434,70.60495754449633,0.44733340340173433,44.733340340173434
d-block,Mn-Re-O,Mn,Re,O,Mn3ReO6_1278885_POSCAR,-0.0958190430287106,6.6835881811,-0.18511288180384,-0.0892938387751293,5.0795270176,13.0998328349,35,local_max_drop,mp-1278885,Mn3ReO6,,,,,,,,,,20,229.3807645325291,11.469038226626456,110.7916913592316,0.4830034095710756,48.300340957107565
d-block,Mn-Re-O,Mn,Re,O,Mn3ReO6_1105243_POSCAR,-0.095633606204272,6.6985165485,-0.18517642887243,-0.089542822668158,5.0908725769,13.1290924351,35,local_max_drop,mp-1105243,Mn3ReO6,,,,,,,,,,20,228.84481907963882,11.44224095398194,110.7916913592316,0.4841345843214204,48.41345843214204
d-block,Mn-Rh-O,Mn,Rh,O,Mn_RhO2_2_554354_POSCAR,-0.0627381822714853,6.8602349461,-0.14797864117024,-0.0852404588987546,6.0686693754,12.9289043215,35,local_max_drop,mp-554354,Mn(RhO2)2,,,,,,,,,,14,159.98903622608668,11.427788301863334,80.10792346322827,0.5007088320103678,50.07088320103678
d-block,Mn-Ta-O,Mn,Ta,O,Ta4Mn11O21_29747_POSCAR,-0.2613191249512975,6.81337815,-0.60077663273051,-0.3394575077792124,6.268307898,13.354221174,35,local_max_drop,mp-29747,Ta4Mn11O21,,,,,,,,,,72,884.1051341266374,12.279237973981076,462.70402855670613,0.5233586037409318,52.33586037409318
d-block,Mn-Ta-O,Mn,Ta,O,Ta2Mn4O9_698762_POSCAR,-0.2426065373153643,5.8681235665,-0.63882814462686,-0.3962216073114957,5.3986736812,11.5015221904,35,local_max_drop,mp-698762,Ta2Mn4O9,,,,,,,,,,90,1128.3532472093661,12.53725830232629,581.9722479277311,0.515771323711843,51.5771323711843
d-block,Mn-Ta-O,Mn,Ta,O,Ta9Mn11O34_675520_POSCAR,-0.1197146161561757,3.9834340892,-0.36391357035503,-0.2441989541988542,3.5238070789,7.5072411681,35,local_max_drop,mp-675520,Ta9Mn11O34,,,,,,,,,,54,618.2141914065494,11.448410951973138,349.905031232229,0.5659932044525403,56.59932044525403
d-block,Mn-Ta-O,Mn,Ta,O,Ta2Mn3O8_31909_POSCAR,-0.1147468381746604,11.3912778495,-0.35677983233145,-0.2420329941567895,10.4799756215,22.326904585,35,local_max_drop,mp-31909,Ta2Mn3O8,,,,,,,,,,52,647.7800106483321,12.457307897083309,338.16647865967116,0.522039076693979,52.2039076693979
d-block,Mn-Ta-O,Mn,Ta,O,Ta2Mn4O9_690508_POSCAR,-0.0880269021167869,7.1253594881,-0.22656618397401,-0.138539281857223,6.555330729,13.9657045966,35,local_max_drop,mp-690508,Ta2Mn4O9,,,,,,,,,,30,363.71425268484217,12.123808422828072,193.99074930924255,0.5333603175494341,53.33603175494341
d-block,Mn-Ta-O,Mn,Ta,O,Ta2Mn4O9_17993_POSCAR,-0.0869445304262842,6.6176195,-0.22932999231321,-0.1423854618869257,6.08820994,12.97053422,35,local_max_drop,mp-17993,Ta2Mn4O9,,,,,,,,,,30,348.18073982128254,11.606024660709418,193.99074930924255,0.557155313670756,55.7155313670756
d-block,Mn-Tc-O,Mn,Tc,O,Mn2TcO4_34263_POSCAR,-0.0819297982643207,6.7952084734,-0.17167903448387,-0.0897492362195492,4.8925501008,13.3186086078,35,local_max_drop,mp-34263,Mn2TcO4,,,,,,,,,,14,174.23762924545,12.44554494610357,81.24363852903242,0.46628067014493085,46.628067014493084
d-block,Mn-W-O,Mn,W,O,Mn3WO6_19158_POSCAR,-0.0706536730513467,7.7198505067,-0.16460227738164,-0.0939486043302932,7.1022624661,15.1309069931,35,local_max_drop,mp-19158,Mn3WO6,,,,,,,,,,20,234.69614316221765,11.734807158110883,117.56561019406274,0.5009268947074412,50.09268947074412
d-block,Mn-Y-O,Mn,Y,O,Y2Mn3O9_1350656_POSCAR,-0.2812557716728497,7.3455312,-0.44811854262831,-0.1668627709554602,5.7714888,12.8546796,35,local_max_drop,mp-1350656,Y2Mn3O9,,,,,,,,,,56,635.96344730739,11.356490130489107,408.1946062826469,0.6418523077244531,64.18523077244531
d-block,Mn-Y-O,Mn,Y,O,YMn2O5_510598_POSCAR,-0.1627297344713697,7.954998044,-0.28193576339438,-0.1192060289230102,7.102676825,13.921246577,35,local_max_drop,mp-510598,YMn2O5,,,,,,,,,,32,349.1519296518882,10.910997801621507,229.00481312073026,0.6558887225657118,65.58887225657118
d-block,Mn-Y-O,Mn,Y,O,YMn3O6_1045064_POSCAR,-0.1567564391715036,8.4395114543,-0.29110938380198,-0.1343529446304763,6.2514899661,15.316150417,35,local_max_drop,mp-1045064,YMn3O6,,,,,,,,,,40,528.9494593622248,13.223736484055621,278.81983307954414,0.5271199887711921,52.711998877119214
d-block,Mn-Y-O,Mn,Y,O,YMnO3_19385_POSCAR,-0.1555325131679633,8.9000851955,-0.25828243550879,-0.1027499223408266,7.6724872375,15.0380749855,35,local_max_drop,mp-19385,YMnO3,,,,,,,,,,30,373.2740109311682,12.442467031038941,261.559127170583,0.7007161482207089,70.0716148220709
d-block,Mn-Y-O,Mn,Y,O,YMnO3_20699_POSCAR,-0.1355739869670973,7.4707234,-0.21309328696624,-0.0775192999991426,6.67028875,13.07376595,35,local_max_drop,mp-20699,YMnO3,,,,,,,,,,20,235.56508314016247,11.778254157008124,174.37275144705535,0.740231740301268,74.02317403012681
d-block,Mn-Y-O,Mn,Y,O,Y2Mn3O9_1343591_POSCAR,-0.1214532247952541,9.77013191,-0.21682384499343,-0.0953706201981758,8.7233320625,17.0977308425,35,local_max_drop,mp-1343591,Y2Mn3O9,,,,,,,,,,28,332.754752422228,11.884098300793857,204.09730314132332,0.6133565385787398,61.335653857873986
d-block,Mn-Y-O,Mn,Y,O,Y2Mn2O7_18831_POSCAR,-0.1054507124215033,8.7918313475,-0.18433711870022,-0.0788864062787166,7.5791649548,14.8551633113,35,local_max_drop,mp-18831,Y2Mn2O7,,,,,,,,,,22,242.67026463102852,11.03046657413766,176.78127230448587,0.7284834529408681,72.84834529408681
d-block,Mn-Y-O,Mn,Y,O,YMn2O4_1385844_POSCAR,-0.0923178908221002,7.1824519157,-0.15289334348061,-0.0605754526585097,6.1563873563,12.5692908525,35,local_max_drop,mp-1385844,YMn2O4,,,,,,,,,,14,162.65616774085282,11.618297695775201,112.09388570293477,0.6891462356442891,68.91462356442891
d-block,Mn-Y-O,Mn,Y,O,Y2Mn3O9_1336972_POSCAR,-0.086045063661809,8.481263504,-0.16480470371266,-0.078759640050851,7.5725567,14.842211132,35,local_max_drop,mp-1336972,Y2Mn3O9,,,,,,,,,,28,381.0154150679455,13.60769339528377,204.09730314132332,0.5356667868803344,53.56667868803344
d-block,Mn-Y-O,Mn,Y,O,YMn2O4_1385591_POSCAR,-0.0640226300470144,7.2042144219,-0.12810164274805,-0.0640790127010355,6.3729589117,13.5771733337,35,local_max_drop,mp-1385591,YMn2O4,,,,,,,,,,14,185.09749624183794,13.221249731559853,112.09388570293477,0.6055937437234657,60.559374372346575
d-block,Mn-Y-S,Mn,Y,S,Y6Mn11S20_1100893_POSCAR,-0.157988287709734,4.5739565215,-0.34536764004808,-0.187379352338346,4.0657391302,8.3008840575,35,local_max_drop,mp-1100893,Y6Mn11S20,,,,,,,,,,37,729.750307308605,19.722981278610945,393.1108774749662,0.5386923082290982,53.86923082290982
d-block,Mn-Y-S,Mn,Y,S,Y6Mn11S20_1100884_POSCAR,-0.1059990158988083,4.2821193158,-0.30482111627784,-0.1988221003790315,3.7880286255,8.0701479412,35,local_max_drop,mp-1100884,Y6Mn11S20,,,,,,,,,,37,766.9420196757402,20.728162693938923,393.1108774749662,0.5125692260820078,51.25692260820078
d-block,Mn-Zn-O,Mn,Zn,O,Mn2ZnO4_1332857_POSCAR,-0.1972240113583782,7.824073092,-0.4514558903982,-0.2542318790398218,7.2222213157,14.7453685196,35,local_max_drop,mp-1332857,Mn2ZnO4,,,,,,,,,,56,634.3792761376124,11.32820135960022,279.37789722094743,0.44039568713834143,44.03956871383414
d-block,Mn-Zn-O,Mn,Zn,O,Mn2ZnO4_1041340_POSCAR,-0.1535582280034034,7.6871140912,-0.33836455302186,-0.1848063250184565,7.0957976226,14.4872534795,35,local_max_drop,mp-1041340,Mn2ZnO4,,,,,,,,,,42,478.96986182182144,11.404044329090986,209.5334229157106,0.43746682122905217,43.74668212290522
d-block,Mn-Zn-O,Mn,Zn,O,Mn2ZnO4_1041069_POSCAR,-0.1524678358293323,8.0627250947,-0.33264397639324,-0.1801761405639076,7.442515472,15.1951357553,35,local_max_drop,mp-1041069,Mn2ZnO4,,,,,,,,,,42,478.49881558599145,11.392828942523606,209.5334229157106,0.43789747454046757,43.789747454046754
d-block,Mn-Zn-O,Mn,Zn,O,Mn2ZnO4_1331108_POSCAR,-0.1513196649880938,8.206114273,-0.3361732441997,-0.1848535792116062,7.2943237982,14.8925777547,35,local_max_drop,mp-1331108,Mn2ZnO4,,,,,,,,,,42,474.35273412019603,11.294112717147524,209.5334229157106,0.4417249187028339,44.172491870283395
d-block,Mn-Zn-O,Mn,Zn,O,Mn9Zn2O13_1045871_POSCAR,-0.1493244455675619,3.9647329137,-0.27181754005075,-0.122493094483188,3.5072637314,7.4719966451,35,local_max_drop,mp-1045871,Mn9Zn2O13,,,,,,,,,,24,267.4857012440334,11.145237551834725,132.1132492537544,0.49390770661503286,49.39077066150329
d-block,Mn-Zn-O,Mn,Zn,O,Mn2ZnO4_1341462_POSCAR,-0.1431907726855265,3.9105963,-0.26862879811278,-0.1254380254272534,3.008151,7.36996995,35,local_max_drop,mp-1341462,Mn2ZnO4,,,,,,,,,,28,287.56392883514553,10.270140315540912,139.6889486104738,0.4857665882376875,48.576658823768746
d-block,Mn-Zn-O,Mn,Zn,O,MnZn4O5_1221575_POSCAR,-0.1379178118054547,4.2420117567,-0.33004816455233,-0.1921303527468752,3.91570316,7.9945606183,35,local_max_drop,mp-1221575,MnZn4O5,,,,,,,,,,40,486.70325994423234,12.16758149860581,190.7824878707533,0.3919893363619829,39.19893363619829
d-block,Mn-Zn-O,Mn,Zn,O,MnZn4O5_1176421_POSCAR,-0.1364433425892595,8.0382062833,-0.32965236073635,-0.1932090181470904,7.4198827231,15.1489272263,35,local_max_drop,mp-1176421,MnZn4O5,,,,,,,,,,40,484.207712476546,12.10519281191365,190.7824878707533,0.39400960157154535,39.400960157154536
d-block,Mn-Zn-O,Mn,Zn,O,Mn9Zn2O13_1045310_POSCAR,-0.1358774630083566,4.0902208678,-0.25521040172572,-0.1193329387173633,3.6182723061,7.708493174,35,local_max_drop,mp-1045310,Mn9Zn2O13,,,,,,,,,,24,278.24799266107965,11.593666360878318,132.1132492537544,0.474803961711505,47.4803961711505
d-block,Mn-Zn-O,Mn,Zn,O,Mn4ZnO6_1042996_POSCAR,-0.1334611619246809,6.931390752,-0.2456909746867,-0.112229812762019,6.131614896,13.063005648,35,local_max_drop,mp-1042996,Mn4ZnO6,,,,,,,,,,22,242.68588857623104,11.031176753465047,119.65949426405095,0.4930632554124144,49.30632554124144
d-block,Mn-Zn-O,Mn,Zn,O,Mn2ZnO4_1041477_POSCAR,-0.1321055816261634,3.9213083,-0.25671407373948,-0.1246084921133165,3.016391,7.39015795,35,local_max_drop,mp-1041477,Mn2ZnO4,,,,,,,,,,28,290.36618165902985,10.370220773536781,139.6889486104738,0.4810785740004228,48.10785740004228
d-block,Mn-Zn-O,Mn,Zn,O,Mn11ZnO16_861549_POSCAR,-0.126141789561219,8.392204341,-0.24763111804902,-0.1214893284878009,7.459737192,15.230296767,35,local_max_drop,mp-861549,Mn11ZnO16,,,,,,,,,,28,312.7023009632835,11.167939320117268,150.61881334609555,0.48166838837486114,48.16683883748611
d-block,Mn-Zn-O,Mn,Zn,O,MnZn4O5_773099_POSCAR,-0.1229480351319576,8.1638073747,-0.31388257063512,-0.1909345355031623,7.535822192,15.3856369754,35,local_max_drop,mp-773099,MnZn4O5,,,,,,,,,,40,508.47356030332827,12.711839007583206,190.7824878707533,0.37520630916766373,37.52063091676637
d-block,Mn-Zn-O,Mn,Zn,O,Mn2ZnO4_1367059_POSCAR,-0.1122828360048404,6.9879375,-0.22130545079358,-0.1090226147887395,5.9526875,12.6818125,35,local_max_drop,mp-1367059,Mn2ZnO4,,,,,,,,,,28,324.84229394576556,11.601510498063055,139.6889486104738,0.43002081691307026,43.002081691307026
d-block,Mn-Zn-O,Mn,Zn,O,Mn9Zn3O16_1221877_POSCAR,-0.1120628125187267,7.747229718,-0.2317361546813,-0.1196733421625732,6.886426416,14.059787266,35,local_max_drop,mp-1221877,Mn9Zn3O16,,,,,,,,,,28,306.24201426193054,10.937214795068948,143.33223685568103,0.46803583499515566,46.80358349951557
d-block,Mn-Zn-O,Mn,Zn,O,Mn2ZnO4_1378586_POSCAR,-0.108230607172907,8.2659663,-0.21861420764321,-0.1103836004703029,7.3475256,15.0011981,35,local_max_drop,mp-1378586,Mn2ZnO4,,,,,,,,,,28,328.07264677665387,11.716880242023352,139.6889486104738,0.42578663592631544,42.57866359263154
d-block,Mn-Zn-O,Mn,Zn,O,Mn6Zn3O16_772816_POSCAR,-0.1051762295821512,11.6134158,-0.25532959428865,-0.1501533647064987,10.36912125,20.32347765,35,local_max_drop,mp-772816,Mn6Zn3O16,,,,,,,,,,50,571.1150013612896,11.422300027225793,219.16750634543266,0.38375372004418146,38.375372004418146
d-block,Mn-Zn-O,Mn,Zn,O,Mn3ZnO7_1044337_POSCAR,-0.0788065985488756,7.7733026,-0.20821112910144,-0.1294045305525643,7.2180667,13.60327955,35,local_max_drop,mp-1044337,Mn3ZnO7,,,,,,,,,,44,542.0476313897931,12.319264349768025,199.13805199900972,0.3673810943300795,36.73810943300795
d-block,Mn-Zn-O,Mn,Zn,O,MnZnO2_1442837_POSCAR,-0.0786539253622295,8.5570772169,-0.16111746405749,-0.0824635386952604,7.8988405079,16.1267993703,35,local_max_drop,mp-1442837,MnZnO2,,,,,,,,,,16,188.63978316171608,11.789986447607255,85.05688693679889,0.45089580528133766,45.089580528133766
d-block,Mn-Zn-O,Mn,Zn,O,Mn2ZnO4_1047660_POSCAR,-0.0763851018312517,6.714824857,-0.13913395562962,-0.0627488537983682,5.16524989,12.6548622305,35,local_max_drop,mp-1047660,Mn2ZnO4,,,,,,,,,,14,144.20910004335425,10.300650003096733,69.84447430523696,0.4843277871107946,48.43277871107946
d-block,Mn-Zn-O,Mn,Zn,O,MnZnO2_1377379_POSCAR,-0.0730635064997478,4.0814654457,-0.14939863298343,-0.0763351264836822,3.7675065653,7.6919925708,35,local_max_drop,mp-1377379,MnZnO2,,,,,,,,,,16,200.93997499107567,12.55874843694223,85.05688693679889,0.4232950011095429,42.329500110954285
d-block,Mn-Zn-O,Mn,Zn,O,MnZnO2_1412672_POSCAR,-0.0689732219212189,7.6672985597,-0.14479273686922,-0.075819514948001,7.0539146749,15.027905177,35,local_max_drop,mp-1412672,MnZnO2,,,,,,,,,,16,209.20809816343976,13.075506135214985,85.05688693679889,0.4065659392895482,40.65659392895482
d-block,Mn-Zn-O,Mn,Zn,O,Mn2Zn3O7_1378139_POSCAR,-0.0687611667978568,12.699557406,-0.18344071537919,-0.1146795485813332,11.288495472,23.047344922,35,local_max_drop,mp-1378139,Mn2Zn3O7,,,,,,,,,,24,242.00333742606543,10.083472392752727,107.49486214065243,0.4441875194117653,44.41875194117653
d-block,Mn-Zn-O,Mn,Zn,O,MnZnO2_1371409_POSCAR,-0.0676478691021142,3.754700313,-0.1437578797152,-0.0761100106130857,3.454324288,7.3592126135,35,local_max_drop,mp-1371409,MnZnO2,,,,,,,,,,16,208.5952311531744,13.0372019470734,85.05688693679889,0.40776045773712066,40.77604577371206
d-block,Mn-Zn-O,Mn,Zn,O,MnZnO2_1046085_POSCAR,-0.0635632000416895,3.8996558042,-0.13732865982332,-0.0737654597816304,3.5876833399,7.6433253763,35,local_max_drop,mp-1046085,MnZnO2,,,,,,,,,,16,216.80568858561404,13.550355536600877,85.05688693679889,0.39231852029201214,39.231852029201214
d-block,Mn-Zn-O,Mn,Zn,O,Mn2ZnO4_1388705_POSCAR,-0.0599287726618236,6.8432827892,-0.11927392527942,-0.0593451526175963,6.3168764208,12.8969560258,35,local_max_drop,mp-1388705,Mn2ZnO4,,,,,,,,,,14,158.80219868351736,11.343014191679812,69.84447430523696,0.4398205748047137,43.98205748047137
d-block,Mn-Zr-O,Mn,Zr,O,Zr4MnO9_763464_POSCAR,-0.1760414275559718,9.0916127942,-0.40895068404808,-0.2329092564921081,8.7781089048,15.3616905834,35,local_max_drop,mp-763464,Zr4MnO9,,,,,,,,,,56,689.7394353036311,12.316775630421985,447.54011373813535,0.6488538871800524,64.88538871800525
d-block,Mo-Hf-O,Mo,Hf,O,Hf9Mo4O3_1212453_POSCAR,-0.4300564492163088,12.5209216655,-0.65408759002173,-0.2240311408054212,9.9303861485,21.1560400555,35,local_max_drop,mp-1212453,Hf9Mo4O3,,,,,,,,,,32,545.366895466164,17.042715483317625,533.7014589882307,0.9786099292514592,97.86099292514592
d-block,Mo-Hf-S,Mo,Hf,S,Hf9Mo4S_1194092_POSCAR,-0.4326762686599343,12.591117775,-0.64815391543512,-0.2154776467751856,9.986058925,21.274647275,35,local_max_drop,mp-1194092,Hf9Mo4S,,,,,,,,,,28,557.0252663980094,19.893759514214622,536.1739929375705,0.962566736702496,96.2566736702496
d-block,Mo-Hf-S,Mo,Hf,S,Hf8Mo5S_1224623_POSCAR,-0.4154520314460397,12.211084404,-0.6498060677186,-0.2343540362725602,9.684653148,20.632521924,35,local_max_drop,mp-1224623,Hf8Mo5S,,,,,,,,,,28,546.3286646774594,19.51173802419498,521.8725332670042,0.9552354965213228,95.52354965213227
d-block,Nb-Ag-O,Nb,Ag,O,Nb14AgO36_1210596_POSCAR,-0.0614078124474974,5.6355685669,-0.17366959094643,-0.1122617784989325,5.4477162813,9.2047619925,35,local_max_drop,mp-1210596,Nb14AgO36,,,,,,,,,,51,745.1200321214818,14.610196708264349,314.7946922666744,0.42247514319323975,42.247514319323976
d-block,Nb-Ag-O,Nb,Ag,O,Nb13AgO33_1210284_POSCAR,-0.0600014036844241,5.7712823999,-0.16521497294258,-0.1052135692581558,5.5789063199,9.4264279199,35,local_max_drop,mp-1210284,Nb13AgO33,,,,,,,,,,47,680.2630371101633,14.473681640641772,292.70539195946736,0.43028266419253647,43.02826641925365
d-block,Nb-Cd-O,Nb,Cd,O,Nb6CdO16_773090_POSCAR,-0.1274741536498837,11.8650195,-0.384451979196,-0.2569778255461162,11.0740182,19.37953185,35,local_max_drop,mp-773090,Nb6CdO16,,,,,,,,,,92,1245.3255142364194,13.536146893874124,570.5397660666459,0.45814508700279594,45.814508700279596
d-block,Nb-Cd-S,Nb,Cd,S,Nb6CdS8_1220444_POSCAR,-0.0722700995035126,14.0816233945,-0.16051934066506,-0.0882492411615473,12.1393305125,23.7930878045,35,local_max_drop,mp-1220444,Nb6CdS8,,,,,,,,,,15,276.09604976438754,18.406403317625838,162.15916074374334,0.5873287969245679,58.732879692456784
d-block,Nb-Ir-S,Nb,Ir,S,Nb17Ir3S40_674499_POSCAR,-0.1682599068354935,21.3287217134,-0.427339696842,-0.2590797900065064,18.3868290632,36.038184964,35,local_max_drop,mp-674499,Nb17Ir3S40,,,,,,,,,,60,1241.6485226461682,20.694142044102804,543.28906779063,0.43755463634168135,43.75546363416814
d-block,Nb-Ir-S,Nb,Ir,S,Nb15IrS32_675380_POSCAR,-0.1486717275720765,12.5152832273,-0.35586115477334,-0.2071894272012635,10.7890372649,21.1465130392,35,local_max_drop,mp-675380,Nb15IrS32,,,,,,,,,,48,987.7431138349732,20.57798153822861,444.0594343286777,0.44956975969651636,44.95697596965164
d-block,Nb-Ir-S,Nb,Ir,S,Nb15IrS32_1173016_POSCAR,-0.1466676947372839,12.4782242647,-0.35120782993394,-0.2045401351966561,10.7570898833,21.0838961713,35,local_max_drop,mp-1173016,Nb15IrS32,,,,,,,,,,48,1008.4717473529416,21.00982806985295,444.0594343286777,0.44032907763083545,44.03290776308354
d-block,Nb-Ir-S,Nb,Ir,S,Nb9IrS20_1173506_POSCAR,-0.0880957604013328,9.7751312408,-0.21315471319208,-0.1250589527907471,8.4268372765,16.516601062,35,local_max_drop,mp-1173506,Nb9IrS20,,,,,,,,,,30,644.3213289185404,21.477377630618015,275.0117410725199,0.4268238978431968,42.68238978431968
d-block,Nb-Pt-O,Nb,Pt,O,Nb5Pt3O_17525_POSCAR,-0.1823870029823268,12.09073821,-0.34840545306623,-0.1660184500839031,9.672590568,19.748205743,35,local_max_drop,mp-17525,Nb5Pt3O,,,,,,,,,,18,285.74530943729764,15.874739413183201,250.39401578827042,0.876283905696851,87.6283905696851
d-block,Nb-Re-O,Nb,Re,O,Nb4ReO4_795582_POSCAR,-0.1528978350759064,7.3177342969,-0.26788851609206,-0.1149906810161534,6.3083916352,12.364447605,35,local_max_drop,mp-795582,Nb4ReO4,,,,,,,,,,18,235.54473611462603,13.08581867303478,186.28983444693145,0.7908893975719115,79.08893975719114
d-block,Ni-Cu-O,Ni,Cu,O,Cu2Ni11O13_757285_POSCAR,-0.2105306587143033,3.725376225,-0.36673885515389,-0.1562081964395866,3.427346127,7.301737401,35,local_max_drop,mp-757285,Cu2Ni11O13,,,,,,,,,,26,242.29920332633407,9.319200127935925,122.77447972225997,0.5067060808982707,50.67060808982708
d-block,Ni-Cu-O,Ni,Cu,O,CuNi9O10_757221_POSCAR,-0.1701246860561258,7.2661208938,-0.29010031000066,-0.1199756239445341,6.6848312223,14.2415969519,35,local_max_drop,mp-757221,CuNi9O10,,,,,,,,,,20,187.04009182263104,9.352004591131552,93.55471913557069,0.500185378567329,50.018537856732905
d-block,Ni-Cu-O,Ni,Cu,O,CuNi4O5_772088_POSCAR,-0.1534497107698681,15.3307166935,-0.27363653401615,-0.1201868232462819,14.104259358,30.0482047193,35,local_max_drop,mp-772088,CuNi4O5,,,,,,,,,,20,187.2522456000889,9.362612280004445,95.2023546298822,0.5084176925344013,50.84176925344013
d-block,Ni-Cu-O,Ni,Cu,O,CuNi3O4_761415_POSCAR,-0.1078505820326873,6.4182671871,-0.20430926963283,-0.0964586876001426,5.9048058122,12.5798036868,35,local_max_drop,mp-761415,CuNi3O4,,,,,,,,,,16,152.52431626734563,9.532769766709102,76.82093790163034,0.5036635454702062,50.36635454702062
d-block,Ni-Cu-O,Ni,Cu,O,CuNi4O5_1225756_POSCAR,-0.0754770497571465,3.7056012675,-0.13607581384082,-0.0605987640836734,3.4091531661,7.2629784844,35,local_max_drop,mp-1225756,CuNi4O5,,,,,,,,,,10,94.99237559041724,9.499237559041724,47.601177314941054,0.5011052415425963,50.11052415425963
d-block,Ni-Cu-O,Ni,Cu,O,CuNi3O4_1225790_POSCAR,-0.058282007345987,3.6915515101,-0.10642259791396,-0.0481405905679729,3.3962273893,7.2354409597,35,local_max_drop,mp-1225790,CuNi3O4,,,,,,,,,,8,75.61057677792321,9.451322097240402,38.410468950815144,0.5080039141035919,50.80039141035919
d-block,Ni-Hf-O,Ni,Hf,O,HfNiO3_1178219_POSCAR,-0.043046515890706,6.9398589,-0.15620853671407,-0.113162020823364,6.4060236,7.4736942,35,local_max_drop,mp-1178219,HfNiO3,,,,,,,,,,20,216.25322779441063,10.812661389720532,136.19410690133404,0.629789937890833,62.978993789083304
d-block,Ni-Nb-O,Ni,Nb,O,Nb6Ni6O_541419_POSCAR,-0.6736869076334131,9.9013571389,-0.96996573178745,-0.2962788241540369,7.8528004895,16.7298793037,35,local_max_drop,mp-541419,Nb6Ni6O,,,,,,,,,,26,346.63569098780533,13.332141961069436,319.9641243350938,0.9230559133229883,92.30559133229883
d-block,Ni-Nb-O,Ni,Nb,O,Nb2Ni4O9_651075_POSCAR,-0.2785207672984398,18.1778083103,-1.0775017388834,-0.7989809715849603,17.4203996308,21.9648517083,35,local_max_drop,mp-651075,Nb2Ni4O9,,,,,,,,,,120,1312.6676315801114,10.938896929834263,637.8973891376239,0.48595499255951097,48.5954992559511
d-block,Ni-Nb-O,Ni,Nb,O,Nb2Ni4O9_646749_POSCAR,-0.14002392482738,6.40316625,-0.53524764735495,-0.39522372252757,5.89091295,7.42767285,35,local_max_drop,mp-646749,Nb2Ni4O9,,,,,,,,,,60,654.1531756640027,10.902552927733378,318.9486945688099,0.4875749387672984,48.75749387672984
d-block,Ni-Nb-S,Ni,Nb,S,Nb2NiS4_1210488_POSCAR,-0.1340037573400173,4.87141275,-0.31129666569396,-0.1772929083539426,4.19949375,8.23100775,35,local_max_drop,mp-1210488,Nb2NiS4,,,,,,,,,,28,448.9853389465344,16.035190676661944,257.3427160831863,0.5731650763630635,57.31650763630635
d-block,Ni-Nb-S,Ni,Nb,S,Nb2NiS4_1194246_POSCAR,-0.1111904436692713,4.8906905,-0.24588487265102,-0.1346944289817487,4.2161125,8.2635805,35,local_max_drop,mp-1194246,Nb2NiS4,,,,,,,,,,28,549.7206193654295,19.632879263051052,257.3427160831863,0.468133642831608,46.8133642831608
d-block,Ni-Nb-S,Ni,Nb,S,Nb4NiS8_1192540_POSCAR,-0.102849904635869,9.7335554905,-0.24157512181174,-0.138725217175871,8.3909961125,16.4463523805,35,local_max_drop,mp-1192540,Nb4NiS8,,,,,,,,,,26,468.20996529548995,18.008075588288076,241.369820212365,0.5155161959443455,51.55161959443455
d-block,Ni-Nb-S,Ni,Nb,S,Nb3NiS6_1173526_POSCAR,-0.0832675450008933,8.4383122795,-0.19313552992692,-0.1098679849260266,7.2744071375,14.2578379895,35,local_max_drop,mp-1173526,Nb3NiS6,,,,,,,,,,20,351.23046346243416,17.561523173121707,185.0205891269791,0.5267783076190029,52.67783076190029
d-block,Ni-Rh-O,Ni,Rh,O,Ni_RhO2_2_636519_POSCAR,-0.0650446448597352,7.7582325739,-0.14713343414598,-0.0820887892862447,6.8630518923,14.6212844661,35,local_max_drop,mp-636519,Ni(RhO2)2,,,,,,,,,,14,159.29856803318575,11.378469145227553,73.58183021207311,0.46191143536672746,46.19114353667275
d-block,Ni-Rh-O,Ni,Rh,O,Ni_RhO2_2_19307_POSCAR,-0.0616522952404295,6.8862304982,-0.14408050026049,-0.0824282050200604,6.0916654407,12.9778959389,35,local_max_drop,mp-19307,Ni(RhO2)2,,,,,,,,,,14,159.7077051026974,11.407693221621242,73.58183021207311,0.46072811681037895,46.0728116810379
d-block,Ni-Ta-S,Ni,Ta,S,Ta9_NiS3_2_3824_POSCAR,-0.1189190426495346,14.71722218,-0.21815093757028,-0.0992318949207453,12.6872605,24.86703058,35,local_max_drop,mp-3824,Ta9(NiS3)2,,,,,,,,,,17,302.11609405554145,17.771534944443616,230.28292192075608,0.7622332158127946,76.22332158127946
d-block,Ni-Ta-S,Ni,Ta,S,Ta2Ni3S8_562537_POSCAR,-0.0645151223647807,4.8260486735,-0.16698261899272,-0.1024674966279392,4.326802259,8.1543581035,35,local_max_drop,mp-562537,Ta2Ni3S8,,,,,,,,,,26,487.21374529543044,18.7389902036704,207.82156488997938,0.4265511121078146,42.65511121078146
d-block,Ni-Y-O,Ni,Y,O,Y2_NiO3_3_1349550_POSCAR,-0.2354999762185596,7.2430694,-0.4167795527198,-0.1812795765012403,6.46702625,12.67537145,35,local_max_drop,mp-1349550,Y2(NiO3)3,,,,,,,,,,56,618.7831586204566,11.049699261079581,369.0380467757157,0.596393165577528,59.6393165577528
d-block,Ni-Y-O,Ni,Y,O,YNiO3_1346989_POSCAR,-0.1315441062777562,8.9623174265,-0.23332794110812,-0.1017838348303638,7.417090284,15.1432259965,35,local_max_drop,mp-1346989,YNiO3,,,,,,,,,,30,375.84041805121956,12.528013935040653,241.98084741711756,0.6438393418989343,64.38393418989344
d-block,Ni-Y-O,Ni,Y,O,Y_NiO2_3_1045129_POSCAR,-0.1275220308014371,20.553769121,-0.29072146599144,-0.1631994351900028,18.1821803763,38.7359494973,35,local_max_drop,mp-1045129,Y(NiO2)3,,,,,,,,,,40,484.9631603652468,12.124079009131169,239.66327357261326,0.49418861711498346,49.418861711498344
d-block,Ni-Y-O,Ni,Y,O,YNiO3_19242_POSCAR,-0.1243395970676041,7.487377325,-0.20219337714858,-0.0778537800809758,6.454635625,12.651085825,35,local_max_drop,mp-19242,YNiO3,,,,,,,,,,20,210.04992412781706,10.502496206390854,161.32056494474506,0.7680105842198743,76.80105842198743
d-block,Ni-Y-O,Ni,Y,O,Y2Ni2O7_1346622_POSCAR,-0.0940104863638291,8.7688624353,-0.16904519172821,-0.0750347053643808,7.5593641684,14.81635377,35,local_max_drop,mp-1346622,Y2Ni2O7,,,,,,,,,,22,240.77914686143166,10.944506675519621,163.72908580217558,0.6799969512991157,67.99969512991157
d-block,Ni-Y-O,Ni,Y,O,Y_NiO2_2_1396217_POSCAR,-0.0835498274442032,7.0140129889,-0.14630451974048,-0.0627546922962767,6.2625115972,12.2745227305,35,local_max_drop,mp-1396217,Y(NiO2)2,,,,,,,,,,14,151.27233139585775,10.805166528275553,99.04169920062448,0.6547244845552537,65.47244845552537
d-block,Ni-Zn-O,Ni,Zn,O,Zn2Ni11O13_1101164_POSCAR,-0.2214194399903743,3.7504236625,-0.37931950275264,-0.1579000627622656,3.4503897695,7.3508303785,35,local_max_drop,mp-1101164,Zn2Ni11O13,,,,,,,,,,26,248.07718132920246,9.541430051123172,118.7187254943776,0.4785556045835425,47.855560458354255
d-block,Ni-Zn-O,Ni,Zn,O,Zn_NiO2_2_1656374_POSCAR,-0.2168263821370402,6.6787180799,-0.48703228395638,-0.2702059018193397,6.1649705353,12.5868148429,35,local_max_drop,mp-1656374,Zn(NiO2)2,,,,,,,,,,56,581.0506643847937,10.37590472115703,227.16915121170626,0.39096272517342184,39.096272517342186
d-block,Ni-Zn-O,Ni,Zn,O,ZnNi9O10_753807_POSCAR,-0.1754187759369911,6.4365936741,-0.29670959616816,-0.1212908202311689,5.9216661802,12.6157236013,35,local_max_drop,mp-753807,ZnNi9O10,,,,,,,,,,20,190.78341208413332,9.539170604206666,91.5268420216295,0.47974213807051114,47.974213807051115
d-block,Ni-Zn-O,Ni,Zn,O,ZnNi9O10_753454_POSCAR,-0.1753358647757596,6.2729539389,-0.2966671615182,-0.1213312967424403,5.7711176238,12.2949897202,35,local_max_drop,mp-753454,ZnNi9O10,,,,,,,,,,20,190.82250673082282,9.54112533654114,91.5268420216295,0.4796438511875262,47.964385118752624
d-block,Ni-Zn-O,Ni,Zn,O,Zn_NiO2_2_1333466_POSCAR,-0.1687292574594497,6.6604078341,-0.36925616022667,-0.2005269027672202,6.1480687699,12.5523070719,35,local_max_drop,mp-1333466,Zn(NiO2)2,,,,,,,,,,42,431.6145740191376,10.276537476646133,170.37686340877974,0.3947430732522607,39.47430732522607
d-block,Ni-Zn-O,Ni,Zn,O,Zn_NiO2_2_1041154_POSCAR,-0.1671679485545858,7.660616704,-0.36225500427362,-0.1950870557190341,7.071338496,14.437316096,35,local_max_drop,mp-1041154,Zn(NiO2)2,,,,,,,,,,42,436.35543361700155,10.389415086119085,170.37686340877974,0.3904543183901845,39.04543183901845
d-block,Ni-Zn-O,Ni,Zn,O,ZnNi4O5_765902_POSCAR,-0.1662225385927476,8.2184725793,-0.28766048642328,-0.1214379478305324,7.560994773,16.1082062555,35,local_max_drop,mp-765902,ZnNi4O5,,,,,,,,,,20,191.63468286721815,9.581734143360908,91.14660040199982,0.4756268491604645,47.56268491604645
d-block,Ni-Zn-O,Ni,Zn,O,Zn_NiO2_2_1040979_POSCAR,-0.1649327717425913,7.6256250305,-0.3617709491933,-0.1968381774507086,7.0390384897,14.3713702497,35,local_max_drop,mp-1040979,Zn(NiO2)2,,,,,,,,,,42,432.6244819183202,10.300582902817148,170.37686340877974,0.39382159477730855,39.38215947773085
d-block,Ni-Zn-O,Ni,Zn,O,Zn2Ni9O13_1045893_POSCAR,-0.1648146999773946,6.2983404847,-0.29841918532431,-0.1336044853469153,5.794473246,12.3447473501,35,local_max_drop,mp-1045893,Zn2Ni9O13,,,,,,,,,,24,230.42567156964935,9.60106964873539,102.74582962355629,0.4458957585917242,44.58957585917242
d-block,Ni-Zn-O,Ni,Zn,O,Zn3Ni7O10_754030_POSCAR,-0.1563402436240424,3.7623225,-0.27827653048482,-0.1219362868607775,3.4613367,7.3741521,35,local_max_drop,mp-754030,Zn3Ni7O10,,,,,,,,,,20,192.23990955316756,9.611995477658379,90.76635878237012,0.47215148505501653,47.21514850550165
d-block,Ni-Zn-O,Ni,Zn,O,Zn_Ni2O3_2_1043670_POSCAR,-0.1457588308588418,6.3630844,-0.26747954740349,-0.1217207165446481,5.854037648,12.471645424,35,local_max_drop,mp-1043670,Zn(Ni2O3)2,,,,,,,,,,22,211.73853281640422,9.62447876438201,93.55512125943036,0.4418426821751467,44.18426821751467
d-block,Ni-Zn-O,Ni,Zn,O,Zn_NiO2_2_1376390_POSCAR,-0.1352308571568876,3.7514269,-0.28385660980888,-0.1486257526519923,3.31856995,7.06999685,35,local_max_drop,mp-1376390,Zn(NiO2)2,,,,,,,,,,28,259.78363361542847,9.277986914836731,113.58457560585337,0.43722760369884833,43.72276036988483
d-block,Ni-Zn-O,Ni,Zn,O,Zn_NiO2_2_1340027_POSCAR,-0.1246821513629712,6.4975027,-0.2430522184378,-0.1183700670748287,5.9976948,12.24529355,35,local_max_drop,mp-1340027,Zn(NiO2)2,,,,,,,,,,28,287.6718056694245,10.273993059622303,113.58457560585337,0.3948408337811808,39.48408337811808
d-block,Ni-Zn-O,Ni,Zn,O,ZnNiO2_1215685_POSCAR,-0.1102988083084298,3.7786107,-0.20847458688712,-0.0981757785786901,3.476321844,7.406076972,35,local_max_drop,mp-1215685,ZnNiO2,,,,,,,,,,16,156.17974450764652,9.761234031727907,72.00470043448858,0.4610373813933551,46.10373813933551
d-block,Ni-Zn-O,Ni,Zn,O,ZnNi3O7_1044386_POSCAR,-0.1078779749295096,6.8614611,-0.23907920683497,-0.1312012319054603,6.3336564,12.93121515,35,local_max_drop,mp-1044386,ZnNi3O7,,,,,,,,,,44,547.2201604081672,12.436821827458346,159.98149249207887,0.29235306749800655,29.235306749800653
d-block,Ni-Zn-O,Ni,Zn,O,Zn_NiO2_4_1041362_POSCAR,-0.0910699319165307,7.7019587623,-0.17357622500731,-0.0825062930907792,6.2756701026,13.9776288649,35,local_max_drop,mp-1041362,Zn(NiO2)4,,,,,,,,,,26,283.1813533254327,10.891590512516643,98.37216297429146,0.34738220514555535,34.738220514555536
d-block,Ni-Zn-O,Ni,Zn,O,ZnNi4O5_1215716_POSCAR,-0.0830454923702047,5.7342750451,-0.14377181572287,-0.0607263233526653,5.2755330415,11.2391790883,35,local_max_drop,mp-1215716,ZnNi4O5,,,,,,,,,,10,95.77691931162525,9.577691931162525,45.57330020099987,0.47582758485601295,47.582758485601296
d-block,Ni-Zn-O,Ni,Zn,O,ZnNi4O5_1215738_POSCAR,-0.0828277230668876,4.8515415974,-0.14363191736309,-0.0608041942962023,4.4634182696,9.5090215308,35,local_max_drop,mp-1215738,ZnNi4O5,,,,,,,,,,10,96.11857756132777,9.611857756132776,45.57330020099987,0.47413623211311207,47.413623211311204
d-block,Ni-Zn-O,Ni,Zn,O,ZnNi4O5_1215686_POSCAR,-0.0828231883225951,5.1139462211,-0.14362449733085,-0.0608013090082548,4.7048305234,10.0233345933,35,local_max_drop,mp-1215686,ZnNi4O5,,,,,,,,,,10,95.84879459199645,9.584879459199644,45.57330020099987,0.4754707703419081,47.547077034190806
d-block,Ni-Zn-O,Ni,Zn,O,ZnNi4O5_1215636_POSCAR,-0.0819655766484048,3.7258571129,-0.14319630159183,-0.0612307249434251,3.4277885439,7.3026799414,35,local_max_drop,mp-1215636,ZnNi4O5,,,,,,,,,,10,95.68006576784029,9.568006576784029,45.57330020099987,0.4763092482772711,47.630924827727114
d-block,Ni-Zn-O,Ni,Zn,O,Zn2Ni3O5_759178_POSCAR,-0.0738103151377838,4.9970509605,-0.13482814259973,-0.0610178274619461,4.5972868837,9.7942198826,35,local_max_drop,mp-759178,Zn2Ni3O5,,,,,,,,,,10,97.03396995546646,9.703396995546646,45.19305858137018,0.4657447139606,46.574471396060005
d-block,Ni-Zn-O,Ni,Zn,O,ZnNiO3_1378884_POSCAR,-0.0730694793404861,6.5698698,-0.16951988097541,-0.0964504016349238,6.0644952,12.3816777,35,local_max_drop,mp-1378884,ZnNiO3,,,,,,,,,,20,192.01812681303318,9.600906340651658,76.82174214934967,0.40007546904230823,40.00754690423082
d-block,Ni-Zn-O,Ni,Zn,O,Zn_NiO2_2_1047707_POSCAR,-0.0711468108820173,3.62844625,-0.14611771482658,-0.0749709039445626,3.4833084,7.11175465,35,local_max_drop,mp-1047707,Zn(NiO2)2,,,,,,,,,,14,132.0242695410465,9.430304967217607,56.79228780292662,0.43016551426758576,43.016551426758575
d-block,Ni-Zn-O,Ni,Zn,O,Zn2Ni2O5_1366467_POSCAR,-0.0701050082832557,4.59652875,-0.1620885138156,-0.0919835055323442,4.22880645,9.00919635,35,local_max_drop,mp-1366467,Zn2Ni2O5,,,,,,,,,,18,199.40793946288738,11.078218859049299,74.41322129191913,0.37317080499579847,37.317080499579845
d-block,Ni-Zn-O,Ni,Zn,O,ZnNiO2_1400332_POSCAR,-0.0688077941758866,3.8402165459,-0.1479870215102,-0.0791792273343133,3.3971146367,7.2373311826,35,local_max_drop,mp-1400332,ZnNiO2,,,,,,,,,,16,182.73043560288824,11.420652225180515,72.00470043448858,0.39404875382101084,39.40487538210108
d-block,Ni-Zn-O,Ni,Zn,O,Zn2Ni3O8_1042880_POSCAR,-0.0680843707937074,7.479654624,-0.17600693682466,-0.1079225660309525,7.1919756,14.096272176,35,local_max_drop,mp-1042880,Zn2Ni3O8,,,,,,,,,,26,263.4214231734447,10.131593198978642,97.61167973503207,0.3705533079242441,37.055330792424414
d-block,Ni-Zn-O,Ni,Zn,O,ZnNiO2_1046933_POSCAR,-0.0663295247267358,7.6558108821,-0.14134267068247,-0.0750131459557341,6.772448088,14.4282589701,35,local_max_drop,mp-1046933,ZnNiO2,,,,,,,,,,16,190.91236670226212,11.932022918891382,72.00470043448858,0.3771610067921043,37.71610067921043
d-block,Ni-Zn-O,Ni,Zn,O,ZnNiO2_1395801_POSCAR,-0.0646350769814255,3.7004308208,-0.13602948837697,-0.0713944113955444,3.2734580337,6.9738888545,35,local_max_drop,mp-1395801,ZnNiO2,,,,,,,,,,16,196.46565049051043,12.279103155656902,72.00470043448858,0.3665002012042126,36.65002012042126
d-block,Ni-Zn-O,Ni,Zn,O,Zn_NiO2_2_768586_POSCAR,-0.0601116265791853,6.5143901481,-0.12562174202516,-0.0655101154459746,6.0132832137,12.2771198945,35,local_max_drop,mp-768586,Zn(NiO2)2,,,,,,,,,,14,136.98230353420976,9.784450252443554,56.79228780292662,0.41459580060823986,41.45958006082399
d-block,Ni-Zn-O,Ni,Zn,O,Zn_NiO2_2_1400858_POSCAR,-0.0600308556851867,7.1904702237,-0.12122681762498,-0.0611959619397932,6.6373571295,13.5512708062,35,local_max_drop,mp-1400858,Zn(NiO2)2,,,,,,,,,,14,145.9945096354738,10.4281792596767,56.79228780292662,0.38900290116887526,38.900290116887525
d-block,Ni-Zn-O,Ni,Zn,O,Zn_NiO2_2_1047462_POSCAR,-0.0593420002367955,6.5461133853,-0.12437641437571,-0.0650344141389144,6.2943397936,12.3369059954,35,local_max_drop,mp-1047462,Zn(NiO2)2,,,,,,,,,,14,136.95985795024382,9.782846996445986,56.79228780292662,0.4146637463917253,41.46637463917253
d-block,Ni-Zn-O,Ni,Zn,O,Zn_NiO2_2_2215220_POSCAR,-0.0586959554305355,6.5878275822,-0.1215547930777,-0.0628588376471644,6.0810716143,12.4155212126,35,local_max_drop,mp-2215220,Zn(NiO2)2,,,,,,,,,,14,143.32237347241784,10.237312390886988,56.79228780292662,0.3962555630845467,39.62555630845467
d-block,Ni-Zn-O,Ni,Zn,O,Zn_NiO2_2_1048912_POSCAR,-0.0583988001398372,6.6301349029,-0.121584322047,-0.0631855219071627,6.1201245258,12.4952542402,35,local_max_drop,mp-1048912,Zn(NiO2)2,,,,,,,,,,14,144.72378902934102,10.337413502095787,56.79228780292662,0.39241846958147747,39.24184695814775
d-block,Ni-Zn-O,Ni,Zn,O,Zn_NiO2_2_1048547_POSCAR,-0.0580674187330762,7.3172069658,-0.12406724306947,-0.0659998243363937,7.0357759286,13.7901208201,35,local_max_drop,mp-1048547,Zn(NiO2)2,,,,,,,,,,14,137.44262880522842,9.817330628944887,56.79228780292662,0.4132072290570609,41.32072290570609
d-block,Ni-Zn-O,Ni,Zn,O,Zn_NiO2_2_1041962_POSCAR,-0.0580499405342148,6.6844901065,-0.12211663155206,-0.0640666910178451,6.1702985598,12.5976928929,35,local_max_drop,mp-1041962,Zn(NiO2)2,,,,,,,,,,14,146.00891907073793,10.42920850505271,56.79228780292662,0.3889645109653341,38.896451096533404
d-block,Ni-Zr-O,Ni,Zr,O,Zr4Ni2O_21602_POSCAR,-0.5248567787815661,10.5980867994,-0.72585591391466,-0.2009991351330939,9.0840743995,18.546651899,35,local_max_drop,mp-21602,Zr4Ni2O,,,,,,,,,,28,472.2710548224487,16.866823386516025,427.8973852585792,0.9060419453812348,90.60419453812348
d-block,Ni-Zr-O,Ni,Zr,O,Zr3NiO_18927_POSCAR,-0.1734493048372293,4.85300935,-0.23942358279185,-0.0659742779546206,4.18362875,8.19991235,35,local_max_drop,mp-18927,Zr3NiO,,,,,,,,,,10,161.7661872291168,16.17661872291168,153.07720175091416,0.9462867634637636,94.62867634637637
d-block,Ni-Zr-O,Ni,Zr,O,Zr6Ni2O_1215349_POSCAR,-0.169649144409438,8.222264862,-0.23380788323033,-0.0641587388208919,6.8046329892,13.892792353,35,local_max_drop,mp-1215349,Zr6Ni2O,,,,,,,,,,9,161.73847056372983,17.97094117374776,151.8729413221989,0.9390031993801771,93.9003199380177
d-block,Ni-Zr-O,Ni,Zr,O,ZrNi4O_1206021_POSCAR,-0.0758376278289203,5.7012045264,-0.11743781921812,-0.0416001913891996,5.0903611843,9.9771079211,35,local_max_drop,mp-1206021,ZrNi4O,,,,,,,,,,6,73.52056972898372,12.253428288163953,55.599349674134906,0.7562420949550422,75.62420949550422
d-block,Pd-Cd-O,Pd,Cd,O,CdPd3O4_13675_POSCAR,-0.0615360064387175,7.2061496875,-0.21794151129241,-0.1564055048536924,6.9179037,14.1240533875,35,local_max_drop,mp-13675,CdPd3O4,,,,,,,,,,16,191.5930708559616,11.9745669284976,102.14637185734928,0.5331423072922207,53.31423072922207
d-block,Pd-Ta-S,Pd,Ta,S,Ta20Pd9S50_1217846_POSCAR,-0.1334791436342681,14.7633281567,-0.50940864615345,-0.3759295025191819,12.7270070317,24.944933782,35,local_max_drop,mp-1217846,Ta20Pd9S50,,,,,,,,,,79,1537.7060491933437,19.464633534092957,755.2883896119965,0.49117865537968647,49.11786553796865
d-block,Rh-Ag-S,Rh,Ag,S,Ag2_RhS_15_1201221_POSCAR,-0.2131169344460084,13.7230983,-0.68998770888141,-0.4768707744354016,13.2148354,24.9048821,35,local_max_drop,mp-1201221,Ag2(RhS)15,,,,,,,,,,64,1050.4012194270363,16.41251905354744,556.3630318132153,0.5296671610079579,52.966716100795786
d-block,Rh-Pd-S,Rh,Pd,S,Pd2_RhS_15_1202732_POSCAR,-0.2462083250272021,13.593717783,-0.7081355142747,-0.4619271892474978,12.083304696,24.670080421,35,local_max_drop,mp-1202732,Pd2(RhS)15,,,,,,,,,,64,1020.97108506066,15.952673204072813,550.2808079049006,0.5389778574113157,53.897785741131564
d-block,Sc-Co-O,Sc,Co,O,ScCoO3_1643785_POSCAR,-0.094546951789356,7.0147932629,-0.16895832563376,-0.0744113738444039,6.2632082704,12.27588821,35,local_max_drop,mp-1643785,ScCoO3,,,,,,,,,,20,202.46357048414063,10.123178524207031,130.2858518278045,0.6435026879959624,64.35026879959625
d-block,Sc-Co-O,Sc,Co,O,ScCoO3_754124_POSCAR,-0.0871530705922974,7.0161140422,-0.16460836974546,-0.0774552991531625,6.2643875377,12.2781995739,35,local_max_drop,mp-754124,ScCoO3,,,,,,,,,,20,207.5436409696248,10.37718204848124,130.2858518278045,0.6277515958529059,62.77515958529059
d-block,Sc-Cr-O,Sc,Cr,O,ScCrO3_18961_POSCAR,-0.1234714790702177,7.1244376,-0.23683707342353,-0.1133655943533122,6.6155492,12.4677658,35,local_max_drop,mp-18961,ScCrO3,,,,,,,,,,20,207.88887214092208,10.394443607046103,141.76720849299815,0.6819374554925581,68.19374554925581
d-block,Sc-Cu-O,Sc,Cu,O,Sc14Cu14O37_685833_POSCAR,-0.1893309551099402,8.2460915521,-0.42054645225926,-0.2312154971493198,7.9515882824,14.4306602162,35,local_max_drop,mp-685833,Sc14Cu14O37,,,,,,,,,,65,777.6028022963807,11.963120035328933,467.5481717441918,0.6012686301585464,60.12686301585464
d-block,Sc-Cu-O,Sc,Cu,O,Sc13Cu13O33_686085_POSCAR,-0.1675647009857594,8.3438810679,-0.37877622128922,-0.2112115203034606,8.0458853154,14.6017918688,35,local_max_drop,mp-686085,Sc13Cu13O33,,,,,,,,,,59,708.7712330258282,12.01307174620048,432.5175203234931,0.6102357152349773,61.023571523497736
d-block,Sc-Cu-O,Sc,Cu,O,Sc2Cu2O5_15336_POSCAR,-0.1049551339343288,4.5483158,-0.25067794343195,-0.1457228094976211,4.38587595,7.95955265,35,local_max_drop,mp-15336,Sc2Cu2O5,,,,,,,,,,36,415.7907225286904,11.549742292463623,265.7940862210067,0.6392496797536562,63.92496797536562
d-block,Sc-Cu-O,Sc,Cu,O,Sc5Cu5O13_752959_POSCAR,-0.0658855062009696,7.7030975689,-0.14914761744617,-0.0832621112452003,7.4279869414,13.4804207455,35,local_max_drop,mp-752959,Sc5Cu5O13,,,,,,,,,,23,274.8053973960554,11.948060756350236,166.72343410248678,0.6066963592501838,60.66963592501838
d-block,Sc-Fe-O,Sc,Fe,O,ScFeO3_771123_POSCAR,-0.1084303764131949,8.186051496,-0.21543318410784,-0.107002807694645,7.30897455,14.325590118,35,local_max_drop,mp-771123,ScFeO3,,,,,,,,,,30,342.9160476736596,11.430534922455319,202.95834595190075,0.5918601574022825,59.18601574022825
d-block,Sc-Fe-O,Sc,Fe,O,ScFeO3_756419_POSCAR,-0.0906727543093361,7.0323153705,-0.16755087409032,-0.0768781197809838,6.2788530093,12.3065518983,35,local_max_drop,mp-756419,ScFeO3,,,,,,,,,,20,201.36983831239783,10.06849191561989,135.30556396793392,0.6719256721953851,67.19256721953852
d-block,Sc-Fe-O,Sc,Fe,O,ScFeO3_769734_POSCAR,-0.0831509388350328,7.1428168,-0.15844157069169,-0.0752906318566571,6.377515,12.4999294,35,local_max_drop,mp-769734,ScFeO3,,,,,,,,,,20,212.22287513266605,10.611143756633302,135.30556396793392,0.6375635231751096,63.75635231751096
d-block,Sc-Fe-S,Sc,Fe,S,Sc22Fe7S40_685224_POSCAR,-0.2008001756728555,9.024790074,-0.43503707459969,-0.2342368989268344,8.3801622115,15.7933826294,35,local_max_drop,mp-685224,Sc22Fe7S40,,,,,,,,,,69,1427.4252361596082,20.68732226318273,714.15009251523,0.5003064780027309,50.03064780027309
d-block,Sc-Hf-O,Sc,Hf,O,Hf3Sc4O12_685490_POSCAR,-0.4066038791663773,8.9457868819,-0.68822200196865,-0.2816181228022727,7.711885243,15.1152950763,35,local_max_drop,mp-685490,Hf3Sc4O12,,,,,,,,,,95,1124.836673985263,11.840386041950136,820.5856138018855,0.7295153445651581,72.95153445651582
d-block,Sc-Hf-O,Sc,Hf,O,Hf3Sc4O12_531956_POSCAR,-0.2416293502019375,8.8945027428,-0.41049675421724,-0.1688674040153025,7.6676747783,15.0286425654,35,local_max_drop,mp-531956,Hf3Sc4O12,,,,,,,,,,57,673.1805256631188,11.810184660756471,492.3513682811292,0.7313808844902885,73.13808844902884
d-block,Sc-Hf-O,Sc,Hf,O,Hf3Sc4O12_766090_POSCAR,-0.1518623240633223,8.7915735183,-0.26561564250018,-0.1137533184368576,7.5789426882,14.8547276689,35,local_max_drop,mp-766090,Hf3Sc4O12,,,,,,,,,,38,439.8236967257542,11.57430780857248,328.23424552075284,0.7462859504030285,74.62859504030284
d-block,Sc-Mn-O,Sc,Mn,O,ScMnO3_18954_POSCAR,-0.1483679511849748,8.20048103,-0.25861560039198,-0.1102476492070051,7.614732385,14.3508418025,35,local_max_drop,mp-18954,ScMnO3,,,,,,,,,,30,332.26242404411386,11.075414134803795,212.65081273949713,0.6400086117209085,64.00086117209085
d-block,Sc-Mn-O,Sc,Mn,O,ScMn2O5_773517_POSCAR,-0.1396628796722041,8.0087896,-0.25510310562321,-0.1154402259510058,7.150705,14.0153818,35,local_max_drop,mp-773517,ScMn2O5,,,,,,,,,,32,337.78270434041355,10.555709510637923,196.39927016667306,0.5814367273486689,58.14367273486689
d-block,Sc-Mn-O,Sc,Mn,O,ScMnO3_1105811_POSCAR,-0.1044567058856694,7.1445679966,-0.17772980583225,-0.0732730999465805,6.3790785684,12.5029939941,35,local_max_drop,mp-1105811,ScMnO3,,,,,,,,,,20,218.73503418792208,10.936751709396104,141.76720849299815,0.6481230088235501,64.81230088235502
d-block,Sc-Mn-O,Sc,Mn,O,Sc2Mn2O7_17619_POSCAR,-0.1016090013573933,8.2221578982,-0.17995430166908,-0.0783453003116866,7.9285094018,14.3887763218,35,local_max_drop,mp-17619,Sc2Mn2O7,,,,,,,,,,22,220.52968671324396,10.024076668783817,144.17572935042867,0.6537701635512737,65.37701635512737
d-block,Sc-Mn-S,Sc,Mn,S,Sc10Mn17S32_685820_POSCAR,-0.168303353611398,10.1948840167,-0.42968238202513,-0.2613790284137319,8.7384720143,17.8410470292,35,local_max_drop,mp-685820,Sc10Mn17S32,,,,,,,,,,59,1133.6327257957182,19.2141139965376,552.206214644062,0.48711209731216787,48.71120973121678
d-block,Sc-Nb-O,Sc,Nb,O,Sc11Nb3O24_530728_POSCAR,-0.3531069211261067,8.8891186143,-0.60891923308357,-0.2558123119574632,8.2760759513,15.0195452449,35,local_max_drop,mp-530728,Sc11Nb3O24,,,,,,,,,,76,887.4107669113735,11.676457459360178,621.4131927792447,0.7002542857825229,70.02542857825229
d-block,Sc-Nb-O,Sc,Nb,O,Sc11Nb3O24_676191_POSCAR,-0.1683770211581156,10.9044411909,-0.29631818744736,-0.1279411662892443,10.152410764,18.4247454605,35,local_max_drop,mp-676191,Sc11Nb3O24,,,,,,,,,,38,436.9027670236069,11.49744123746334,310.7065963896209,0.7111573096831239,71.11573096831239
d-block,Sc-Nb-O,Sc,Nb,O,Sc3NbO7_676300_POSCAR,-0.1085482693933847,7.403555,-0.18641514241057,-0.0778668730171852,6.892965,12.509455,35,local_max_drop,mp-676300,Sc3NbO7,,,,,,,,,,22,252.94429456797332,11.497467934907878,177.2898417008294,0.7009046873488052,70.09046873488052
d-block,Sc-Nb-O,Sc,Nb,O,Sc3NbO7_1173397_POSCAR,-0.0827903570855752,7.5515855,-0.15433322172669,-0.0715428646411148,7.0307865,12.7595755,35,local_max_drop,mp-1173397,Sc3NbO7,,,,,,,,,,22,263.60228272641154,11.981921942109615,177.2898417008294,0.672565654087433,67.2565654087433
d-block,Sc-Re-O,Sc,Re,O,Sc6ReO12_13191_POSCAR,-0.0828528051499394,8.7849644326,-0.13768628620727,-0.0548334810573306,8.1791048166,14.8435605931,35,local_max_drop,mp-13191,Sc6ReO12,,,,,,,,,,19,221.19440967354473,11.641811035449722,152.35008222563582,0.6887609973981055,68.87609973981054
d-block,Sc-Rh-O,Sc,Rh,O,ScRhO3_1196890_POSCAR,-0.1775776729703876,10.5443534,-0.41369693163834,-0.2361192586679524,9.41460125,18.45261845,35,local_max_drop,mp-1196890,ScRhO3,,,,,,,,,,40,432.85192612648115,10.82129815316203,289.4881623211498,0.6687925936052325,66.87925936052325
d-block,Sc-Rh-O,Sc,Rh,O,ScRhO3_1188449_POSCAR,-0.1046654221706847,7.1719592,-0.22146456236507,-0.1167991401943853,6.6596764,12.5509286,35,local_max_drop,mp-1188449,ScRhO3,,,,,,,,,,20,215.03220185571337,10.751610092785668,144.7440811605749,0.6731274660792349,67.31274660792349
d-block,Sc-Ta-O,Sc,Ta,O,Sc3TaO7_674341_POSCAR,-0.0878286119594319,11.2360693285,-0.15655440797967,-0.068725796020238,10.4611679955,18.9850826585,35,local_max_drop,mp-674341,Sc3TaO7,,,,,,,,,,22,251.09035044374465,11.413197747442938,181.4958562109379,0.7228308690086479,72.28308690086479
d-block,Sc-Ti-O,Sc,Ti,O,Sc2Ti2O7_780402_POSCAR,-0.4047621105822354,7.3924944,-0.67353648791943,-0.2687743773371945,6.6277536,12.4907664,35,local_max_drop,mp-780402,Sc2Ti2O7,,,,,,,,,,88,963.9855701903796,10.954381479436131,671.227559286787,0.6963045713995748,69.63045713995749
d-block,Sc-Ti-O,Sc,Ti,O,Sc4Ti3O12_675128_POSCAR,-0.1976465091803052,8.4655126517,-0.30817853191001,-0.1105320227297047,7.8816841929,14.303797239,35,local_max_drop,mp-675128,Sc4Ti3O12,,,,,,,,,,38,419.2550400413353,11.033027369508824,296.48216857092086,0.7071642324006171,70.71642324006172
d-block,Sc-Ti-O,Sc,Ti,O,ScTiO3_754092_POSCAR,-0.1324068338517678,7.4755997,-0.19991099589611,-0.0675041620443421,6.9600411,12.6311857,35,local_max_drop,mp-754092,ScTiO3,,,,,,,,,,20,214.54572810928386,10.727286405464193,165.39836896426547,0.7709236181109883,77.09236181109883
d-block,Sc-Ti-O,Sc,Ti,O,Sc4Ti3O12_1219404_POSCAR,-0.0994111884675182,8.4795925591,-0.15502105298236,-0.0556098645148417,7.8947930723,14.3275874275,35,local_max_drop,mp-1219404,Sc4Ti3O12,,,,,,,,,,19,208.99067855283755,10.999509397517766,148.2410842854604,0.7093191204122614,70.93191204122614
d-block,Sc-Ti-O,Sc,Ti,O,Sc2TiO5_753401_POSCAR,-0.0713185081856339,5.588903084,-0.11010634791436,-0.038787839728726,5.203461492,9.443319004,35,local_max_drop,mp-753401,Sc2TiO5,,,,,,,,,,16,200.96799735433095,12.560499834645684,128.67527874922496,0.6402774593128618,64.02774593128619
d-block,Sc-Ti-O,Sc,Ti,O,ScTiO3_1101375_POSCAR,-0.0585259696980869,6.7354884374,-0.089888646345503,-0.031362676647416,6.2709719935,11.380652877,35,local_max_drop,mp-1101375,ScTiO3,,,,,,,,,,10,113.4790729440171,11.347907294401711,82.69918448213282,0.7287615446323835,72.87615446323835
d-block,Sc-V-O,Sc,V,O,Sc10V10O37_1173573_POSCAR,-0.2155931148796214,4.4102492295,-0.39648418671815,-0.1808910718385285,3.801938991,7.4518004223,35,local_max_drop,mp-1173573,Sc10V10O37,,,,,,,,,,57,619.2342682985214,10.863759092956517,400.3776451765021,0.6465689411482753,64.65689411482754
d-block,Sc-V-O,Sc,V,O,Sc7V9O24_863413_POSCAR,-0.2099626287025547,11.2952687778,-0.34021507021747,-0.1302524415149153,10.5162847242,19.0851093143,35,local_max_drop,mp-863413,Sc7V9O24,,,,,,,,,,40,442.3076267206373,11.057690668015933,307.98120611956904,0.6963054388254779,69.63054388254778
d-block,Sc-V-O,Sc,V,O,Sc2VO5_1201569_POSCAR,-0.1813956210477823,10.2200943162,-0.2974969513086,-0.1161013302608176,9.5152602254,17.2684352238,35,local_max_drop,mp-1201569,Sc2VO5,,,,,,,,,,40,442.61605403647377,11.065401350911845,310.91414675547793,0.7024466101490685,70.24466101490685
d-block,Sc-V-O,Sc,V,O,ScV2O2_1209615_POSCAR,-0.1389952334602867,10.4691324649,-0.20580993166611,-0.0668146982058232,9.0251141939,17.68922382,35,local_max_drop,mp-1209615,ScV2O2,,,,,,,,,,20,341.54170768841664,17.077085384420833,211.97198577649007,0.6206327982931704,62.06327982931704
d-block,Sc-V-O,Sc,V,O,ScVO2_1209108_POSCAR,-0.1258340034693289,7.8203678433,-0.19113040256954,-0.0652963991002111,6.7416964167,13.2137249766,35,local_max_drop,mp-1209108,ScVO2,,,,,,,,,,16,194.9423176295607,12.183894851847544,151.96208715533712,0.7795233431260584,77.95233431260584
d-block,Sc-V-O,Sc,V,O,ScVO3_756546_POSCAR,-0.1158850742165529,7.8340194,-0.18343218380645,-0.067547109589897,7.2937422,13.2367914,35,local_max_drop,mp-756546,ScVO3,,,,,,,,,,20,215.77543591383719,10.78877179569186,156.77912887019815,0.726584693045425,72.65846930454249
d-block,Sc-V-O,Sc,V,O,ScV2O2_1237488_POSCAR,-0.1157745413859551,9.8816809831,-0.19385961989148,-0.0780850785055248,8.5186905027,16.6966333853,35,local_max_drop,mp-1237488,ScV2O2,,,,,,,,,,20,315.5334133544148,15.77667066772074,211.97198577649007,0.6717893471979083,67.17893471979083
d-block,Sc-V-O,Sc,V,O,Sc7V9O24_1354180_POSCAR,-0.1101629471126481,13.8280083678,-0.18779919607036,-0.0776362489577118,11.4574926476,19.3592117149,35,local_max_drop,mp-1354180,Sc7V9O24,,,,,,,,,,40,461.3981652378466,11.534954130946165,307.98120611956904,0.6674955154206291,66.74955154206292
d-block,Sc-V-O,Sc,V,O,Sc2V2O7_756234_POSCAR,-0.0950337817835723,8.7106893199,-0.16441218932916,-0.0693784075455876,7.8095835282,14.7180612647,35,local_max_drop,mp-756234,Sc2V2O7,,,,,,,,,,22,236.02348526608918,10.72834023936769,159.18764972762867,0.6744568217360362,67.44568217360361
d-block,Sc-Y-O,Sc,Y,O,YScO3_769007_POSCAR,-0.1839347690304086,8.95233741,-0.27822922444881,-0.0942944554184013,7.71753225,15.12636321,35,local_max_drop,mp-769007,YScO3,,,,,,,,,,30,402.56854876056417,13.41895162535214,317.5393174613469,0.7887832232274307,78.87832232274306
d-block,Sc-Y-O,Sc,Y,O,YScO3_755165_POSCAR,-0.1377599495350541,7.9292496,-0.20446159653278,-0.0667016469977258,6.83556,13.3976976,35,local_max_drop,mp-755165,YScO3,,,,,,,,,,20,251.95223031798207,12.597611515899104,211.69287830756463,0.8402103765479384,84.02103765479384
d-block,Sc-Y-O,Sc,Y,O,YScO3_768479_POSCAR,-0.0574528091625825,5.2063553115,-0.088719426961638,-0.0312666177990554,4.4882373375,8.7969451815,35,local_max_drop,mp-768479,YScO3,,,,,,,,,,10,138.9410538198502,13.89410538198502,105.8464391537824,0.7618082362540737,76.18082362540737
d-block,Sc-Y-S,Sc,Y,S,YScS3_7792_POSCAR,-0.070173648863559,8.941633204,-0.15381192902546,-0.0836382801619009,7.664257032,15.647858107,35,local_max_drop,mp-7792,YScS3,,,,,,,,,,20,426.59561875393587,21.329780937696793,255.43033229277154,0.5987645467125766,59.87645467125766
d-block,Sc-Zr-O,Sc,Zr,O,Zr25Sc6O59_686417_POSCAR,-0.7656138917983808,18.6866441621,-1.3990826372178,-0.6334687454194192,17.3979100819,31.5739849635,35,local_max_drop,mp-686417,Zr25Sc6O59,,,,,,,,,,180,2124.3815085665565,11.802119492036425,1511.5219210906466,0.711511522292697,71.1511522292697
d-block,Sc-Zr-O,Sc,Zr,O,Zr3Sc4O12_532444_POSCAR,-0.4479314792103073,8.9952923584,-0.75153361146009,-0.3036021322497827,8.3749273682,15.1989422608,35,local_max_drop,mp-532444,Zr3Sc4O12,,,,,,,,,,95,1144.6219319050003,12.048651914789478,820.5856138018855,0.716905373668824,71.6905373668824
d-block,Sc-Zr-O,Sc,Zr,O,Zr3Sc4O12_674363_POSCAR,-0.1758028405399531,8.8929489358,-0.29650616027186,-0.1207033197319068,8.2796421126,15.0260171674,35,local_max_drop,mp-674363,Zr3Sc4O12,,,,,,,,,,38,460.9058925579734,12.129102435736142,328.23424552075284,0.7121502476331805,71.21502476331804
d-block,Sc-Zr-O,Sc,Zr,O,Zr3Sc4O12_675469_POSCAR,-0.1756803182702442,8.9144018045,-0.29642620438131,-0.1207458861110657,8.2996154731,15.0622651179,35,local_max_drop,mp-675469,Zr3Sc4O12,,,,,,,,,,38,460.4979986943994,12.118368386694721,328.23424552075284,0.7127810467175975,71.27810467175975
d-block,Sc-Zr-O,Sc,Zr,O,Zr5Sc2O13_675672_POSCAR,-0.1727443944533014,11.2541445812,-0.31227382650761,-0.1395294320543085,10.477996679,19.0156236027,35,local_max_drop,mp-675672,Zr5Sc2O13,,,,,,,,,,40,475.70064675389756,11.89251616884744,338.1218512888295,0.7107870329715064,71.07870329715064
d-block,Sc-Zr-O,Sc,Zr,O,Zr8Sc2O19_1100806_POSCAR,-0.1292498580069478,4.3956449863,-0.23514898574815,-0.1058991277412021,4.0924970562,7.4271242872,35,local_max_drop,mp-1100806,Zr8Sc2O19,,,,,,,,,,29,331.26518879803047,11.422937544759671,243.63438072803746,0.7354662939744606,73.54662939744607
d-block,Sc-Zr-O,Sc,Zr,O,Zr9ScO20_674976_POSCAR,-0.1224190822048944,8.9594680829,-0.22980242138902,-0.1073833391841255,8.3415737324,15.1384115884,35,local_max_drop,mp-674976,Zr9ScO20,,,,,,,,,,30,347.392920845739,11.5797640281913,246.70841238441426,0.7101710990074146,71.01710990074146
d-block,Ta-Au-S,Ta,Au,S,Ta5AuS_669370_POSCAR,-0.2339202903548504,11.1503494889,-0.50347340206696,-0.2695531117121096,9.612370249,18.8402456881,35,local_max_drop,mp-669370,Ta5AuS,,,,,,,,,,28,495.0528311480107,17.680458255286094,473.1335883790587,0.9557234270974232,95.57234270974232
d-block,Tc-Cd-O,Tc,Cd,O,CdTcO3_1189706_POSCAR,-0.0592515502655427,6.0035811,-0.23348590594388,-0.1742343556783372,5.73069105,13.37161245,35,local_max_drop,mp-1189706,CdTcO3,,,,,,,,,,20,238.9613288887264,11.94806644443632,117.70492097869352,0.49256890864338737,49.256890864338736
d-block,Ti-Co-O,Ti,Co,O,Ti3Co3O_504734_POSCAR,-0.5019698615955894,9.5466837051,-0.69050413040943,-0.1885342688138406,8.5238247367,16.7066964839,35,local_max_drop,mp-504734,Ti3Co3O,,,,,,,,,,28,345.1966736153584,12.328452629119942,311.2543225967993,0.9016724273062376,90.16724273062377
d-block,Ti-Co-O,Ti,Co,O,Ti2CoO5_1101114_POSCAR,-0.1268086993793178,16.3575459742,-0.281127568187,-0.1543188688076822,15.7934926647,27.6386121633,35,local_max_drop,mp-1101114,Ti2CoO5,,,,,,,,,,48,564.2434090246946,11.755071021347804,292.2901613752572,0.5180214012255566,51.80214012255566
d-block,Ti-Co-O,Ti,Co,O,TiCo3O8_1094102_POSCAR,-0.1257940412532693,10.8964765784,-0.37286265783204,-0.2470686165787707,9.3935142917,18.4112880117,35,local_max_drop,mp-1094102,TiCo3O8,,,,,,,,,,96,1062.2483811021964,11.065087303147878,415.4306743407719,0.39108619201633243,39.108619201633246
d-block,Ti-Co-O,Ti,Co,O,Ti6Co3O16_758898_POSCAR,-0.1182618170016016,12.28957795,-0.26583274963843,-0.1475709326368283,11.8657994,20.76514895,35,local_max_drop,mp-758898,Ti6Co3O16,,,,,,,,,,50,599.5029169177334,11.990058338354668,294.6986822326877,0.49157172370043306,49.157172370043305
d-block,Ti-Co-O,Ti,Co,O,Ti2CoO5_753066_POSCAR,-0.0865405714888395,7.535498823,-0.1882982233947,-0.1017576519058604,7.275654036,12.732394563,35,local_max_drop,mp-753066,Ti2CoO5,,,,,,,,,,32,364.332000225769,11.38537500705528,194.86010758350474,0.5348421425039633,53.484214250396334
d-block,Ti-Co-O,Ti,Co,O,TiCo5O12_756754_POSCAR,-0.0699992773760853,7.1724533375,-0.15024789633633,-0.0802486189602446,6.1831494289,12.1189728806,35,local_max_drop,mp-756754,TiCo5O12,,,,,,,,,,36,413.95374214305514,11.49871505952931,147.0083735936742,0.35513237018369725,35.51323701836972
d-block,Ti-Co-O,Ti,Co,O,TiCo5O12_1306974_POSCAR,-0.0698973583775406,7.1845412379,-0.14463604094709,-0.0747386825695493,6.1935700327,12.139397264,35,local_max_drop,mp-1306974,TiCo5O12,,,,,,,,,,36,447.8487277350265,12.44024243708407,147.0083735936742,0.3282545299104946,32.82545299104946
d-block,Ti-Co-S,Ti,Co,S,Ti3CoS6_1208259_POSCAR,-0.0716295986660072,8.064096152,-0.15859160648226,-0.0869620078162527,7.488089284,14.112168266,35,local_max_drop,mp-1208259,Ti3CoS6,,,,,,,,,,20,328.6485229280394,16.432426146401973,177.89059799199995,0.5412791647657905,54.12791647657905
d-block,Ti-Cr-O,Ti,Cr,O,Ti2CrO5_19369_POSCAR,-0.1019359369088299,7.54019285,-0.25027029963968,-0.14833436273085,7.2801862,12.74032585,35,local_max_drop,mp-19369,Ti2CrO5,,,,,,,,,,32,357.8303541604015,11.182198567512547,206.3414642486985,0.576646061044345,57.664606104434505
d-block,Ti-Cr-O,Ti,Cr,O,TiCrO3_756083_POSCAR,-0.0800595269631087,7.5532088064,-0.25995065110352,-0.1798911241404112,7.0322978542,12.7623183281,35,local_max_drop,mp-756083,TiCrO3,,,,,,,,,,30,336.02093156975775,11.200697718991925,192.1173631556343,0.5717422490859051,57.17422490859051
d-block,Ti-Cr-O,Ti,Cr,O,TiCr7O12_753458_POSCAR,-0.0682139449453955,7.1234774752,-0.17251880195967,-0.1043048570142744,6.3602477457,12.4660855816,35,local_max_drop,mp-753458,TiCr7O12,,,,,,,,,,20,206.92970356933165,10.346485178466583,110.35487175030588,0.5332964279501399,53.32964279501399
d-block,Ti-Cr-O,Ti,Cr,O,TiCrO4_1316892_POSCAR,-0.0653597838530755,5.106876204,-0.14542322932818,-0.0800634454751044,4.5785786657,8.628859793,35,local_max_drop,mp-1316892,TiCrO4,,,,,,,,,,24,274.4813679882574,11.436723666177391,132.89528381861743,0.48416868799744117,48.416868799744115
d-block,Ti-Cr-O,Ti,Cr,O,TiCrO3_755606_POSCAR,-0.0643920520015482,7.4211493,-0.20298020967536,-0.1385881576738117,6.9093459,12.5391833,35,local_max_drop,mp-755606,TiCrO3,,,,,,,,,,20,210.1702097484956,10.50851048742478,128.0782421037564,0.6094024564995381,60.94024564995381
d-block,Ti-Cu-O,Ti,Cu,O,Ti4Cu2O_22432_POSCAR,-0.436577353302924,9.771951884,-0.63195676637559,-0.1953794130726659,9.0739553208,17.1009157969,35,local_max_drop,mp-22432,Ti4Cu2O,,,,,,,,,,28,370.2282950554054,13.222439109121622,356.40626401351903,0.9626661948141542,96.26661948141542
d-block,Ti-Cu-O,Ti,Cu,O,Ti4Cu2O_1217206_POSCAR,-0.4296003422442184,10.1833367004,-0.62053742030822,-0.1909370780640016,9.1298880763,17.2063275283,35,local_max_drop,mp-1217206,Ti4Cu2O,,,,,,,,,,28,377.1024992882285,13.467946403151018,356.40626401351903,0.9451177456692197,94.51177456692197
d-block,Ti-Cu-O,Ti,Cu,O,Ti3Cu3O_21457_POSCAR,-0.3956122437604805,9.5803839947,-0.58984967686938,-0.1942374331088994,8.553914281,16.7656719908,35,local_max_drop,mp-21457,Ti3Cu3O,,,,,,,,,,28,348.85652062439823,12.459161450871365,326.3134590171874,0.9353801340251222,93.53801340251222
d-block,Ti-Cu-S,Ti,Cu,S,Ti3CuS6_686094_POSCAR,-0.3193036842542144,8.5564683453,-0.75003668650055,-0.4307330022463356,8.2508801901,14.9738196042,35,local_max_drop,mp-686094,Ti3CuS6,,,,,,,,,,120,2236.2563143050193,18.63546928587516,1082.4027243723883,0.484024446325052,48.4024446325052
d-block,Ti-Cu-S,Ti,Cu,S,Ti16CuS32_767157_POSCAR,-0.1244254929620623,9.6689181545,-0.28073549391895,-0.1563100009568876,9.323599649,16.9206067705,35,local_max_drop,mp-767157,Ti16CuS32,,,,,,,,,,49,963.8909115869017,19.671243093610236,439.32018263670983,0.45577790739144447,45.57779073914445
d-block,Ti-Cu-S,Ti,Cu,S,Ti10Cu7S20_674343_POSCAR,-0.1167392609820659,9.2380463585,-0.27263344827507,-0.155894187293004,8.5781859043,16.1665811274,35,local_max_drop,mp-674343,Ti10Cu7S20,,,,,,,,,,37,649.6901059083601,17.559192051577302,335.9923960124224,0.5171579387724502,51.71579387724502
d-block,Ti-Cu-S,Ti,Cu,S,Ti8Cu3S16_676402_POSCAR,-0.0819179321405122,12.5853084127,-0.20027372022729,-0.1183557880867777,12.1358331122,22.0242897222,35,local_max_drop,mp-676402,Ti8Cu3S16,,,,,,,,,,27,471.2915668020763,17.455243214891716,243.74529989266028,0.5171857870205082,51.71857870205082
d-block,Ti-Cu-S,Ti,Cu,S,Ti2CuS4_559918_POSCAR,-0.0746548354496839,9.3991949884,-0.18567778534064,-0.111022949890956,9.0635094531,16.4485912297,35,local_max_drop,mp-559918,Ti2CuS4,,,,,,,,,,28,490.47158993856885,17.51684249780603,253.37938332238244,0.5166035883018586,51.66035883018586
d-block,Ti-Fe-O,Ti,Fe,O,Ti4Fe2O_505361_POSCAR,-0.5027603407092435,10.0858266758,-0.69103194387309,-0.1882716031638465,9.0424652955,17.0415692108,35,local_max_drop,mp-505361,Ti4Fe2O,,,,,,,,,,28,366.3731192852477,13.084754260187418,356.40626401351903,0.9727958882704799,97.27958882704799
d-block,Ti-Fe-O,Ti,Fe,O,Ti4Fe2O_1217190_POSCAR,-0.4840406224632826,9.9537553331,-0.67726930804954,-0.1932286855862574,8.8872815474,17.4190718329,35,local_max_drop,mp-1217190,Ti4Fe2O,,,,,,,,,,28,391.26399440402366,13.973714085857988,356.40626401351903,0.9109099459979695,91.09099459979694
d-block,Ti-Fe-O,Ti,Fe,O,Ti3Fe3O_27884_POSCAR,-0.4617887970094632,9.5317194607,-0.66112711774821,-0.1993383207387467,8.8256661674,17.298305688,35,local_max_drop,mp-27884,Ti3Fe3O,,,,,,,,,,28,383.18240287407605,13.685085816931288,326.3134590171874,0.8515877988385149,85.1587798838515
d-block,Ti-Fe-O,Ti,Fe,O,TiFe11O16_531066_POSCAR,-0.207748401416702,6.7964874697,-0.58369282177432,-0.375944420357618,6.2736807413,12.8087648468,35,local_max_drop,mp-531066,TiFe11O16,,,,,,,,,,84,931.2424488425394,11.08621962907785,427.2011077955783,0.4587431643892044,45.874316438920445
d-block,Ti-Fe-O,Ti,Fe,O,TiFeO3_694948_POSCAR,-0.1880500167993598,6.679221453,-0.52001910037408,-0.3319690835747201,6.4489034718,11.2855810757,35,local_max_drop,mp-694948,TiFeO3,,,,,,,,,,80,868.1009410565147,10.851261763206434,486.4663903147674,0.5603799826811819,56.037998268118194
d-block,Ti-Fe-O,Ti,Fe,O,Ti5Fe7O18_530384_POSCAR,-0.1595924759677033,12.2417935307,-0.3920035150927,-0.2324110391249966,10.1311394737,20.6844097588,35,local_max_drop,mp-530384,Ti5Fe7O18,,,,,,,,,,60,622.7530793059085,10.379217988431808,349.8033902379099,0.5617047941822856,56.17047941822856
d-block,Ti-Fe-O,Ti,Fe,O,Ti2FeO5_1101128_POSCAR,-0.1587740407513807,5.461765455,-0.36082816102416,-0.2020541202727792,5.2734287152,9.2285002516,35,local_max_drop,mp-1101128,Ti2FeO5,,,,,,,,,,64,771.3844074296514,12.052881366088304,399.75963944726834,0.51823660887743,51.823660887742996
d-block,Ti-Fe-O,Ti,Fe,O,TiFe5O8_530601_POSCAR,-0.1505045361549825,6.8211509863,-0.46367620104663,-0.3131716648916474,6.2964470643,12.8552460895,35,local_max_drop,mp-530601,TiFe5O8,,,,,,,,,,70,777.911099573282,11.113015708189742,374.80892628568927,0.4818146012973568,48.18146012973568
d-block,Ti-Fe-O,Ti,Fe,O,Ti13_Fe5O14_3_757320_POSCAR,-0.1469707899490351,12.8826330712,-0.44193960746704,-0.2949688175180048,12.4384043446,21.767207603,35,local_max_drop,mp-757320,Ti13(Fe5O14)3,,,,,,,,,,70,763.4255021012592,10.906078601446561,418.13489027633864,0.5477088322638691,54.770883226386914
d-block,Ti-Fe-O,Ti,Fe,O,Ti2FeO5_1101126_POSCAR,-0.1278427383708789,16.554097231,-0.27557925454267,-0.147736516171791,15.412435353,27.970716011,35,local_max_drop,mp-1101126,Ti2FeO5,,,,,,,,,,48,574.0204805949071,11.958760012393897,299.8197295854514,0.5223153872048647,52.23153872048647
d-block,Ti-Fe-O,Ti,Fe,O,Ti11Fe13O36_530780_POSCAR,-0.1251858121351055,7.5099735383,-0.38052128171758,-0.2553354695824744,6.9920443287,12.6892656336,35,local_max_drop,mp-530780,Ti11Fe13O36,,,,,,,,,,60,654.1219278572676,10.90203213095446,357.3265914869928,0.5462690918457684,54.626909184576846
d-block,Ti-Fe-O,Ti,Fe,O,Ti11Fe13O36_530435_POSCAR,-0.1247973557079205,7.4761768592,-0.38013640985373,-0.2553390541458095,6.9605784551,12.6321609,35,local_max_drop,mp-530435,Ti11Fe13O36,,,,,,,,,,60,654.784230259168,10.913070504319467,357.3265914869928,0.5457165505430095,54.57165505430095
d-block,Ti-Fe-O,Ti,Fe,O,Ti6Fe8O21_769418_POSCAR,-0.1236940884297067,10.9706636008,-0.43159404343014,-0.3078999550004332,10.592364856,18.536638498,35,local_max_drop,mp-769418,Ti6Fe8O21,,,,,,,,,,70,764.6903975347782,10.924148536211117,410.61168902725575,0.5369646203888432,53.69646203888432
d-block,Ti-Fe-O,Ti,Fe,O,TiFe11O16_759782_POSCAR,-0.1224074539938915,7.8957268,-0.38112444951008,-0.2587169955161885,6.9846814,14.8804082,35,local_max_drop,mp-759782,TiFe11O16,,,,,,,,,,56,634.941846193614,11.338247253457393,284.80073853038573,0.4485461782645539,44.85461782645539
d-block,Ti-Fe-O,Ti,Fe,O,Ti3Fe9O16_531643_POSCAR,-0.1219129003188933,6.9647631921,-0.35389555372191,-0.2319826534030166,5.9697970218,12.1883355861,35,local_max_drop,mp-531643,Ti3Fe9O16,,,,,,,,,,56,621.7662024196862,11.10296790035154,314.8935435267173,0.5064500809166966,50.645008091669666
d-block,Ti-Fe-O,Ti,Fe,O,Ti11Fe13O36_531901_POSCAR,-0.1203674860243209,8.0343036174,-0.37867449562551,-0.2583070096011891,7.7572586651,13.575202664,35,local_max_drop,mp-531901,Ti11Fe13O36,,,,,,,,,,60,654.7167606110869,10.911946010184781,357.3265914869928,0.5457727875386575,54.577278753865755
d-block,Ti-Fe-O,Ti,Fe,O,Ti11Fe17O42_757435_POSCAR,-0.1184924434122974,10.916230455,-0.43250415110571,-0.3140117076934126,10.5398087152,18.4446652515,35,local_max_drop,mp-757435,Ti11Fe17O42,,,,,,,,,,70,748.9213317287356,10.698876167553365,403.08848777817286,0.5382254059284484,53.82254059284484
d-block,Ti-Fe-O,Ti,Fe,O,Ti12Fe5O32_773026_POSCAR,-0.110891188805686,12.2413092413,-0.23534880918151,-0.1244576203758239,11.8191951295,20.6835914767,35,local_max_drop,mp-773026,Ti12Fe5O32,,,,,,,,,,49,601.699439110858,12.27958039001751,292.5941670131598,0.4862796073826019,48.62796073826019
d-block,Ti-Fe-O,Ti,Fe,O,Ti8Fe35O64_685232_POSCAR,-0.10914936246989,11.089667033,-0.60020603446189,-0.491056671992,10.2366157228,11.9427183432,35,local_max_drop,mp-685232,Ti8Fe35O64,,,,,,,,,,107,1250.0228579361544,11.682456616225743,551.5238649084936,0.441211023788065,44.1211023788065
d-block,Ti-Fe-O,Ti,Fe,O,Ti5Fe7O18_532110_POSCAR,-0.1053133560499252,8.1012721873,-0.36988118579324,-0.2645678297433147,7.8219179739,13.6883564543,35,local_max_drop,mp-532110,Ti5Fe7O18,,,,,,,,,,60,652.0644478401643,10.867740797336072,349.8033902379099,0.5364552405771624,53.645524057716244
d-block,Ti-Fe-O,Ti,Fe,O,Ti7Fe13O30_685365_POSCAR,-0.1033200270238202,7.470694072,-0.30074562154007,-0.1974255945162498,6.1826433699,12.6228968802,35,local_max_drop,mp-685365,Ti7Fe13O30,,,,,,,,,,50,536.0381762675936,10.720763525351872,281.47189019948115,0.5250967238179853,52.50967238179853
d-block,Ti-Fe-O,Ti,Fe,O,Ti9Fe11O30_757488_POSCAR,-0.0983191422069324,10.4994975882,-0.31366094257557,-0.2153418003686375,10.1374459472,17.7405304076,35,local_max_drop,mp-757488,Ti9Fe11O30,,,,,,,,,,50,545.3267034524364,10.906534069048728,296.518292697647,0.5437443111081932,54.37443111081932
d-block,Ti-Fe-O,Ti,Fe,O,Ti_FeO2_2_531655_POSCAR,-0.0975019472443351,7.6673461343,-0.36150888583344,-0.2640069385891048,7.0539584435,15.0279984232,35,local_max_drop,mp-531655,Ti(FeO2)2,,,,,,,,,,56,649.3198212429103,11.594996807909112,329.9399460248831,0.5081316405732402,50.81316405732402
d-block,Ti-Fe-O,Ti,Fe,O,Ti9Fe11O30_685183_POSCAR,-0.0934212139917121,7.4806287427,-0.3167509361262,-0.2233297221344878,7.2226760274,12.639683048,35,local_max_drop,mp-685183,Ti9Fe11O30,,,,,,,,,,50,540.5785630141188,10.811571260282376,296.518292697647,0.5485202577111858,54.85202577111858
d-block,Ti-Fe-O,Ti,Fe,O,Ti4_Fe2O5_3_685351_POSCAR,-0.0864892171326935,7.5598953815,-0.30738287546686,-0.2208936583341664,7.0385232862,12.7736163342,35,local_max_drop,mp-685351,Ti4(Fe2O5)3,,,,,,,,,,50,542.6014759695015,10.85202951939003,288.9950914485641,0.5326102199265081,53.26102199265081
d-block,Ti-Fe-O,Ti,Fe,O,Ti4_Fe2O5_3_759740_POSCAR,-0.0840870592176763,10.5145025346,-0.30473717512854,-0.2206501159108636,10.1519334817,17.765883593,35,local_max_drop,mp-759740,Ti4(Fe2O5)3,,,,,,,,,,50,542.7393967814818,10.854787935629636,288.9950914485641,0.5324748731386447,53.247487313864475
d-block,Ti-Fe-O,Ti,Fe,O,Ti3Fe9O16_530877_POSCAR,-0.0811927504466228,7.5913209869,-0.34555939588758,-0.2643666454409571,6.984015308,14.8789891344,35,local_max_drop,mp-530877,Ti3Fe9O16,,,,,,,,,,56,643.8702244960662,11.497682580286895,314.8935435267173,0.4890636832494825,48.906368324948254
d-block,Ti-Fe-O,Ti,Fe,O,Ti7_Fe3O8_3_757103_POSCAR,-0.0801443064618289,8.0771306603,-0.2518432422417,-0.1716989357798711,7.7986089133,13.6475655984,35,local_max_drop,mp-757103,Ti7(Fe3O8)3,,,,,,,,,,40,430.54266861457893,10.763566715364473,235.709993908301,0.54747185608056,54.747185608056
d-block,Ti-Fe-O,Ti,Fe,O,Ti7_Fe3O8_3_677097_POSCAR,-0.0785182082170137,7.4626141446,-0.24955357022761,-0.1710353620105962,7.2052826224,12.6092445892,35,local_max_drop,mp-677097,Ti7(Fe3O8)3,,,,,,,,,,40,434.3237591604444,10.85809397901111,235.709993908301,0.5427057326173742,54.27057326173742
d-block,Ti-Fe-O,Ti,Fe,O,Ti_FeO2_2_780585_POSCAR,-0.0742028568485596,8.3732546706,-0.18629863838137,-0.1120957815328104,6.9295900722,14.147913064,35,local_max_drop,mp-780585,Ti(FeO2)2,,,,,,,,,,28,304.8408395941034,10.88717284264655,164.96997301244159,0.5411675588877779,54.11675588877779
d-block,Ti-Fe-O,Ti,Fe,O,Ti7_Fe3O8_3_1101106_POSCAR,-0.073749318712199,10.1054053915,-0.25040412731697,-0.1766548086047709,9.7569431366,17.0746504891,35,local_max_drop,mp-1101106,Ti7(Fe3O8)3,,,,,,,,,,40,435.2114556449984,10.88028639112496,235.709993908301,0.541598781123467,54.1598781123467
d-block,Ti-Fe-O,Ti,Fe,O,Ti7Fe13O30_1101107_POSCAR,-0.068688620748374,7.4610921064,-0.29740863138911,-0.2287200106407359,7.2038130682,12.6066728694,35,local_max_drop,mp-1101107,Ti7Fe13O30,,,,,,,,,,50,540.1328904582771,10.802657809165542,281.47189019948115,0.5211159978809393,52.11159978809393
d-block,Ti-Fe-O,Ti,Fe,O,Ti7Fe13O30_673704_POSCAR,-0.068423150617556,7.9638733801,-0.29579083967228,-0.227367689054724,7.6892570567,13.4561998492,35,local_max_drop,mp-673704,Ti7Fe13O30,,,,,,,,,,50,541.5297218762619,10.830594437525237,281.47189019948115,0.5197718219865257,51.97718219865257
d-block,Ti-Fe-O,Ti,Fe,O,Ti3Fe5O12_685374_POSCAR,-0.0644756364348298,8.0224650574,-0.24372318001753,-0.1792475435827001,7.7458283313,13.5551995797,35,local_max_drop,mp-685374,Ti3Fe5O12,,,,,,,,,,40,428.2957783002087,10.707394457505218,228.18679265921807,0.5327785241424288,53.27785241424288
d-block,Ti-Fe-O,Ti,Fe,O,Ti3Fe5O12_698576_POSCAR,-0.0617134264324969,8.0854241768,-0.24084746484921,-0.179134038416713,7.8066164465,13.6615787815,35,local_max_drop,mp-698576,Ti3Fe5O12,,,,,,,,,,40,433.3751762314447,10.834379405786118,228.18679265921807,0.5265340637262402,52.653406372624026
d-block,Ti-Fe-O,Ti,Fe,O,Ti_FeO2_3_674221_POSCAR,-0.0542226071916381,6.380372819,-0.29628494762892,-0.2420623404372818,6.1251579063,6.8908026445,35,local_max_drop,mp-674221,Ti(FeO2)3,,,,,,,,,,50,532.1561613146375,10.64312322629275,266.4254877013154,0.5006528291303409,50.065282913034096
d-block,Ti-Fe-O,Ti,Fe,O,Ti3Fe9O16_760003_POSCAR,-0.051627847770755,7.66092875,-0.3439112852766,-0.2922834375058449,7.04805445,8.27380305,35,local_max_drop,mp-760003,Ti3Fe9O16,,,,,,,,,,56,645.9011875408713,11.53394977751556,314.8935435267173,0.4875258779529515,48.75258779529515
d-block,Ti-Fe-S,Ti,Fe,S,Ti3FeS6_16335_POSCAR,-0.0553530618622368,8.309857066,-0.13449788875927,-0.0791448268970331,8.0130764565,14.5422498655,35,local_max_drop,mp-16335,Ti3FeS6,,,,,,,,,,20,353.7508883814277,17.687544419071386,180.40045406206468,0.509964667191309,50.99646671913089
d-block,Ti-Hf-O,Ti,Hf,O,HfTiO4_753197_POSCAR,-0.0664943000051836,6.916693892,-0.13901961603191,-0.0725253160267263,5.9626671482,11.6868276105,35,local_max_drop,mp-753197,HfTiO4,,,,,,,,,,24,275.9192354984873,11.496634812436971,177.69449558977263,0.6440090893581315,64.40090893581315
d-block,Ti-Mn-O,Ti,Mn,O,Ti3Mn3O_504732_POSCAR,-0.5482996504240987,9.8319117721,-0.74469269681523,-0.1963930463911313,8.7394771307,17.8430991419,35,local_max_drop,mp-504732,Ti3Mn3O,,,,,,,,,,28,420.53845970325676,15.019230703687741,345.6983925923805,0.8220375202694056,82.20375202694056
d-block,Ti-Mn-O,Ti,Mn,O,Ti4Mn2O_1217173_POSCAR,-0.5367393271513179,10.1929977382,-0.72810450387778,-0.1913651767264621,9.1008908377,17.8377460419,35,local_max_drop,mp-1217173,Ti4Mn2O,,,,,,,,,,28,420.1600765896044,15.005717021057299,369.32955306364795,0.879021053264883,87.9021053264883
d-block,Ti-Mn-O,Ti,Mn,O,TiMn2O4_530557_POSCAR,-0.2472323355967243,7.5346674022,-0.55448415101709,-0.3072518154203656,6.4582863447,13.1856679538,35,local_max_drop,mp-530557,TiMn2O4,,,,,,,,,,70,823.9495925404724,11.770708464863892,444.73315515642554,0.539757722053343,53.9757722053343
d-block,Ti-Mn-O,Ti,Mn,O,TiMn4O10_777945_POSCAR,-0.1678754946990682,8.4175615485,-0.30678428532459,-0.1389087906255217,7.5467793193,14.2227764095,35,local_max_drop,mp-777945,TiMn4O10,,,,,,,,,,60,706.0978775803902,11.76829795967317,296.79146883964205,0.42032624408483926,42.032624408483926
d-block,Ti-Mn-O,Ti,Mn,O,TiMn9O20_771265_POSCAR,-0.1603085895293811,8.0962326928,-0.30722539105248,-0.1469168015230988,7.5179303576,14.1684072124,35,local_max_drop,mp-771265,TiMn9O20,,,,,,,,,,60,698.3848333856823,11.639747223094705,284.9758886040084,0.40804993891760355,40.804993891760354
d-block,Ti-Mn-O,Ti,Mn,O,Ti2MnO4_1286093_POSCAR,-0.1564505138176692,8.1930097918,-0.27319093827427,-0.1167404244566007,7.0225798216,14.3377671357,35,local_max_drop,mp-1286093,Ti2MnO4,,,,,,,,,,28,324.2281757032043,11.579577703685867,201.52442253383745,0.6215512334693306,62.15512334693306
d-block,Ti-Mn-O,Ti,Mn,O,TiMn3O8_774302_POSCAR,-0.1388493142080997,11.99948805,-0.24869434832442,-0.1098450341163203,10.7581617,20.27499705,35,local_max_drop,mp-774302,TiMn3O8,,,,,,,,,,48,566.7403655861926,11.807090949712347,242.1594071659671,0.42728455898054135,42.728455898054136
d-block,Ti-Mn-O,Ti,Mn,O,TiMn9O20_803475_POSCAR,-0.1021420423967729,9.0011608019,-0.21924264265887,-0.117100600262097,8.1300807243,14.2276412675,35,local_max_drop,mp-803475,TiMn9O20,,,,,,,,,,60,698.3844619619292,11.63974103269882,284.9758886040084,0.4080501559319388,40.80501559319388
d-block,Ti-Mn-O,Ti,Mn,O,TiMn2O4_540763_POSCAR,-0.092359084089981,7.6852577,-0.22787430021057,-0.1355152161205889,7.377847392,15.063105092,35,local_max_drop,mp-540763,TiMn2O4,,,,,,,,,,28,324.7617186889428,11.598632810319385,177.89326206257013,0.5477654902822969,54.776549028229695
d-block,Ti-Mn-O,Ti,Mn,O,Ti3MnO8_782664_POSCAR,-0.0817833072732586,8.6091444499,-0.14004461368628,-0.0582613064130213,7.7185433,14.5464854499,35,local_max_drop,mp-782664,Ti3MnO8,,,,,,,,,,24,272.1124356575142,11.338018152396424,144.71086405425098,0.5318054050142228,53.18054050142228
d-block,Ti-Mn-O,Ti,Mn,O,TiMnO3_556925_POSCAR,-0.0810075527669049,7.5485521,-0.16521815168214,-0.084210598915235,5.9867827,12.7544501,35,local_max_drop,mp-556925,TiMnO3,,,,,,,,,,20,212.50152766800994,10.625076383400497,128.0782421037564,0.6027168063650459,60.271680636504584
d-block,Ti-Mn-O,Ti,Mn,O,Ti2MnO4_561097_POSCAR,-0.0787232184042446,7.4209940023,-0.13693421166015,-0.0582109932559053,6.360852002,12.986739504,35,local_max_drop,mp-561097,Ti2MnO4,,,,,,,,,,14,162.14186528020312,11.581561805728795,100.76221126691887,0.6214447520557884,62.14447520557884
d-block,Ti-Mn-O,Ti,Mn,O,Ti5Mn3O16_776100_POSCAR,-0.0782519142541107,8.4956920971,-0.13802314286939,-0.0597712286152792,7.6168273974,14.354790095,35,local_max_drop,mp-776100,Ti5Mn3O16,,,,,,,,,,24,269.7078806066976,11.237828358612399,138.8030739364342,0.514642262673979,51.4642262673979
d-block,Ti-Mn-O,Ti,Mn,O,TiMn3O8_756589_POSCAR,-0.0695152862452537,8.429785656,-0.12456133519923,-0.0550460489539763,7.557738864,14.243430936,35,local_max_drop,mp-756589,TiMn3O8,,,,,,,,,,24,282.76767842682483,11.781986601117701,121.07970358298381,0.42819499122604654,42.819499122604654
d-block,Ti-Mn-O,Ti,Mn,O,Ti3Mn5O16_1101292_POSCAR,-0.0688179920030435,8.5030172242,-0.13013345348851,-0.0613154614854664,7.6233947528,14.3671670341,35,local_max_drop,mp-1101292,Ti3Mn5O16,,,,,,,,,,24,264.5549451294602,11.023122713727508,126.98749370080066,0.4800042336712293,48.00042336712293
d-block,Ti-Mn-O,Ti,Mn,O,TiMn3O8_755307_POSCAR,-0.0658669586486653,8.390552339,-0.1284896118228,-0.0626226531741346,7.522564166,14.177140159,35,local_max_drop,mp-755307,TiMn3O8,,,,,,,,,,24,262.0291772027449,10.917882383447704,121.07970358298381,0.4620848138957383,46.208481389573834
d-block,Ti-Nb-O,Ti,Nb,O,Ti15NbO32_1099073_POSCAR,-0.1565836141755127,11.0870509,-0.26604456571727,-0.1094609515417572,10.3224267,18.7332929,35,local_max_drop,mp-1099073,Ti15NbO32,,,,,,,,,,48,566.7567149976325,11.807431562450676,314.3721229220255,0.5546861900407104,55.46861900407104
d-block,Ti-Nb-O,Ti,Nb,O,Ti5Nb2O14_758324_POSCAR,-0.1517707996782269,6.860831832,-0.28105401386951,-0.129283214191283,6.387671016,11.592439992,35,local_max_drop,mp-758324,Ti5Nb2O14,,,,,,,,,,42,471.61077436895204,11.228827961165525,279.1982148763231,0.5920098310941044,59.200983109410444
d-block,Ti-Nb-O,Ti,Nb,O,TiNb2O7_759307_POSCAR,-0.1100210039981824,11.3525844875,-0.2435003213411,-0.1334793173429176,10.5957455217,18.542554663,35,local_max_drop,mp-759307,TiNb2O7,,,,,,,,,,60,835.8254003048736,13.93042333841456,375.2408743316068,0.4489464835535446,44.89464835535446
d-block,Ti-Nb-O,Ti,Nb,O,TiNb3O6_29699_POSCAR,-0.0998266219899319,9.2752675134,-0.17191303985713,-0.072086417867198,8.315757081,15.6720037296,35,local_max_drop,mp-29699,TiNb3O6,,,,,,,,,,20,266.3836038523538,13.31918019261769,159.624808628561,0.599229105395822,59.9229105395822
d-block,Ti-Nb-O,Ti,Nb,O,Ti3NbO8_776082_POSCAR,-0.090066261143931,8.662953167,-0.15662920180428,-0.0665629406603489,8.065508121,14.637403627,35,local_max_drop,mp-776082,Ti3NbO8,,,,,,,,,,24,290.6158213652466,12.108992556885275,159.16491297439708,0.5476815137822737,54.76815137822737
d-block,Ti-Nb-O,Ti,Nb,O,Ti3NbO8_1101284_POSCAR,-0.0858401649372925,14.3507169018,-0.15935861707482,-0.0735184521375274,13.3610122879,24.247763041,35,local_max_drop,mp-1101284,Ti3NbO8,,,,,,,,,,24,266.89179319806044,11.120491383252519,159.16491297439708,0.5963649577500526,59.63649577500526
d-block,Ti-Nb-O,Ti,Nb,O,Ti3NbO8_758428_POSCAR,-0.085628291457815,6.8511947989,-0.15858966934168,-0.0729613778838649,6.3786986058,11.5761567291,35,local_max_drop,mp-758428,Ti3NbO8,,,,,,,,,,24,268.2011055122086,11.175046063008692,159.16491297439708,0.5934536051610416,59.345360516104165
d-block,Ti-Nb-O,Ti,Nb,O,Ti5NbO12_758848_POSCAR,-0.065758457166721,7.6502099713,-0.11737260994676,-0.0516141527800389,7.1226092836,12.9262168481,35,local_max_drop,mp-758848,Ti5NbO12,,,,,,,,,,18,198.42002155688292,11.02333453093794,118.71406755966986,0.5982968181748584,59.829681817485834
d-block,Ti-Nb-O,Ti,Nb,O,TiNbO4_756350_POSCAR,-0.0642326022887839,7.7604439905,-0.12458655767127,-0.060353955382486,7.2252409567,13.1124743287,35,local_max_drop,mp-756350,TiNbO4,,,,,,,,,,18,208.0499045727326,11.558328031818478,121.35253624418233,0.5832857097118179,58.32857097118179
d-block,Ti-Nb-O,Ti,Nb,O,TiNb2O7_1217062_POSCAR,-0.0573529939518753,13.6669989186,-0.12439917801638,-0.0670461840645046,12.7558656574,22.3227649004,35,local_max_drop,mp-1217062,TiNb2O7,,,,,,,,,,30,410.22615203307106,13.674205067769035,187.6204371658034,0.45735854780579194,45.735854780579196
d-block,Ti-Nb-O,Ti,Nb,O,TiNb2O7_1216971_POSCAR,-0.0561233839544401,13.5850471501,-0.12426015824648,-0.0681367742920398,12.6793773401,22.1889103452,35,local_max_drop,mp-1216971,TiNb2O7,,,,,,,,,,30,409.720416190496,13.657347206349867,187.6204371658034,0.457923085479272,45.7923085479272
d-block,Ti-Nb-S,Ti,Nb,S,Ti_NbS2_4_1192454_POSCAR,-0.100462310064405,9.7156741774,-0.23801507566906,-0.1375527656046549,9.0456276824,16.4161391274,35,local_max_drop,mp-1192454,Ti(NbS2)4,,,,,,,,,,26,478.39546670199036,18.399825642384243,259.7114936991539,0.5428803401704002,54.28803401704002
d-block,Ti-Nb-S,Ti,Nb,S,Ti_NbS2_3_1188929_POSCAR,-0.0857478063619168,8.4285657709,-0.18622882265766,-0.1004810162957431,7.2660049749,14.2413697509,35,local_max_drop,mp-1188929,Ti(NbS2)3,,,,,,,,,,20,366.8739876550927,18.343699382754636,203.3622626137679,0.5543109336085005,55.43109336085005
d-block,Ti-Ni-O,Ti,Ni,O,Ti4Ni2O_540679_POSCAR,-0.5654934752935433,9.7444386021,-0.75916907926073,-0.1936756039671866,8.700391609,17.0527675536,35,local_max_drop,mp-540679,Ti4Ni2O,,,,,,,,,,28,367.0958464610935,13.110565945039054,343.22518005902714,0.9349742945005064,93.49742945005065
d-block,Ti-Ni-O,Ti,Ni,O,Ti3Ni3O_504735_POSCAR,-0.5502513196921284,9.4209163575,-0.74706338280252,-0.1968120631103917,8.411532462,16.4866036256,35,local_max_drop,mp-504735,Ti3Ni3O,,,,,,,,,,28,331.7328225900046,11.847600806785879,306.54183308544947,0.9240624147231605,92.40624147231605
d-block,Ti-Ni-O,Ti,Ni,O,Ti4Ni2O_1217223_POSCAR,-0.5376940147995002,10.0237081748,-0.72862983174227,-0.1909358169427698,8.6411277369,16.9366103643,35,local_max_drop,mp-1217223,Ti4Ni2O,,,,,,,,,,28,359.64526212741714,12.844473647407755,343.22518005902714,0.9543436719525792,95.43436719525792
d-block,Ti-Ni-O,Ti,Ni,O,Ti4_Ni5O8_3_766093_POSCAR,-0.1908303920005944,7.3623445124,-0.41724316333068,-0.2264127713300855,6.7733569514,14.4301952443,35,local_max_drop,mp-766093,Ti4(Ni5O8)3,,,,,,,,,,43,430.90749991240705,10.021104649125745,217.3281080355461,0.504349792193739,50.4349792193739
d-block,Ti-Ni-O,Ti,Ni,O,TiNiO3_531689_POSCAR,-0.1538650276849721,6.5348461907,-0.43690071659837,-0.2830356889133978,6.3095066669,11.041636667,35,local_max_drop,mp-531689,TiNiO3,,,,,,,,,,60,624.0954123305644,10.401590205509406,345.07816680433774,0.5529253379955312,55.29253379955313
d-block,Ti-Ni-O,Ti,Ni,O,TiNiO3_698587_POSCAR,-0.1277269745917068,7.3407550801,-0.36119705531155,-0.2334700807198431,7.0876255945,12.4033447905,35,local_max_drop,mp-698587,TiNiO3,,,,,,,,,,50,516.7503734090112,10.335007468180224,287.5651390036148,0.5564875301522136,55.64875301522137
d-block,Ti-Ni-O,Ti,Ni,O,TiNiO3_675030_POSCAR,-0.10423180905067,7.9454577675,-0.29298823980774,-0.18875643075707,7.6714764652,13.425083814,35,local_max_drop,mp-675030,TiNiO3,,,,,,,,,,40,414.1901772581448,10.35475443145362,230.05211120289178,0.5554262844324079,55.542628443240794
d-block,Ti-Ni-O,Ti,Ni,O,TiNiO3_690546_POSCAR,-0.080947919807489,7.2684663272,-0.22399374749633,-0.1430458276888409,7.0178295573,12.2812017252,35,local_max_drop,mp-690546,TiNiO3,,,,,,,,,,30,300.53728884313404,10.017909628104468,172.53908340216887,0.5741020825280219,57.410208252802185
d-block,Ti-Ni-S,Ti,Ni,S,Ti3NiS6_13994_POSCAR,-0.0624949924181406,8.254756006,-0.15679272675445,-0.0942977343363093,7.9599432915,14.4458230105,35,local_max_drop,mp-13994,Ti3NiS6,,,,,,,,,,20,342.8156329713109,17.140781648565543,177.10518307344168,0.5166193313251354,51.66193313251354
d-block,Ti-Pd-O,Ti,Pd,O,Ti3PdO_760414_POSCAR,-0.2176919121650476,7.947205009,-0.32155569803429,-0.1038637858692423,7.095718758,13.9076087658,35,local_max_drop,mp-760414,Ti3PdO,,,,,,,,,,10,137.32421651927154,13.732421651927154,127.85121805223734,0.9310172764342347,93.10172764342347
d-block,Ti-V-O,Ti,V,O,Ti15VO24_765586_POSCAR,-0.2435766555233249,7.9087163252,-0.36988029267351,-0.126303637150185,7.3632876132,13.3630034461,35,local_max_drop,mp-765586,Ti15VO24,,,,,,,,,,40,414.389912660419,10.359747816510474,301.26399512653035,0.7270061020365808,72.70061020365807
d-block,Ti-V-O,Ti,V,O,TiV15O24_760220_POSCAR,-0.2002272520951075,7.7521218145,-0.33559612988821,-0.1353688777931024,7.1983988278,13.5662131754,35,local_max_drop,mp-760220,TiV15O24,,,,,,,,,,40,430.5685092143325,10.764212730358313,271.0966547972948,0.6296249005575689,62.962490055756895
d-block,Ti-V-O,Ti,V,O,TiVO3_753428_POSCAR,-0.1037415169152245,7.4684140639,-0.16974772778405,-0.0660062108688254,6.6958195055,12.6190444528,35,local_max_drop,mp-753428,TiVO3,,,,,,,,,,20,216.7495139583531,10.837475697917656,143.09016248095625,0.6601637063345389,66.01637063345389
d-block,Ti-V-O,Ti,V,O,Ti3VO8_756455_POSCAR,-0.0887205973420678,8.6282377455,-0.14297782116672,-0.0542572238246521,8.0331868665,14.5787465355,35,local_max_drop,mp-756455,Ti3VO8,,,,,,,,,,24,276.2629912845996,11.51095797019165,152.21682424285095,0.5509852171478183,55.09852171478183
d-block,Ti-V-O,Ti,V,O,TiVO4_690490_POSCAR,-0.0860322478406789,4.35485315,-0.1483459528536,-0.062313705012921,4.05451845,7.35820015,35,local_max_drop,mp-690490,TiVO4,,,,,,,,,,24,252.34202717723693,10.514251132384873,147.9072041958173,0.586137814023076,58.613781402307595
d-block,Ti-V-O,Ti,V,O,TiVO4_761341_POSCAR,-0.0854532982926655,7.928195057,-0.1477618754715,-0.0623085771788344,7.3814229841,13.395915786,35,local_max_drop,mp-761341,TiVO4,,,,,,,,,,24,252.22064479724875,10.509193533218697,147.9072041958173,0.5864198956224009,58.64198956224009
d-block,Ti-V-O,Ti,V,O,Ti3V5O16_776195_POSCAR,-0.0824885272528878,8.5661730363,-0.13683476188045,-0.0543462346275621,7.9754024821,14.4738785786,35,local_max_drop,mp-776195,Ti3V5O16,,,,,,,,,,24,274.3419697227942,11.430915405116425,145.75239417230046,0.5312799726544734,53.127997265447334
d-block,Ti-V-O,Ti,V,O,Ti3V2O9_1179324_POSCAR,-0.0813168426849372,13.8180426429,-0.15293116033952,-0.0716143176545827,12.3885899557,23.3477272242,35,local_max_drop,mp-1179324,Ti3V2O9,,,,,,,,,,28,342.4068017523258,12.22881434829735,184.63029441085794,0.5392132792514068,53.92132792514068
d-block,Ti-V-O,Ti,V,O,Ti3V5O16_2215221_POSCAR,-0.0796884704360066,8.547571782,-0.13382559618484,-0.0541371257488333,7.9580840729,14.442448873,35,local_max_drop,mp-2215221,Ti3V5O16,,,,,,,,,,24,276.3163728486471,11.513182202026963,145.75239417230046,0.5274837414434962,52.74837414434962
d-block,Ti-V-O,Ti,V,O,TiVO4_1191211_POSCAR,-0.0776526418292333,6.8303714495,-0.13582466095201,-0.0581720191227766,6.3593113495,11.5409724491,35,local_max_drop,mp-1191211,TiVO4,,,,,,,,,,24,266.21621447685743,11.092342269869059,147.9072041958173,0.555590516852891,55.5590516852891
d-block,Ti-V-O,Ti,V,O,Ti3V2O9_698211_POSCAR,-0.0768939627053096,15.2670792852,-0.13948013903616,-0.0625861763308503,14.2141772655,25.7960994819,35,local_max_drop,mp-698211,Ti3V2O9,,,,,,,,,,28,375.6044972244987,13.414446329446381,184.63029441085794,0.49155506862982123,49.15550686298212
d-block,Ti-V-O,Ti,V,O,TiVO4_1274758_POSCAR,-0.0737145213525599,7.5554777226,-0.12590772399193,-0.05219320263937,7.0344102934,12.766152014,35,local_max_drop,mp-1274758,TiVO4,,,,,,,,,,24,279.87014562743656,11.661256067809857,147.9072041958173,0.5284851082069737,52.84851082069737
d-block,Ti-V-O,Ti,V,O,TiVO4_1276433_POSCAR,-0.0734880317902237,7.7839580786,-0.12570035823364,-0.0522123264434162,7.2471333835,13.1522050294,35,local_max_drop,mp-1276433,TiVO4,,,,,,,,,,24,279.96061262762146,11.665025526150893,147.9072041958173,0.5283143325327345,52.83143325327345
d-block,Ti-V-O,Ti,V,O,Ti4VO8_768727_POSCAR,-0.0733788976337212,7.4159454203,-0.10944093269243,-0.0360620350587088,6.6487786527,12.5303905377,35,local_max_drop,mp-768727,Ti4VO8,,,,,,,,,,13,144.31178955962682,11.100906889202063,93.26569680023064,0.6462791230351632,64.62791230351633
d-block,Ti-V-O,Ti,V,O,TiVO4_1275288_POSCAR,-0.0724701048943336,5.6106202995,-0.12438735068319,-0.0519172457888563,5.2236809685,9.4800136095,35,local_max_drop,mp-1275288,TiVO4,,,,,,,,,,24,280.695333178441,11.695638882435041,147.9072041958173,0.5269314687957106,52.69314687957106
d-block,Ti-V-O,Ti,V,O,TiVO4_1272170_POSCAR,-0.0724299653782499,5.6140288856,-0.12428395476827,-0.05185398939002,5.2268544797,9.4857729446,35,local_max_drop,mp-1272170,TiVO4,,,,,,,,,,24,280.84953351832064,11.702063896596693,147.9072041958173,0.5266421572538196,52.66421572538196
d-block,Ti-V-O,Ti,V,O,TiVO4_1280499_POSCAR,-0.0707719059719696,5.4011373289,-0.12420304170288,-0.0534311357309103,5.2148912141,9.1260596247,35,local_max_drop,mp-1280499,TiVO4,,,,,,,,,,24,280.68292379995455,11.695121824998106,147.9072041958173,0.5269547651613897,52.695476516138974
d-block,Ti-V-O,Ti,V,O,TiVO4_1279004_POSCAR,-0.0640299384654208,7.7987052834,-0.11648858845032,-0.0524586499848992,7.2608635397,13.1771227202,35,local_max_drop,mp-1279004,TiVO4,,,,,,,,,,24,280.6073947824141,11.691974782600587,147.9072041958173,0.527096601679033,52.70966016790331
d-block,Ti-V-O,Ti,V,O,TiV3O8_1314855_POSCAR,-0.0606975647436464,5.5914172076,-0.10897081037789,-0.0482732456342435,5.2186560605,9.1326481058,35,local_max_drop,mp-1314855,TiV3O8,,,,,,,,,,24,291.36507927782964,12.140211636576234,143.59758414878365,0.4928441819613425,49.28441819613425
d-block,Ti-V-O,Ti,V,O,TiV3O8_1301440_POSCAR,-0.0606292517976941,5.4332039769,-0.10900974549312,-0.0483804936954258,5.0709903784,8.8742331623,35,local_max_drop,mp-1301440,TiV3O8,,,,,,,,,,24,291.12278065637497,12.13011586068229,143.59758414878365,0.49325437131722855,49.32543713172286
d-block,Ti-V-O,Ti,V,O,TiV3O8_1317675_POSCAR,-0.0603882238756151,5.5642013693,-0.10904014577752,-0.0486519219019048,5.1932546113,9.0881955698,35,local_max_drop,mp-1317675,TiV3O8,,,,,,,,,,24,290.9818003127993,12.12424167969997,143.59758414878365,0.4934933524860293,49.349335248602934
d-block,Ti-V-O,Ti,V,O,TiVO3_1216763_POSCAR,-0.0542922470262128,6.3334166101,-0.088170129133215,-0.0338778821070021,5.6782355814,10.7012901343,35,local_max_drop,mp-1216763,TiVO3,,,,,,,,,,10,103.87320070201714,10.387320070201714,71.54508124047821,0.6887732423468959,68.87732423468958
d-block,Ti-V-S,Ti,V,S,Ti3VS4_1217134_POSCAR,-0.0595447188123604,4.551155,-0.10274162761127,-0.0431969087989095,4.38861375,7.96452125,35,local_max_drop,mp-1217134,Ti3VS4,,,,,,,,,,8,116.2742888915508,14.53428611144385,85.8705217349668,0.7385168514344419,73.85168514344419
d-block,Ti-V-S,Ti,V,S,TiVS2_1216761_POSCAR,-0.0528381330580146,4.8112624,-0.090134683444239,-0.0372965503862243,4.4794512,8.1293744,35,local_max_drop,mp-1216761,TiVS2,,,,,,,,,,8,115.88056635222439,14.485070794028049,83.71571171144997,0.7224309851661594,72.24309851661594
d-block,Ti-W-O,Ti,W,O,Ti7_WO5_6_851115_POSCAR,-0.0608393278510026,7.5921778585,-0.15136909560329,-0.0905297677522873,7.330378622,12.8281625885,35,local_max_drop,mp-851115,Ti7(WO5)6,,,,,,,,,,43,557.0634619101605,12.95496423046885,263.08135866374363,0.47226461014269794,47.226461014269795
d-block,Ti-Y-O,Ti,Y,O,Y16Ti16O35_685259_POSCAR,-0.5275801206245934,10.1077793366,-0.78062988481307,-0.2530497641884766,8.7136028764,17.0786616376,35,local_max_drop,mp-685259,Y16Ti16O35,,,,,,,,,,67,993.1950742990269,14.823807079089955,776.3602620999939,0.7816795332457022,78.16795332457022
d-block,Ti-Y-O,Ti,Y,O,Y2Ti2O7_685370_POSCAR,-0.4501057890261558,10.3884041213,-0.75354918061213,-0.3034433915859743,8.9555207942,17.5528207566,35,local_max_drop,mp-685370,Y2Ti2O7,,,,,,,,,,88,1071.061456563352,12.171152915492637,801.6497311030155,0.7484628694185476,74.84628694185476
d-block,Ti-Y-O,Ti,Y,O,Y2Ti3O9_1365383_POSCAR,-0.2854437415344414,7.69359705,-0.45683176011043,-0.1713880185759885,6.63241125,12.99952605,35,local_max_drop,mp-1365383,Y2Ti3O9,,,,,,,,,,56,674.4983663706558,12.044613685190283,479.0880876964489,0.7102879882042242,71.02879882042242
d-block,Ti-Y-O,Ti,Y,O,YTi3O6_1045032_POSCAR,-0.217788931927611,8.7588964123,-0.34998592082395,-0.1321969888963389,7.5507727692,14.7995146276,35,local_max_drop,mp-1045032,YTi3O6,,,,,,,,,,40,524.8749963590751,13.121874908976878,349.7133144933464,0.6662792415703149,66.62792415703149
d-block,Ti-Y-O,Ti,Y,O,YTiO3_1342458_POSCAR,-0.1897055178044073,8.834892543,-0.29056955566345,-0.1008640378590426,7.616286675,14.927921883,35,local_max_drop,mp-1342458,YTiO3,,,,,,,,,,30,386.4233570725258,12.880778569084192,297.00586787748415,0.7686022659902016,76.86022659902017
d-block,Ti-Y-O,Ti,Y,O,Y2Ti2O7_686019_POSCAR,-0.1697579006819246,10.6784686868,-0.30977224086995,-0.1400143401880253,9.2055764542,18.0429298502,35,local_max_drop,mp-686019,Y2Ti2O7,,,,,,,,,,44,581.3694898154905,13.212942950352057,400.82486555150655,0.689449433747747,68.94494337477471
d-block,Ti-Y-O,Ti,Y,O,Y2Ti2O7_1173093_POSCAR,-0.1641609381183225,11.153679,-0.29824877963348,-0.1340878415151575,9.2947325,18.2176757,35,local_max_drop,mp-1173093,Y2Ti2O7,,,,,,,,,,44,579.6686380930187,13.174287229386788,400.82486555150655,0.6914724020090711,69.1472402009071
d-block,Ti-Y-O,Ti,Y,O,Y2TiO5_17559_POSCAR,-0.1510836162594833,5.527729695,-0.24650241988728,-0.0954188036277966,4.6064414125,9.0286251685,35,local_max_drop,mp-17559,Y2TiO5,,,,,,,,,,32,429.3148804533705,13.416090014167828,322.5616434065642,0.7513404684830132,75.13404684830132
d-block,Ti-Y-O,Ti,Y,O,YTiO3_4355_POSCAR,-0.1475152425804806,7.7541737,-0.22239141424253,-0.0748761716620493,6.6846325,13.1018797,35,local_max_drop,mp-4355,YTiO3,,,,,,,,,,20,235.49787086691995,11.774893543345998,198.00391191832276,0.8407885438175148,84.07885438175148
d-block,Ti-Y-O,Ti,Y,O,Y2Ti2O7_5373_POSCAR,-0.120094055485549,8.9698274191,-0.19734779666843,-0.077253741182881,7.732609844,15.1559152943,35,local_max_drop,mp-5373,Y2Ti2O7,,,,,,,,,,22,257.7159881351776,11.714363097053528,200.41243277575327,0.7776484269599627,77.76484269599628
d-block,Ti-Y-O,Ti,Y,O,YTi2O4_1409276_POSCAR,-0.1164401862032213,7.2823092137,-0.17330436033825,-0.0568641741350286,6.5020617979,12.7440411239,35,local_max_drop,mp-1409276,YTi2O4,,,,,,,,,,14,169.43274781880805,12.102339129914862,135.72504617420202,0.8010555687814662,80.10555687814661
d-block,Ti-Y-O,Ti,Y,O,YTi2O4_1045424_POSCAR,-0.110983639925588,7.9911457851,-0.15566637661539,-0.0446827366898019,7.1644755315,13.5022808093,35,local_max_drop,mp-1045424,YTi2O4,,,,,,,,,,14,171.57129279347188,12.25509234239085,135.72504617420202,0.7910708368770083,79.10708368770084
d-block,Ti-Y-O,Ti,Y,O,YTi2O4_1045347_POSCAR,-0.0980903368150522,8.0884963372,-0.14653590896805,-0.0484455721529977,7.2517553368,13.6667696731,35,local_max_drop,mp-1045347,YTi2O4,,,,,,,,,,14,176.58633502143175,12.613309644387982,135.72504617420202,0.7686044685039162,76.86044685039161
d-block,Ti-Y-O,Ti,Y,O,YTi2O4_1400462_POSCAR,-0.092020353758054,7.9253336102,-0.14472526583381,-0.052704912075756,6.8321841467,13.3910809275,35,local_max_drop,mp-1400462,YTi2O4,,,,,,,,,,14,177.76315839715903,12.69736845693993,135.72504617420202,0.7635161717309539,76.35161717309539
d-block,Ti-Y-O,Ti,Y,O,YTiO3_1443298_POSCAR,-0.0606118817541705,5.1068422175,-0.094752296236224,-0.0341404144820534,4.4024501875,8.6288023675,35,local_max_drop,mp-1443298,YTiO3,,,,,,,,,,10,130.09900553526666,13.009900553526666,99.00195595916145,0.7609739640348322,76.09739640348322
d-block,Ti-Y-S,Ti,Y,S,Y_TiS2_2_1045465_POSCAR,-0.060156134020461,8.9824294522,-0.11995088550134,-0.0597947514808789,8.0200262966,15.7192515413,35,local_max_drop,mp-1045465,Y(TiS2)2,,,,,,,,,,14,274.591156457463,19.613654032675928,164.8833488310066,0.6004685327750121,60.046853277501214
d-block,Ti-Zn-O,Ti,Zn,O,Ti5ZnO7_1045822_POSCAR,-0.1987429886151509,7.197606276,-0.32665733985408,-0.1279143512389291,6.683491542,12.595810983,35,local_max_drop,mp-1045822,Ti5ZnO7,,,,,,,,,,26,261.5288890911097,10.058803426581143,203.64490542162613,0.7786707852021719,77.86707852021719
d-block,Ti-Zn-O,Ti,Zn,O,Ti2ZnO4_1351134_POSCAR,-0.1950590296833041,8.7613402818,-0.43806758415626,-0.2430085544729558,7.8549947354,14.8036439244,35,local_max_drop,mp-1351134,Ti2ZnO4,,,,,,,,,,56,629.1675820409165,11.235135393587795,373.9025391060171,0.5942813167409843,59.42813167409843
d-block,Ti-Zn-O,Ti,Zn,O,Ti9Zn2O13_1045652_POSCAR,-0.1783795361061736,7.1249207349,-0.29671184959246,-0.1183323134862863,6.6159978253,12.4686112861,35,local_max_drop,mp-1045652,Ti9Zn2O13,,,,,,,,,,24,240.8031998905554,10.033466662106475,185.2833603141058,0.7694389459870831,76.94389459870831
d-block,Ti-Zn-O,Ti,Zn,O,Ti2ZnO4_1044647_POSCAR,-0.15751764676451,8.423814588,-0.33309825309353,-0.1755806063290199,8.122964067,14.741675529,35,local_max_drop,mp-1044647,Ti2ZnO4,,,,,,,,,,42,467.9491999379233,11.141647617569603,280.4269043295127,0.5992678358392605,59.926783583926046
d-block,Ti-Zn-O,Ti,Zn,O,Ti2ZnO4_1044943_POSCAR,-0.1509329894813315,8.67850984,-0.32821053982303,-0.1772775503416984,8.07999192,14.66368904,35,local_max_drop,mp-1044943,Ti2ZnO4,,,,,,,,,,42,468.36771032128405,11.151612150506763,280.4269043295127,0.5987323595325338,59.87323595325338
d-block,Ti-Zn-O,Ti,Zn,O,Ti4ZnO6_1046715_POSCAR,-0.1503318233198556,7.220847284,-0.2599474531154,-0.1096156297955443,6.962959881,12.636482747,35,local_max_drop,mp-1046715,Ti4ZnO6,,,,,,,,,,22,220.22363781638433,10.010165355290196,166.92181520658548,0.7579650252883378,75.79650252883377
d-block,Ti-Zn-O,Ti,Zn,O,Ti2ZnO4_1379379_POSCAR,-0.1445203630951674,8.8842762508,-0.32728141251891,-0.1827610494237425,7.9652131904,15.0113633203,35,local_max_drop,mp-1379379,Ti2ZnO4,,,,,,,,,,42,474.5209663558431,11.298118246567693,280.4269043295127,0.5909684170187344,59.09684170187344
d-block,Ti-Zn-O,Ti,Zn,O,TiZn2O4_532524_POSCAR,-0.135753829702904,15.0944107785,-0.34737444901387,-0.2116206193109659,12.4919261615,25.5043492465,35,local_max_drop,mp-532524,TiZn2O4,,,,,,,,,,56,628.9803031485192,11.231791127652128,297.493912201824,0.4729781055346938,47.29781055346938
d-block,Ti-Zn-O,Ti,Zn,O,Ti3Zn2O8_29104_POSCAR,-0.1271671387487756,12.1619821695,-0.295061918983,-0.1678947802342243,11.742603474,20.5495560795,35,local_max_drop,mp-29104,Ti3Zn2O8,,,,,,,,,,52,590.0775344244757,11.34764489277838,305.27340039079667,0.5173445565734697,51.73445565734697
d-block,Ti-Zn-O,Ti,Zn,O,Ti2ZnO4_1041628_POSCAR,-0.1242810100037291,4.0921454,-0.26230875214441,-0.1380277421406808,3.94599735,7.16125445,35,local_max_drop,mp-1041628,Ti2ZnO4,,,,,,,,,,28,284.7797969971012,10.170707035610757,186.95126955300842,0.6564765883125881,65.64765883125881
d-block,Ti-Zn-O,Ti,Zn,O,Ti2ZnO4_1366888_POSCAR,-0.1189603337886094,7.30202745,-0.22962856480573,-0.1106682310171205,6.79843935,12.33790845,35,local_max_drop,mp-1366888,Ti2ZnO4,,,,,,,,,,28,312.4477748607884,11.158849102171015,186.95126955300842,0.5983440580951643,59.83440580951643
d-block,Ti-Zn-O,Ti,Zn,O,Ti2ZnO4_1370060_POSCAR,-0.1162752499063876,4.1318648,-0.24688393166931,-0.1306086817629223,3.9842982,7.2307634,35,local_max_drop,mp-1370060,Ti2ZnO4,,,,,,,,,,28,302.7114675939899,10.811123842642496,186.95126955300842,0.6175889900667912,61.75889900667912
d-block,Ti-Zn-O,Ti,Zn,O,Ti3ZnO7_1043918_POSCAR,-0.0952822207131424,8.311161,-0.192841853336,-0.0975596326228576,7.7570836,13.5748963,35,local_max_drop,mp-1043918,Ti3ZnO7,,,,,,,,,,44,587.6664893385622,13.356056575876414,270.0315334128118,0.459497926650099,45.949792665009895
d-block,Ti-Zn-O,Ti,Zn,O,TiZnO2_1385424_POSCAR,-0.0855646307473748,8.5633442249,-0.1565378787113,-0.0709732479639251,7.3400093356,14.9858523936,35,local_max_drop,mp-1385424,TiZnO2,,,,,,,,,,16,186.7479613339927,11.671747583374543,108.68804740806623,0.5820039299582027,58.20039299582027
d-block,Ti-Zn-O,Ti,Zn,O,TiZnO2_1045961_POSCAR,-0.0842643851617652,4.0271193103,-0.1573714122335,-0.0731070270717347,3.4518165517,7.0474587931,35,local_max_drop,mp-1045961,TiZnO2,,,,,,,,,,16,184.90138796324436,11.556336747702773,108.68804740806623,0.5878162874021897,58.78162874021897
d-block,Ti-Zn-O,Ti,Zn,O,Ti2ZnO4_1045412_POSCAR,-0.0720345534268494,7.6546656641,-0.122173747942,-0.0501391945151505,6.334895722,12.9337454324,35,local_max_drop,mp-1045412,Ti2ZnO4,,,,,,,,,,14,154.0112823734971,11.00080588382122,93.47563477650432,0.6069401756542351,60.69401756542351
d-block,Ti-Zn-O,Ti,Zn,O,Ti3Zn2O8_1042495_POSCAR,-0.0678999512263441,8.6519764205,-0.15812329432891,-0.0902233431025659,8.0552883915,14.6188567105,35,local_max_drop,mp-1042495,Ti3Zn2O8,,,,,,,,,,26,294.55916916582777,11.329198814070299,152.6367001953983,0.5181868913728112,51.81868913728111
d-block,Ti-Zn-O,Ti,Zn,O,Ti2ZnO4_1047249_POSCAR,-0.0664297633234065,7.3250089914,-0.12019619752162,-0.0537664341982134,6.5401865995,12.8187657349,35,local_max_drop,mp-1047249,Ti2ZnO4,,,,,,,,,,14,155.931367064289,11.137954790306356,93.47563477650432,0.5994665251537571,59.94665251537571
d-block,Ti-Zn-O,Ti,Zn,O,Ti4ZnO9_1040892_POSCAR,-0.0652040285512176,12.7725795,-0.12693011119911,-0.0617260826478923,11.9210742,20.86187985,35,local_max_drop,mp-1040892,Ti4ZnO9,,,,,,,,,,28,363.77933849344834,12.99211923190887,174.14737777887703,0.4787170665054509,47.871706650545086
d-block,Ti-Zn-O,Ti,Zn,O,Ti2ZnO4_1047325_POSCAR,-0.0618670870880153,7.032896892,-0.13102420275706,-0.0691571156690446,6.781722003,12.307569561,35,local_max_drop,mp-1047325,Ti2ZnO4,,,,,,,,,,14,142.1189133960161,10.151350956858293,93.47563477650432,0.6577283244210664,65.77283244210665
d-block,Ti-Zn-S,Ti,Zn,S,Ti9ZnS16_531696_POSCAR,-0.1661361134571742,19.4878866,-0.35996987180282,-0.1938337583456457,18.79189065,34.10380155,35,local_max_drop,mp-531696,Ti9ZnS16,,,,,,,,,,52,968.8581551443515,18.631887598929836,479.2130811961598,0.49461634672906396,49.4616346729064
d-block,Ti-Zr-O,Ti,Zr,O,Zr5Ti7O24_761840_POSCAR,-0.2675109238076715,21.09376335,-0.48754532754388,-0.2200344037362085,19.63902105,35.64118635,35,local_max_drop,mp-761840,Zr5Ti7O24,,,,,,,,,,72,798.0823438119174,11.084476997387743,522.4994611193745,0.6546936731161552,65.46936731161553
d-block,Ti-Zr-O,Ti,Zr,O,ZrTi2O_752953_POSCAR,-0.1460862140072753,6.66276317,-0.1964932353952,-0.0504070213879246,5.9488956875,11.6598355475,35,local_max_drop,mp-752953,ZrTi2O,,,,,,,,,,8,121.82962905210053,15.228703631512566,115.93625458020489,0.951626098529978,95.1626098529978
d-block,Ti-Zr-O,Ti,Zr,O,Zr5Ti7O24_860957_POSCAR,-0.1271272283849657,8.19411095,-0.23212408117777,-0.1049968527928042,7.62899985,13.84522195,35,local_max_drop,mp-860957,Zr5Ti7O24,,,,,,,,,,36,413.4845809088699,11.485682803024163,261.249730559687,0.63182460150132,63.182460150132
d-block,Ti-Zr-O,Ti,Zr,O,ZrTi2O_27296_POSCAR,-0.125948551330687,6.744858599,-0.17673108666274,-0.050782535332053,5.814533275,11.396485219,35,local_max_drop,mp-27296,ZrTi2O,,,,,,,,,,8,125.82178480239202,15.727723100299002,115.93625458020489,0.9214322842605298,92.14322842605299
d-block,Ti-Zr-O,Ti,Zr,O,ZrTi2O6_757504_POSCAR,-0.1246779091848102,6.8781411704,-0.22705309777821,-0.1023751885933998,6.4037866069,11.6216868052,35,local_max_drop,mp-757504,ZrTi2O6,,,,,,,,,,36,408.7073891499895,11.352983031944154,255.95771773471498,0.6262615370547713,62.62615370547713
d-block,Ti-Zr-O,Ti,Zr,O,ZrTiO4_753891_POSCAR,-0.0819520813196732,7.0336738422,-0.15308356320538,-0.0711314818857067,6.5485928876,11.8844833886,35,local_max_drop,mp-753891,ZrTiO4,,,,,,,,,,24,280.00642024565536,11.666934176902307,177.69449558977263,0.6346086473084354,63.46086473084354
d-block,Ti-Zr-O,Ti,Zr,O,ZrTi2O_1215204_POSCAR,-0.0724993694301322,6.728607074,-0.096983062831276,-0.0244836934011437,6.0076848875,11.7750623795,35,local_max_drop,mp-1215204,ZrTi2O,,,,,,,,,,4,59.25028723865107,14.812571809662767,57.96812729010244,0.9783602745521842,97.83602745521843
d-block,V-Ag-O,V,Ag,O,V18Ag7O48_863411_POSCAR,-0.0859675241685584,12.837278593,-0.23586352786911,-0.1498960037005515,12.0090670708,20.2911822921,35,local_max_drop,mp-863411,V18Ag7O48,,,,,,,,,,73,970.9298576367684,13.300409008722854,417.2393981399891,0.4297317616285328,42.973176162853285
d-block,V-Ag-O,V,Ag,O,V16Ag7O40_1100952_POSCAR,-0.0802054567052291,5.5066467088,-0.24500626409016,-0.1648008073849309,5.1395369282,8.9941896244,35,local_max_drop,mp-1100952,V16Ag7O40,,,,,,,,,,63,806.2398396537765,12.797457772282167,377.6003653996905,0.4683474405852276,46.83474405852276
d-block,V-Ag-O,V,Ag,O,V6AgO15_757033_POSCAR,-0.0635192948890931,11.3430177994,-0.14274081141953,-0.0792215165304368,10.6112101995,17.9292861991,35,local_max_drop,mp-757033,V6AgO15,,,,,,,,,,44,548.306463124887,12.461510525565615,241.6976098010503,0.44080751560646686,44.08075156064669
d-block,V-Cd-O,V,Cd,O,V3CdO7_541360_POSCAR,-0.0714144770558412,8.0657025,-0.17282875970147,-0.1014142826456287,7.527989,13.17398075,35,local_max_drop,mp-541360,V3CdO7,,,,,,,,,,44,599.3869152635551,13.622429892353525,263.7796299908815,0.44008239631807033,44.00823963180704
d-block,V-Cd-O,V,Cd,O,V3CdO7_1179420_POSCAR,-0.0691745413869611,8.077866,-0.1622731968485,-0.0930986554615388,7.5393416,13.1938478,35,local_max_drop,mp-1179420,V3CdO7,,,,,,,,,,44,644.3704761167897,14.644783548108858,263.7796299908815,0.4093602046768394,40.936020467683946
d-block,V-Co-O,V,Co,O,V_CoO2_2_530941_POSCAR,-0.1416933680796391,6.5454380572,-0.5830196214154,-0.4413262533357608,6.0218030127,7.0690731018,35,local_max_drop,mp-530941,V(CoO2)2,,,,,,,,,,84,921.2315450756043,10.967042203281004,438.93392591434616,0.4764642811686647,47.64642811686647
d-block,V-Co-O,V,Co,O,V3CoO8_861494_POSCAR,-0.0817229320213741,12.5184369013,-0.18956260496077,-0.1078396729393958,11.6838744412,20.4467802721,35,local_max_drop,mp-861494,V3CoO8,,,,,,,,,,48,580.3539645939824,12.090707595707967,252.08265116110613,0.4343601776503138,43.43601776503138
d-block,V-Co-O,V,Co,O,V2CoO7_1336251_POSCAR,-0.0605345399591376,23.26011065,-0.19637571842094,-0.1358411784618023,21.75945835,36.76598135,35,local_max_drop,mp-1336251,V2CoO7,,,,,,,,,,80,1067.1605098685395,13.339506373356745,374.51142165018456,0.3509419793807021,35.09419793807021
d-block,V-Co-O,V,Co,O,V2CoO4_2740702_POSCAR,-0.0594651812804498,7.1633740922,-0.11495926728169,-0.0554940860012401,6.1400349361,12.5359046613,35,local_max_drop,mp-2740702,V2CoO4,,,,,,,,,,14,148.84618385102198,10.631870275072998,86.40229284025466,0.5804804033587686,58.04804033587686
d-block,V-Co-O,V,Co,O,V2CoO4_2758056_POSCAR,-0.0592597749319957,7.2619799218,-0.11479593698515,-0.0555361620531542,6.2245542187,12.7084648631,35,local_max_drop,mp-2758056,V2CoO4,,,,,,,,,,14,148.55258294910905,10.610898782079218,86.40229284025466,0.5816276709901048,58.16276709901048
d-block,V-Cr-O,V,Cr,O,VCrO3_770779_POSCAR,-0.1011910172856162,6.7413730597,-0.20519573391464,-0.1040047166290237,6.2598464126,11.7974028545,35,local_max_drop,mp-770779,VCrO3,,,,,,,,,,20,199.00476313878045,9.950238156939022,119.45900200968907,0.6002821245357914,60.028212453579144
d-block,V-Cr-O,V,Cr,O,VCrO3_1101715_POSCAR,-0.0988922614413251,6.7333181049,-0.20237858994969,-0.1034863285083648,6.2523668117,11.7833066836,35,local_max_drop,mp-1101715,VCrO3,,,,,,,,,,20,198.97063798887427,9.948531899443713,119.45900200968907,0.6003850780051717,60.03850780051717
d-block,V-Cr-O,V,Cr,O,VCrO3_757023_POSCAR,-0.0953416245304983,7.0688572289,-0.20048187760932,-0.1051402530788216,6.5639388554,12.3705001506,35,local_max_drop,mp-757023,VCrO3,,,,,,,,,,20,199.08241379414346,9.954120689707173,119.45900200968907,0.6000479888354824,60.00479888354824
d-block,V-Cr-O,V,Cr,O,VCrO3_770778_POSCAR,-0.0952648608980993,6.7815481205,-0.20066937248442,-0.1054045115863206,6.2971518262,11.8677092109,35,local_max_drop,mp-770778,VCrO3,,,,,,,,,,20,199.09235300221061,9.954617650110531,119.45900200968907,0.6000180328792571,60.00180328792572
d-block,V-Cr-O,V,Cr,O,VCrO3_755281_POSCAR,-0.0943958260797321,6.7066267504,-0.1968773605499,-0.1024815344701678,6.2275819826,11.7365968133,35,local_max_drop,mp-755281,VCrO3,,,,,,,,,,20,198.97723297808975,9.948861648904487,119.45900200968907,0.6003651785772055,60.036517857720554
d-block,V-Cr-O,V,Cr,O,VCrO3_770843_POSCAR,-0.0926224327438278,7.0397874761,-0.1942862755971,-0.1016638428532722,6.5369455136,12.3196280833,35,local_max_drop,mp-770843,VCrO3,,,,,,,,,,20,198.9786548667258,9.94893274333629,119.45900200968907,0.6003608884063554,60.036088840635536
d-block,V-Cr-O,V,Cr,O,VCrO3_754036_POSCAR,-0.0915872836494026,6.7169928423,-0.19246660276584,-0.1008793191164373,6.2372076393,11.754737474,35,local_max_drop,mp-754036,VCrO3,,,,,,,,,,20,198.72935489286684,9.936467744643341,119.45900200968907,0.6011140230092747,60.11140230092747
d-block,V-Cr-O,V,Cr,O,VCrO3_770849_POSCAR,-0.0915103807242193,6.7683038671,-0.19320917883649,-0.1016987981122706,6.2848535908,11.8445317674,35,local_max_drop,mp-770849,VCrO3,,,,,,,,,,20,198.97637083503733,9.948818541751866,119.45900200968907,0.6003677798944647,60.03677798944646
d-block,V-Cr-O,V,Cr,O,VCrO3_753988_POSCAR,-0.0900754106780168,7.0430863941,-0.19160237944595,-0.1015269687679331,6.5400087945,12.3254011896,35,local_max_drop,mp-753988,VCrO3,,,,,,,,,,20,199.0053115425801,9.950265577129006,119.45900200968907,0.600280470323673,60.028047032367304
d-block,V-Cr-O,V,Cr,O,VCrO3_770855_POSCAR,-0.0889494612114324,7.2939049249,-0.1925091562371,-0.1035596950256675,6.772911716,12.7643336186,35,local_max_drop,mp-770855,VCrO3,,,,,,,,,,20,198.9488665806573,9.947443329032865,119.45900200968907,0.6004507794532136,60.04507794532136
d-block,V-Cr-O,V,Cr,O,VCrO3_1376270_POSCAR,-0.0781743490559923,7.6593927976,-0.15865148472176,-0.0804771356657676,6.8934535178,12.5103415694,35,local_max_drop,mp-1376270,VCrO3,,,,,,,,,,20,209.6349192051293,10.481745960256465,119.45900200968907,0.5698430512561582,56.98430512561582
d-block,V-Cr-O,V,Cr,O,VCrO3_1374293_POSCAR,-0.0767453582650421,7.6799321805,-0.15752719497556,-0.0807818367105179,6.9119389624,12.5438892281,35,local_max_drop,mp-1374293,VCrO3,,,,,,,,,,20,210.95516888629197,10.5477584443146,119.45900200968907,0.5662767242933937,56.62767242933937
d-block,V-Cr-O,V,Cr,O,VCr2O4_1314508_POSCAR,-0.0753121939444584,7.1401527226,-0.15215562860894,-0.0768434346644815,6.6112525209,12.958054941,35,local_max_drop,mp-1314508,VCr2O4,,,,,,,,,,14,158.54699906419953,11.324785647442823,84.63701098425152,0.533829157813198,53.382915781319795
d-block,V-Cr-O,V,Cr,O,V16CrO41_849774_POSCAR,-0.0708473213611634,18.05722255,-0.15347817028551,-0.0826308489243465,16.89224045,28.54206145,35,local_max_drop,mp-849774,V16CrO41,,,,,,,,,,58,788.0955247417975,13.587853874858578,300.66376662292555,0.38150675544240853,38.150675544240855
d-block,V-Cr-O,V,Cr,O,VCr2O4_754077_POSCAR,-0.0706249672941974,7.0808151982,-0.14914020574765,-0.0785152384534526,6.5563103687,12.8503683226,35,local_max_drop,mp-754077,VCr2O4,,,,,,,,,,14,157.08748308079706,11.220534505771218,84.63701098425152,0.5387890194963462,53.87890194963462
d-block,V-Cr-O,V,Cr,O,VCrO3_1375284_POSCAR,-0.0679632826236339,7.6771442026,-0.14961361238791,-0.081650329764276,6.9094297823,12.5393355309,35,local_max_drop,mp-1375284,VCrO3,,,,,,,,,,20,209.94192051374907,10.497096025687453,119.45900200968907,0.569009760972753,56.900976097275304
d-block,V-Cr-O,V,Cr,O,VCrO3_1370790_POSCAR,-0.0670973590712137,7.6458605533,-0.14719536204325,-0.0800980029720363,6.8812744979,12.4882389037,35,local_max_drop,mp-1370790,VCrO3,,,,,,,,,,20,209.8286352606091,10.491431763030455,119.45900200968907,0.5693169660152433,56.93169660152433
d-block,V-Cr-O,V,Cr,O,VCrO3_1373421_POSCAR,-0.0669668628864317,7.690488932,-0.14958132240287,-0.0826144595164382,6.9214400388,12.5611319222,35,local_max_drop,mp-1373421,VCrO3,,,,,,,,,,20,210.116756360807,10.50583781804035,119.45900200968907,0.5685362941952007,56.85362941952007
d-block,V-Cr-O,V,Cr,O,VCrO3_1337287_POSCAR,-0.0662412658424803,7.6639046118,-0.14916284807392,-0.0829215822314396,6.8975141507,12.517710866,35,local_max_drop,mp-1337287,VCrO3,,,,,,,,,,20,210.7371723808837,10.536858619044185,119.45900200968907,0.566862507739168,56.686250773916804
d-block,V-Cr-O,V,Cr,O,VCr2O4_1306534_POSCAR,-0.0578599040368801,7.1635404059,-0.14177235015494,-0.0839124461180598,6.6329077833,13.0004992552,35,local_max_drop,mp-1306534,VCr2O4,,,,,,,,,,14,160.64760750347602,11.474829107391145,84.63701098425152,0.5268488731300911,52.68488731300911
d-block,V-Cr-O,V,Cr,O,VCrO3_1216392_POSCAR,-0.0546364587563965,6.0984341158,-0.10947904944271,-0.0548425906863134,5.662831679,10.6722597027,35,local_max_drop,mp-1216392,VCrO3,,,,,,,,,,10,99.69750006059135,9.969750006059135,59.72950100484449,0.5991073092960583,59.910730929605826
d-block,V-Cr-S,V,Cr,S,V_Cr7S10_2_1216997_POSCAR,-0.097098187370319,8.8334128544,-0.30405224829065,-0.2069540609203309,8.1790859763,16.0310085135,35,local_max_drop,mp-1216997,V(Cr7S10)2,,,,,,,,,,35,591.4098714445931,16.897424898416947,269.47636372544,0.4556507707035901,45.56507707035901
d-block,V-Cr-S,V,Cr,S,V4_CrS2_5_1217039_POSCAR,-0.0918566143322968,7.6783665592,-0.21272225907771,-0.1208656447454131,7.129911805,13.4371414786,35,local_max_drop,mp-1217039,V4(CrS2)5,,,,,,,,,,19,286.31005115527853,15.068950060804132,164.7478540342524,0.5754176403150527,57.541764031505274
d-block,V-Cu-O,V,Cu,O,V30Cu34O95_1217808_POSCAR,-0.2212687401050554,17.3061854607,-0.71576977338862,-0.4945010332835645,16.1524397633,28.2667695858,35,local_max_drop,mp-1217808,V30Cu34O95,,,,,,,,,,159,1760.338262833396,11.071309829140855,892.0378169971555,0.5067422755222931,50.67422755222931
d-block,V-Cu-O,V,Cu,O,V18Cu20O57_863399_POSCAR,-0.1307653326760318,11.767110815,-0.42341934641759,-0.2926540137415581,10.9826367607,19.2196143312,35,local_max_drop,mp-863399,V18Cu20O57,,,,,,,,,,95,1050.367637436329,11.0565014466982,531.3690568264013,0.5058886411650433,50.588864116504325
d-block,V-Cu-O,V,Cu,O,V12Cu2O29_772965_POSCAR,-0.1206216695574052,11.0055076969,-0.28332807665614,-0.1627064070987348,10.2718071838,17.9756625716,35,local_max_drop,mp-772965,V12Cu2O29,,,,,,,,,,86,1071.7360262348782,12.46204681668463,468.44283031129095,0.4370878825049673,43.708788250496724
d-block,V-Cu-O,V,Cu,O,V8CuO20_773059_POSCAR,-0.1195755976376258,14.6791966952,-0.26391581786903,-0.1443402202314041,13.7321517471,23.2026012279,35,local_max_drop,mp-773059,V8CuO20,,,,,,,,,,87,1117.609262472838,12.846083476699288,461.21726773899934,0.41268203765464817,41.26820376546482
d-block,V-Cu-O,V,Cu,O,V3CuO8_775644_POSCAR,-0.0854676178482357,12.410643,-0.18566950119703,-0.1002018833487942,11.5832668,20.2707169,35,local_max_drop,mp-775644,V3CuO8,,,,,,,,,,48,566.3815164497398,11.799614926036247,257.10236330123564,0.4539384775704464,45.39384775704464
d-block,V-Cu-O,V,Cu,O,V16_CuO8_5_758314_POSCAR,-0.0826261767467309,17.7759921,-0.19636363403547,-0.113737457288739,16.6291539,28.0975359,35,local_max_drop,mp-758314,V16(CuO8)5,,,,,,,,,,61,768.8767988555996,12.604537686157371,336.38042878183273,0.4374958761696323,43.74958761696323
d-block,V-Cu-O,V,Cu,O,V4Cu3O10_1958773_POSCAR,-0.0695679895576519,15.8854271461,-0.16463782028692,-0.095069830729268,14.7898804463,26.8408941434,35,local_max_drop,mp-1958773,V4Cu3O10,,,,,,,,,,34,404.6886913810306,11.902608570030312,201.9095063949439,0.4989254967958519,49.892549679585194
d-block,V-Cu-O,V,Cu,O,V6CuO15_758210_POSCAR,-0.0587802545622604,11.4285126322,-0.13649024675419,-0.0777099921919295,10.6911892366,18.0644231928,35,local_max_drop,mp-758210,V6CuO15,,,,,,,,,,44,558.0143070047412,12.682143341016847,235.42567558436082,0.42189899547210086,42.18989954721009
d-block,V-Cu-O,V,Cu,O,V6CuO15_1216902_POSCAR,-0.0578056112861124,11.4266263475,-0.13573822782593,-0.0779326165398175,10.6894246476,18.061441646,35,local_max_drop,mp-1216902,V6CuO15,,,,,,,,,,44,562.761666355433,12.790037871714388,235.42567558436082,0.4183399290662932,41.83399290662932
